detalle_id,venta_id,producto_id,cantidad,precio_unitario,subtotal
1,1,1,1,1137.25,1137.25
2,2,2,2,1274.50,2549.00
3,3,3,3,1411.75,4235.25
4,4,4,4,1549.00,6196.00
5,5,5,1,1686.25,1686.25
6,6,6,2,1823.50,3647.00
7,7,7,3,1960.75,5882.25
8,8,8,4,2098.00,8392.00
9,9,9,1,2235.25,2235.25
10,10,10,2,2372.50,4745.00
11,11,11,3,2509.75,7529.25
12,12,12,4,2647.00,10588.00
13,13,13,1,2784.25,2784.25
14,14,14,2,2921.50,5843.00
15,15,15,3,3058.75,9176.25
16,16,16,4,3196.00,12784.00
17,17,17,1,3333.25,3333.25
18,18,18,2,3470.50,6941.00
19,19,19,3,3607.75,10823.25
20,20,20,4,3745.00,14980.00
21,21,21,1,3882.25,3882.25
22,22,22,2,4019.50,8039.00
23,23,23,3,4156.75,12470.25
24,24,24,4,4294.00,17176.00
25,25,25,1,4431.25,4431.25
26,26,26,2,4568.50,9137.00
27,27,27,3,4705.75,14117.25
28,28,28,4,4843.00,19372.00
29,29,29,1,4980.25,4980.25
30,30,30,2,5117.50,10235.00
31,31,31,3,5254.75,15764.25
32,32,32,4,5392.00,21568.00
33,33,33,1,5529.25,5529.25
34,34,34,2,5666.50,11333.00
35,35,35,3,5803.75,17411.25
36,36,36,4,5941.00,23764.00
37,37,37,1,6078.25,6078.25
38,38,38,2,6215.50,12431.00
39,39,39,3,6352.75,19058.25
40,40,40,4,6490.00,25960.00
41,41,41,1,6627.25,6627.25
42,42,42,2,6764.50,13529.00
43,43,43,3,6901.75,20705.25
44,44,44,4,7039.00,28156.00
45,45,45,1,7176.25,7176.25
46,46,46,2,7313.50,14627.00
47,47,47,3,7450.75,22352.25
48,48,48,4,7588.00,30352.00
49,49,49,1,7725.25,7725.25
50,50,50,2,7862.50,15725.00
51,51,51,3,7999.75,23999.25
52,52,52,4,8137.00,32548.00
53,53,53,1,8274.25,8274.25
54,54,54,2,8411.50,16823.00
55,55,55,3,8548.75,25646.25
56,56,56,4,8686.00,34744.00
57,57,57,1,8823.25,8823.25
58,58,58,2,8960.50,17921.00
59,59,59,3,9097.75,27293.25
60,60,60,4,9235.00,36940.00
61,61,61,1,9372.25,9372.25
62,62,62,2,9509.50,19019.00
63,63,63,3,9646.75,28940.25
64,64,64,4,9784.00,39136.00
65,65,65,1,9921.25,9921.25
66,66,66,2,10058.50,20117.00
67,67,67,3,10195.75,30587.25
68,68,68,4,10333.00,41332.00
69,69,69,1,10470.25,10470.25
70,70,70,2,10607.50,21215.00
71,71,71,3,10744.75,32234.25
72,72,72,4,10882.00,43528.00
73,73,73,1,11019.25,11019.25
74,74,74,2,11156.50,22313.00
75,75,75,3,11293.75,33881.25
76,76,76,4,11431.00,45724.00
77,77,77,1,11568.25,11568.25
78,78,78,2,11705.50,23411.00
79,79,79,3,11842.75,35528.25
80,80,80,4,11980.00,47920.00
81,81,81,1,12117.25,12117.25
82,82,82,2,12254.50,24509.00
83,83,83,3,12391.75,37175.25
84,84,84,4,12529.00,50116.00
85,85,85,1,12666.25,12666.25
86,86,86,2,12803.50,25607.00
87,87,87,3,12940.75,38822.25
88,88,88,4,13078.00,52312.00
89,89,89,1,13215.25,13215.25
90,90,90,2,13352.50,26705.00
91,91,91,3,13489.75,40469.25
92,92,92,4,13627.00,54508.00
93,93,93,1,13764.25,13764.25
94,94,94,2,13901.50,27803.00
95,95,95,3,14038.75,42116.25
96,96,96,4,14176.00,56704.00
97,97,97,1,14313.25,14313.25
98,98,98,2,14450.50,28901.00
99,99,99,3,14587.75,43763.25
100,100,100,4,14725.00,58900.00
101,101,1,1,1137.25,1137.25
102,102,2,2,1274.50,2549.00
103,103,3,3,1411.75,4235.25
104,104,4,4,1549.00,6196.00
105,105,5,1,1686.25,1686.25
106,106,6,2,1823.50,3647.00
107,107,7,3,1960.75,5882.25
108,108,8,4,2098.00,8392.00
109,109,9,1,2235.25,2235.25
110,110,10,2,2372.50,4745.00
111,111,11,3,2509.75,7529.25
112,112,12,4,2647.00,10588.00
113,113,13,1,2784.25,2784.25
114,114,14,2,2921.50,5843.00
115,115,15,3,3058.75,9176.25
116,116,16,4,3196.00,12784.00
117,117,17,1,3333.25,3333.25
118,118,18,2,3470.50,6941.00
119,119,19,3,3607.75,10823.25
120,120,20,4,3745.00,14980.00
121,121,21,1,3882.25,3882.25
122,122,22,2,4019.50,8039.00
123,123,23,3,4156.75,12470.25
124,124,24,4,4294.00,17176.00
125,125,25,1,4431.25,4431.25
126,126,26,2,4568.50,9137.00
127,127,27,3,4705.75,14117.25
128,128,28,4,4843.00,19372.00
129,129,29,1,4980.25,4980.25
130,130,30,2,5117.50,10235.00
131,131,31,3,5254.75,15764.25
132,132,32,4,5392.00,21568.00
133,133,33,1,5529.25,5529.25
134,134,34,2,5666.50,11333.00
135,135,35,3,5803.75,17411.25
136,136,36,4,5941.00,23764.00
137,137,37,1,6078.25,6078.25
138,138,38,2,6215.50,12431.00
139,139,39,3,6352.75,19058.25
140,140,40,4,6490.00,25960.00
141,141,41,1,6627.25,6627.25
142,142,42,2,6764.50,13529.00
143,143,43,3,6901.75,20705.25
144,144,44,4,7039.00,28156.00
145,145,45,1,7176.25,7176.25
146,146,46,2,7313.50,14627.00
147,147,47,3,7450.75,22352.25
148,148,48,4,7588.00,30352.00
149,149,49,1,7725.25,7725.25
150,150,50,2,7862.50,15725.00
151,151,51,3,7999.75,23999.25
152,152,52,4,8137.00,32548.00
153,153,53,1,8274.25,8274.25
154,154,54,2,8411.50,16823.00
155,155,55,3,8548.75,25646.25
156,156,56,4,8686.00,34744.00
157,157,57,1,8823.25,8823.25
158,158,58,2,8960.50,17921.00
159,159,59,3,9097.75,27293.25
160,160,60,4,9235.00,36940.00
161,161,61,1,9372.25,9372.25
162,162,62,2,9509.50,19019.00
163,163,63,3,9646.75,28940.25
164,164,64,4,9784.00,39136.00
165,165,65,1,9921.25,9921.25
166,166,66,2,10058.50,20117.00
167,167,67,3,10195.75,30587.25
168,168,68,4,10333.00,41332.00
169,169,69,1,10470.25,10470.25
170,170,70,2,10607.50,21215.00
171,171,71,3,10744.75,32234.25
172,172,72,4,10882.00,43528.00
173,173,73,1,11019.25,11019.25
174,174,74,2,11156.50,22313.00
175,175,75,3,11293.75,33881.25
176,176,76,4,11431.00,45724.00
177,177,77,1,11568.25,11568.25
178,178,78,2,11705.50,23411.00
179,179,79,3,11842.75,35528.25
180,180,80,4,11980.00,47920.00
181,181,81,1,12117.25,12117.25
182,182,82,2,12254.50,24509.00
183,183,83,3,12391.75,37175.25
184,184,84,4,12529.00,50116.00
185,185,85,1,12666.25,12666.25
186,186,86,2,12803.50,25607.00
187,187,87,3,12940.75,38822.25
188,188,88,4,13078.00,52312.00
189,189,89,1,13215.25,13215.25
190,190,90,2,13352.50,26705.00
191,191,91,3,13489.75,40469.25
192,192,92,4,13627.00,54508.00
193,193,93,1,13764.25,13764.25
194,194,94,2,13901.50,27803.00
195,195,95,3,14038.75,42116.25
196,196,96,4,14176.00,56704.00
197,197,97,1,14313.25,14313.25
198,198,98,2,14450.50,28901.00
199,199,99,3,14587.75,43763.25
200,200,100,4,14725.00,58900.00
201,201,1,1,1137.25,1137.25
202,202,2,2,1274.50,2549.00
203,203,3,3,1411.75,4235.25
204,204,4,4,1549.00,6196.00
205,205,5,1,1686.25,1686.25
206,206,6,2,1823.50,3647.00
207,207,7,3,1960.75,5882.25
208,208,8,4,2098.00,8392.00
209,209,9,1,2235.25,2235.25
210,210,10,2,2372.50,4745.00
211,211,11,3,2509.75,7529.25
212,212,12,4,2647.00,10588.00
213,213,13,1,2784.25,2784.25
214,214,14,2,2921.50,5843.00
215,215,15,3,3058.75,9176.25
216,216,16,4,3196.00,12784.00
217,217,17,1,3333.25,3333.25
218,218,18,2,3470.50,6941.00
219,219,19,3,3607.75,10823.25
220,220,20,4,3745.00,14980.00
221,221,21,1,3882.25,3882.25
222,222,22,2,4019.50,8039.00
223,223,23,3,4156.75,12470.25
224,224,24,4,4294.00,17176.00
225,225,25,1,4431.25,4431.25
226,226,26,2,4568.50,9137.00
227,227,27,3,4705.75,14117.25
228,228,28,4,4843.00,19372.00
229,229,29,1,4980.25,4980.25
230,230,30,2,5117.50,10235.00
231,231,31,3,5254.75,15764.25
232,232,32,4,5392.00,21568.00
233,233,33,1,5529.25,5529.25
234,234,34,2,5666.50,11333.00
235,235,35,3,5803.75,17411.25
236,236,36,4,5941.00,23764.00
237,237,37,1,6078.25,6078.25
238,238,38,2,6215.50,12431.00
239,239,39,3,6352.75,19058.25
240,240,40,4,6490.00,25960.00
241,241,41,1,6627.25,6627.25
242,242,42,2,6764.50,13529.00
243,243,43,3,6901.75,20705.25
244,244,44,4,7039.00,28156.00
245,245,45,1,7176.25,7176.25
246,246,46,2,7313.50,14627.00
247,247,47,3,7450.75,22352.25
248,248,48,4,7588.00,30352.00
249,249,49,1,7725.25,7725.25
250,250,50,2,7862.50,15725.00
251,251,51,3,7999.75,23999.25
252,252,52,4,8137.00,32548.00
253,253,53,1,8274.25,8274.25
254,254,54,2,8411.50,16823.00
255,255,55,3,8548.75,25646.25
256,256,56,4,8686.00,34744.00
257,257,57,1,8823.25,8823.25
258,258,58,2,8960.50,17921.00
259,259,59,3,9097.75,27293.25
260,260,60,4,9235.00,36940.00
261,261,61,1,9372.25,9372.25
262,262,62,2,9509.50,19019.00
263,263,63,3,9646.75,28940.25
264,264,64,4,9784.00,39136.00
265,265,65,1,9921.25,9921.25
266,266,66,2,10058.50,20117.00
267,267,67,3,10195.75,30587.25
268,268,68,4,10333.00,41332.00
269,269,69,1,10470.25,10470.25
270,270,70,2,10607.50,21215.00
271,271,71,3,10744.75,32234.25
272,272,72,4,10882.00,43528.00
273,273,73,1,11019.25,11019.25
274,274,74,2,11156.50,22313.00
275,275,75,3,11293.75,33881.25
276,276,76,4,11431.00,45724.00
277,277,77,1,11568.25,11568.25
278,278,78,2,11705.50,23411.00
279,279,79,3,11842.75,35528.25
280,280,80,4,11980.00,47920.00
281,281,81,1,12117.25,12117.25
282,282,82,2,12254.50,24509.00
283,283,83,3,12391.75,37175.25
284,284,84,4,12529.00,50116.00
285,285,85,1,12666.25,12666.25
286,286,86,2,12803.50,25607.00
287,287,87,3,12940.75,38822.25
288,288,88,4,13078.00,52312.00
289,289,89,1,13215.25,13215.25
290,290,90,2,13352.50,26705.00
291,291,91,3,13489.75,40469.25
292,292,92,4,13627.00,54508.00
293,293,93,1,13764.25,13764.25
294,294,94,2,13901.50,27803.00
295,295,95,3,14038.75,42116.25
296,296,96,4,14176.00,56704.00
297,297,97,1,14313.25,14313.25
298,298,98,2,14450.50,28901.00
299,299,99,3,14587.75,43763.25
300,300,100,4,14725.00,58900.00
301,301,1,1,1137.25,1137.25
302,302,2,2,1274.50,2549.00
303,303,3,3,1411.75,4235.25
304,304,4,4,1549.00,6196.00
305,305,5,1,1686.25,1686.25
306,306,6,2,1823.50,3647.00
307,307,7,3,1960.75,5882.25
308,308,8,4,2098.00,8392.00
309,309,9,1,2235.25,2235.25
310,310,10,2,2372.50,4745.00
311,311,11,3,2509.75,7529.25
312,312,12,4,2647.00,10588.00
313,313,13,1,2784.25,2784.25
314,314,14,2,2921.50,5843.00
315,315,15,3,3058.75,9176.25
316,316,16,4,3196.00,12784.00
317,317,17,1,3333.25,3333.25
318,318,18,2,3470.50,6941.00
319,319,19,3,3607.75,10823.25
320,320,20,4,3745.00,14980.00
321,321,21,1,3882.25,3882.25
322,322,22,2,4019.50,8039.00
323,323,23,3,4156.75,12470.25
324,324,24,4,4294.00,17176.00
325,325,25,1,4431.25,4431.25
326,326,26,2,4568.50,9137.00
327,327,27,3,4705.75,14117.25
328,328,28,4,4843.00,19372.00
329,329,29,1,4980.25,4980.25
330,330,30,2,5117.50,10235.00
331,331,31,3,5254.75,15764.25
332,332,32,4,5392.00,21568.00
333,333,33,1,5529.25,5529.25
334,334,34,2,5666.50,11333.00
335,335,35,3,5803.75,17411.25
336,336,36,4,5941.00,23764.00
337,337,37,1,6078.25,6078.25
338,338,38,2,6215.50,12431.00
339,339,39,3,6352.75,19058.25
340,340,40,4,6490.00,25960.00
341,341,41,1,6627.25,6627.25
342,342,42,2,6764.50,13529.00
343,343,43,3,6901.75,20705.25
344,344,44,4,7039.00,28156.00
345,345,45,1,7176.25,7176.25
346,346,46,2,7313.50,14627.00
347,347,47,3,7450.75,22352.25
348,348,48,4,7588.00,30352.00
349,349,49,1,7725.25,7725.25
350,350,50,2,7862.50,15725.00
351,351,51,3,7999.75,23999.25
352,352,52,4,8137.00,32548.00
353,353,53,1,8274.25,8274.25
354,354,54,2,8411.50,16823.00
355,355,55,3,8548.75,25646.25
356,356,56,4,8686.00,34744.00
357,357,57,1,8823.25,8823.25
358,358,58,2,8960.50,17921.00
359,359,59,3,9097.75,27293.25
360,360,60,4,9235.00,36940.00
361,361,61,1,9372.25,9372.25
362,362,62,2,9509.50,19019.00
363,363,63,3,9646.75,28940.25
364,364,64,4,9784.00,39136.00
365,365,65,1,9921.25,9921.25
366,366,66,2,10058.50,20117.00
367,367,67,3,10195.75,30587.25
368,368,68,4,10333.00,41332.00
369,369,69,1,10470.25,10470.25
370,370,70,2,10607.50,21215.00
371,371,71,3,10744.75,32234.25
372,372,72,4,10882.00,43528.00
373,373,73,1,11019.25,11019.25
374,374,74,2,11156.50,22313.00
375,375,75,3,11293.75,33881.25
376,376,76,4,11431.00,45724.00
377,377,77,1,11568.25,11568.25
378,378,78,2,11705.50,23411.00
379,379,79,3,11842.75,35528.25
380,380,80,4,11980.00,47920.00
381,381,81,1,12117.25,12117.25
382,382,82,2,12254.50,24509.00
383,383,83,3,12391.75,37175.25
384,384,84,4,12529.00,50116.00
385,385,85,1,12666.25,12666.25
386,386,86,2,12803.50,25607.00
387,387,87,3,12940.75,38822.25
388,388,88,4,13078.00,52312.00
389,389,89,1,13215.25,13215.25
390,390,90,2,13352.50,26705.00
391,391,91,3,13489.75,40469.25
392,392,92,4,13627.00,54508.00
393,393,93,1,13764.25,13764.25
394,394,94,2,13901.50,27803.00
395,395,95,3,14038.75,42116.25
396,396,96,4,14176.00,56704.00
397,397,97,1,14313.25,14313.25
398,398,98,2,14450.50,28901.00
399,399,99,3,14587.75,43763.25
400,400,100,4,14725.00,58900.00
401,401,1,1,1137.25,1137.25
402,402,2,2,1274.50,2549.00
403,403,3,3,1411.75,4235.25
404,404,4,4,1549.00,6196.00
405,405,5,1,1686.25,1686.25
406,406,6,2,1823.50,3647.00
407,407,7,3,1960.75,5882.25
408,408,8,4,2098.00,8392.00
409,409,9,1,2235.25,2235.25
410,410,10,2,2372.50,4745.00
411,411,11,3,2509.75,7529.25
412,412,12,4,2647.00,10588.00
413,413,13,1,2784.25,2784.25
414,414,14,2,2921.50,5843.00
415,415,15,3,3058.75,9176.25
416,416,16,4,3196.00,12784.00
417,417,17,1,3333.25,3333.25
418,418,18,2,3470.50,6941.00
419,419,19,3,3607.75,10823.25
420,420,20,4,3745.00,14980.00
421,421,21,1,3882.25,3882.25
422,422,22,2,4019.50,8039.00
423,423,23,3,4156.75,12470.25
424,424,24,4,4294.00,17176.00
425,425,25,1,4431.25,4431.25
426,426,26,2,4568.50,9137.00
427,427,27,3,4705.75,14117.25
428,428,28,4,4843.00,19372.00
429,429,29,1,4980.25,4980.25
430,430,30,2,5117.50,10235.00
431,431,31,3,5254.75,15764.25
432,432,32,4,5392.00,21568.00
433,433,33,1,5529.25,5529.25
434,434,34,2,5666.50,11333.00
435,435,35,3,5803.75,17411.25
436,436,36,4,5941.00,23764.00
437,437,37,1,6078.25,6078.25
438,438,38,2,6215.50,12431.00
439,439,39,3,6352.75,19058.25
440,440,40,4,6490.00,25960.00
441,441,41,1,6627.25,6627.25
442,442,42,2,6764.50,13529.00
443,443,43,3,6901.75,20705.25
444,444,44,4,7039.00,28156.00
445,445,45,1,7176.25,7176.25
446,446,46,2,7313.50,14627.00
447,447,47,3,7450.75,22352.25
448,448,48,4,7588.00,30352.00
449,449,49,1,7725.25,7725.25
450,450,50,2,7862.50,15725.00
451,451,51,3,7999.75,23999.25
452,452,52,4,8137.00,32548.00
453,453,53,1,8274.25,8274.25
454,454,54,2,8411.50,16823.00
455,455,55,3,8548.75,25646.25
456,456,56,4,8686.00,34744.00
457,457,57,1,8823.25,8823.25
458,458,58,2,8960.50,17921.00
459,459,59,3,9097.75,27293.25
460,460,60,4,9235.00,36940.00
461,461,61,1,9372.25,9372.25
462,462,62,2,9509.50,19019.00
463,463,63,3,9646.75,28940.25
464,464,64,4,9784.00,39136.00
465,465,65,1,9921.25,9921.25
466,466,66,2,10058.50,20117.00
467,467,67,3,10195.75,30587.25
468,468,68,4,10333.00,41332.00
469,469,69,1,10470.25,10470.25
470,470,70,2,10607.50,21215.00
471,471,71,3,10744.75,32234.25
472,472,72,4,10882.00,43528.00
473,473,73,1,11019.25,11019.25
474,474,74,2,11156.50,22313.00
475,475,75,3,11293.75,33881.25
476,476,76,4,11431.00,45724.00
477,477,77,1,11568.25,11568.25
478,478,78,2,11705.50,23411.00
479,479,79,3,11842.75,35528.25
480,480,80,4,11980.00,47920.00
481,481,81,1,12117.25,12117.25
482,482,82,2,12254.50,24509.00
483,483,83,3,12391.75,37175.25
484,484,84,4,12529.00,50116.00
485,485,85,1,12666.25,12666.25
486,486,86,2,12803.50,25607.00
487,487,87,3,12940.75,38822.25
488,488,88,4,13078.00,52312.00
489,489,89,1,13215.25,13215.25
490,490,90,2,13352.50,26705.00
491,491,91,3,13489.75,40469.25
492,492,92,4,13627.00,54508.00
493,493,93,1,13764.25,13764.25
494,494,94,2,13901.50,27803.00
495,495,95,3,14038.75,42116.25
496,496,96,4,14176.00,56704.00
497,497,97,1,14313.25,14313.25
498,498,98,2,14450.50,28901.00
499,499,99,3,14587.75,43763.25
500,500,100,4,14725.00,58900.00
501,501,1,1,1137.25,1137.25
502,502,2,2,1274.50,2549.00
503,503,3,3,1411.75,4235.25
504,504,4,4,1549.00,6196.00
505,505,5,1,1686.25,1686.25
506,506,6,2,1823.50,3647.00
507,507,7,3,1960.75,5882.25
508,508,8,4,2098.00,8392.00
509,509,9,1,2235.25,2235.25
510,510,10,2,2372.50,4745.00
511,511,11,3,2509.75,7529.25
512,512,12,4,2647.00,10588.00
513,513,13,1,2784.25,2784.25
514,514,14,2,2921.50,5843.00
515,515,15,3,3058.75,9176.25
516,516,16,4,3196.00,12784.00
517,517,17,1,3333.25,3333.25
518,518,18,2,3470.50,6941.00
519,519,19,3,3607.75,10823.25
520,520,20,4,3745.00,14980.00
521,521,21,1,3882.25,3882.25
522,522,22,2,4019.50,8039.00
523,523,23,3,4156.75,12470.25
524,524,24,4,4294.00,17176.00
525,525,25,1,4431.25,4431.25
526,526,26,2,4568.50,9137.00
527,527,27,3,4705.75,14117.25
528,528,28,4,4843.00,19372.00
529,529,29,1,4980.25,4980.25
530,530,30,2,5117.50,10235.00
531,531,31,3,5254.75,15764.25
532,532,32,4,5392.00,21568.00
533,533,33,1,5529.25,5529.25
534,534,34,2,5666.50,11333.00
535,535,35,3,5803.75,17411.25
536,536,36,4,5941.00,23764.00
537,537,37,1,6078.25,6078.25
538,538,38,2,6215.50,12431.00
539,539,39,3,6352.75,19058.25
540,540,40,4,6490.00,25960.00
541,541,41,1,6627.25,6627.25
542,542,42,2,6764.50,13529.00
543,543,43,3,6901.75,20705.25
544,544,44,4,7039.00,28156.00
545,545,45,1,7176.25,7176.25
546,546,46,2,7313.50,14627.00
547,547,47,3,7450.75,22352.25
548,548,48,4,7588.00,30352.00
549,549,49,1,7725.25,7725.25
550,550,50,2,7862.50,15725.00
551,551,51,3,7999.75,23999.25
552,552,52,4,8137.00,32548.00
553,553,53,1,8274.25,8274.25
554,554,54,2,8411.50,16823.00
555,555,55,3,8548.75,25646.25
556,556,56,4,8686.00,34744.00
557,557,57,1,8823.25,8823.25
558,558,58,2,8960.50,17921.00
559,559,59,3,9097.75,27293.25
560,560,60,4,9235.00,36940.00
561,561,61,1,9372.25,9372.25
562,562,62,2,9509.50,19019.00
563,563,63,3,9646.75,28940.25
564,564,64,4,9784.00,39136.00
565,565,65,1,9921.25,9921.25
566,566,66,2,10058.50,20117.00
567,567,67,3,10195.75,30587.25
568,568,68,4,10333.00,41332.00
569,569,69,1,10470.25,10470.25
570,570,70,2,10607.50,21215.00
571,571,71,3,10744.75,32234.25
572,572,72,4,10882.00,43528.00
573,573,73,1,11019.25,11019.25
574,574,74,2,11156.50,22313.00
575,575,75,3,11293.75,33881.25
576,576,76,4,11431.00,45724.00
577,577,77,1,11568.25,11568.25
578,578,78,2,11705.50,23411.00
579,579,79,3,11842.75,35528.25
580,580,80,4,11980.00,47920.00
581,581,81,1,12117.25,12117.25
582,582,82,2,12254.50,24509.00
583,583,83,3,12391.75,37175.25
584,584,84,4,12529.00,50116.00
585,585,85,1,12666.25,12666.25
586,586,86,2,12803.50,25607.00
587,587,87,3,12940.75,38822.25
588,588,88,4,13078.00,52312.00
589,589,89,1,13215.25,13215.25
590,590,90,2,13352.50,26705.00
591,591,91,3,13489.75,40469.25
592,592,92,4,13627.00,54508.00
593,593,93,1,13764.25,13764.25
594,594,94,2,13901.50,27803.00
595,595,95,3,14038.75,42116.25
596,596,96,4,14176.00,56704.00
597,597,97,1,14313.25,14313.25
598,598,98,2,14450.50,28901.00
599,599,99,3,14587.75,43763.25
600,600,100,4,14725.00,58900.00
601,601,1,1,1137.25,1137.25
602,602,2,2,1274.50,2549.00
603,603,3,3,1411.75,4235.25
604,604,4,4,1549.00,6196.00
605,605,5,1,1686.25,1686.25
606,606,6,2,1823.50,3647.00
607,607,7,3,1960.75,5882.25
608,608,8,4,2098.00,8392.00
609,609,9,1,2235.25,2235.25
610,610,10,2,2372.50,4745.00
611,611,11,3,2509.75,7529.25
612,612,12,4,2647.00,10588.00
613,613,13,1,2784.25,2784.25
614,614,14,2,2921.50,5843.00
615,615,15,3,3058.75,9176.25
616,616,16,4,3196.00,12784.00
617,617,17,1,3333.25,3333.25
618,618,18,2,3470.50,6941.00
619,619,19,3,3607.75,10823.25
620,620,20,4,3745.00,14980.00
621,621,21,1,3882.25,3882.25
622,622,22,2,4019.50,8039.00
623,623,23,3,4156.75,12470.25
624,624,24,4,4294.00,17176.00
625,625,25,1,4431.25,4431.25
626,626,26,2,4568.50,9137.00
627,627,27,3,4705.75,14117.25
628,628,28,4,4843.00,19372.00
629,629,29,1,4980.25,4980.25
630,630,30,2,5117.50,10235.00
631,631,31,3,5254.75,15764.25
632,632,32,4,5392.00,21568.00
633,633,33,1,5529.25,5529.25
634,634,34,2,5666.50,11333.00
635,635,35,3,5803.75,17411.25
636,636,36,4,5941.00,23764.00
637,637,37,1,6078.25,6078.25
638,638,38,2,6215.50,12431.00
639,639,39,3,6352.75,19058.25
640,640,40,4,6490.00,25960.00
641,641,41,1,6627.25,6627.25
642,642,42,2,6764.50,13529.00
643,643,43,3,6901.75,20705.25
644,644,44,4,7039.00,28156.00
645,645,45,1,7176.25,7176.25
646,646,46,2,7313.50,14627.00
647,647,47,3,7450.75,22352.25
648,648,48,4,7588.00,30352.00
649,649,49,1,7725.25,7725.25
650,650,50,2,7862.50,15725.00
651,651,51,3,7999.75,23999.25
652,652,52,4,8137.00,32548.00
653,653,53,1,8274.25,8274.25
654,654,54,2,8411.50,16823.00
655,655,55,3,8548.75,25646.25
656,656,56,4,8686.00,34744.00
657,657,57,1,8823.25,8823.25
658,658,58,2,8960.50,17921.00
659,659,59,3,9097.75,27293.25
660,660,60,4,9235.00,36940.00
661,661,61,1,9372.25,9372.25
662,662,62,2,9509.50,19019.00
663,663,63,3,9646.75,28940.25
664,664,64,4,9784.00,39136.00
665,665,65,1,9921.25,9921.25
666,666,66,2,10058.50,20117.00
667,667,67,3,10195.75,30587.25
668,668,68,4,10333.00,41332.00
669,669,69,1,10470.25,10470.25
670,670,70,2,10607.50,21215.00
671,671,71,3,10744.75,32234.25
672,672,72,4,10882.00,43528.00
673,673,73,1,11019.25,11019.25
674,674,74,2,11156.50,22313.00
675,675,75,3,11293.75,33881.25
676,676,76,4,11431.00,45724.00
677,677,77,1,11568.25,11568.25
678,678,78,2,11705.50,23411.00
679,679,79,3,11842.75,35528.25
680,680,80,4,11980.00,47920.00
681,681,81,1,12117.25,12117.25
682,682,82,2,12254.50,24509.00
683,683,83,3,12391.75,37175.25
684,684,84,4,12529.00,50116.00
685,685,85,1,12666.25,12666.25
686,686,86,2,12803.50,25607.00
687,687,87,3,12940.75,38822.25
688,688,88,4,13078.00,52312.00
689,689,89,1,13215.25,13215.25
690,690,90,2,13352.50,26705.00
691,691,91,3,13489.75,40469.25
692,692,92,4,13627.00,54508.00
693,693,93,1,13764.25,13764.25
694,694,94,2,13901.50,27803.00
695,695,95,3,14038.75,42116.25
696,696,96,4,14176.00,56704.00
697,697,97,1,14313.25,14313.25
698,698,98,2,14450.50,28901.00
699,699,99,3,14587.75,43763.25
700,700,100,4,14725.00,58900.00
701,701,1,1,1137.25,1137.25
702,702,2,2,1274.50,2549.00
703,703,3,3,1411.75,4235.25
704,704,4,4,1549.00,6196.00
705,705,5,1,1686.25,1686.25
706,706,6,2,1823.50,3647.00
707,707,7,3,1960.75,5882.25
708,708,8,4,2098.00,8392.00
709,709,9,1,2235.25,2235.25
710,710,10,2,2372.50,4745.00
711,711,11,3,2509.75,7529.25
712,712,12,4,2647.00,10588.00
713,713,13,1,2784.25,2784.25
714,714,14,2,2921.50,5843.00
715,715,15,3,3058.75,9176.25
716,716,16,4,3196.00,12784.00
717,717,17,1,3333.25,3333.25
718,718,18,2,3470.50,6941.00
719,719,19,3,3607.75,10823.25
720,720,20,4,3745.00,14980.00
721,721,21,1,3882.25,3882.25
722,722,22,2,4019.50,8039.00
723,723,23,3,4156.75,12470.25
724,724,24,4,4294.00,17176.00
725,725,25,1,4431.25,4431.25
726,726,26,2,4568.50,9137.00
727,727,27,3,4705.75,14117.25
728,728,28,4,4843.00,19372.00
729,729,29,1,4980.25,4980.25
730,730,30,2,5117.50,10235.00
731,731,31,3,5254.75,15764.25
732,732,32,4,5392.00,21568.00
733,733,33,1,5529.25,5529.25
734,734,34,2,5666.50,11333.00
735,735,35,3,5803.75,17411.25
736,736,36,4,5941.00,23764.00
737,737,37,1,6078.25,6078.25
738,738,38,2,6215.50,12431.00
739,739,39,3,6352.75,19058.25
740,740,40,4,6490.00,25960.00
741,741,41,1,6627.25,6627.25
742,742,42,2,6764.50,13529.00
743,743,43,3,6901.75,20705.25
744,744,44,4,7039.00,28156.00
745,745,45,1,7176.25,7176.25
746,746,46,2,7313.50,14627.00
747,747,47,3,7450.75,22352.25
748,748,48,4,7588.00,30352.00
749,749,49,1,7725.25,7725.25
750,750,50,2,7862.50,15725.00
751,751,51,3,7999.75,23999.25
752,752,52,4,8137.00,32548.00
753,753,53,1,8274.25,8274.25
754,754,54,2,8411.50,16823.00
755,755,55,3,8548.75,25646.25
756,756,56,4,8686.00,34744.00
757,757,57,1,8823.25,8823.25
758,758,58,2,8960.50,17921.00
759,759,59,3,9097.75,27293.25
760,760,60,4,9235.00,36940.00
761,761,61,1,9372.25,9372.25
762,762,62,2,9509.50,19019.00
763,763,63,3,9646.75,28940.25
764,764,64,4,9784.00,39136.00
765,765,65,1,9921.25,9921.25
766,766,66,2,10058.50,20117.00
767,767,67,3,10195.75,30587.25
768,768,68,4,10333.00,41332.00
769,769,69,1,10470.25,10470.25
770,770,70,2,10607.50,21215.00
771,771,71,3,10744.75,32234.25
772,772,72,4,10882.00,43528.00
773,773,73,1,11019.25,11019.25
774,774,74,2,11156.50,22313.00
775,775,75,3,11293.75,33881.25
776,776,76,4,11431.00,45724.00
777,777,77,1,11568.25,11568.25
778,778,78,2,11705.50,23411.00
779,779,79,3,11842.75,35528.25
780,780,80,4,11980.00,47920.00
781,781,81,1,12117.25,12117.25
782,782,82,2,12254.50,24509.00
783,783,83,3,12391.75,37175.25
784,784,84,4,12529.00,50116.00
785,785,85,1,12666.25,12666.25
786,786,86,2,12803.50,25607.00
787,787,87,3,12940.75,38822.25
788,788,88,4,13078.00,52312.00
789,789,89,1,13215.25,13215.25
790,790,90,2,13352.50,26705.00
791,791,91,3,13489.75,40469.25
792,792,92,4,13627.00,54508.00
793,793,93,1,13764.25,13764.25
794,794,94,2,13901.50,27803.00
795,795,95,3,14038.75,42116.25
796,796,96,4,14176.00,56704.00
797,797,97,1,14313.25,14313.25
798,798,98,2,14450.50,28901.00
799,799,99,3,14587.75,43763.25
800,800,100,4,14725.00,58900.00
801,801,1,1,1137.25,1137.25
802,802,2,2,1274.50,2549.00
803,803,3,3,1411.75,4235.25
804,804,4,4,1549.00,6196.00
805,805,5,1,1686.25,1686.25
806,806,6,2,1823.50,3647.00
807,807,7,3,1960.75,5882.25
808,808,8,4,2098.00,8392.00
809,809,9,1,2235.25,2235.25
810,810,10,2,2372.50,4745.00
811,811,11,3,2509.75,7529.25
812,812,12,4,2647.00,10588.00
813,813,13,1,2784.25,2784.25
814,814,14,2,2921.50,5843.00
815,815,15,3,3058.75,9176.25
816,816,16,4,3196.00,12784.00
817,817,17,1,3333.25,3333.25
818,818,18,2,3470.50,6941.00
819,819,19,3,3607.75,10823.25
820,820,20,4,3745.00,14980.00
821,821,21,1,3882.25,3882.25
822,822,22,2,4019.50,8039.00
823,823,23,3,4156.75,12470.25
824,824,24,4,4294.00,17176.00
825,825,25,1,4431.25,4431.25
826,826,26,2,4568.50,9137.00
827,827,27,3,4705.75,14117.25
828,828,28,4,4843.00,19372.00
829,829,29,1,4980.25,4980.25
830,830,30,2,5117.50,10235.00
831,831,31,3,5254.75,15764.25
832,832,32,4,5392.00,21568.00
833,833,33,1,5529.25,5529.25
834,834,34,2,5666.50,11333.00
835,835,35,3,5803.75,17411.25
836,836,36,4,5941.00,23764.00
837,837,37,1,6078.25,6078.25
838,838,38,2,6215.50,12431.00
839,839,39,3,6352.75,19058.25
840,840,40,4,6490.00,25960.00
841,841,41,1,6627.25,6627.25
842,842,42,2,6764.50,13529.00
843,843,43,3,6901.75,20705.25
844,844,44,4,7039.00,28156.00
845,845,45,1,7176.25,7176.25
846,846,46,2,7313.50,14627.00
847,847,47,3,7450.75,22352.25
848,848,48,4,7588.00,30352.00
849,849,49,1,7725.25,7725.25
850,850,50,2,7862.50,15725.00
851,851,51,3,7999.75,23999.25
852,852,52,4,8137.00,32548.00
853,853,53,1,8274.25,8274.25
854,854,54,2,8411.50,16823.00
855,855,55,3,8548.75,25646.25
856,856,56,4,8686.00,34744.00
857,857,57,1,8823.25,8823.25
858,858,58,2,8960.50,17921.00
859,859,59,3,9097.75,27293.25
860,860,60,4,9235.00,36940.00
861,861,61,1,9372.25,9372.25
862,862,62,2,9509.50,19019.00
863,863,63,3,9646.75,28940.25
864,864,64,4,9784.00,39136.00
865,865,65,1,9921.25,9921.25
866,866,66,2,10058.50,20117.00
867,867,67,3,10195.75,30587.25
868,868,68,4,10333.00,41332.00
869,869,69,1,10470.25,10470.25
870,870,70,2,10607.50,21215.00
871,871,71,3,10744.75,32234.25
872,872,72,4,10882.00,43528.00
873,873,73,1,11019.25,11019.25
874,874,74,2,11156.50,22313.00
875,875,75,3,11293.75,33881.25
876,876,76,4,11431.00,45724.00
877,877,77,1,11568.25,11568.25
878,878,78,2,11705.50,23411.00
879,879,79,3,11842.75,35528.25
880,880,80,4,11980.00,47920.00
881,881,81,1,12117.25,12117.25
882,882,82,2,12254.50,24509.00
883,883,83,3,12391.75,37175.25
884,884,84,4,12529.00,50116.00
885,885,85,1,12666.25,12666.25
886,886,86,2,12803.50,25607.00
887,887,87,3,12940.75,38822.25
888,888,88,4,13078.00,52312.00
889,889,89,1,13215.25,13215.25
890,890,90,2,13352.50,26705.00
891,891,91,3,13489.75,40469.25
892,892,92,4,13627.00,54508.00
893,893,93,1,13764.25,13764.25
894,894,94,2,13901.50,27803.00
895,895,95,3,14038.75,42116.25
896,896,96,4,14176.00,56704.00
897,897,97,1,14313.25,14313.25
898,898,98,2,14450.50,28901.00
899,899,99,3,14587.75,43763.25
900,900,100,4,14725.00,58900.00
901,901,1,1,1137.25,1137.25
902,902,2,2,1274.50,2549.00
903,903,3,3,1411.75,4235.25
904,904,4,4,1549.00,6196.00
905,905,5,1,1686.25,1686.25
906,906,6,2,1823.50,3647.00
907,907,7,3,1960.75,5882.25
908,908,8,4,2098.00,8392.00
909,909,9,1,2235.25,2235.25
910,910,10,2,2372.50,4745.00
911,911,11,3,2509.75,7529.25
912,912,12,4,2647.00,10588.00
913,913,13,1,2784.25,2784.25
914,914,14,2,2921.50,5843.00
915,915,15,3,3058.75,9176.25
916,916,16,4,3196.00,12784.00
917,917,17,1,3333.25,3333.25
918,918,18,2,3470.50,6941.00
919,919,19,3,3607.75,10823.25
920,920,20,4,3745.00,14980.00
921,921,21,1,3882.25,3882.25
922,922,22,2,4019.50,8039.00
923,923,23,3,4156.75,12470.25
924,924,24,4,4294.00,17176.00
925,925,25,1,4431.25,4431.25
926,926,26,2,4568.50,9137.00
927,927,27,3,4705.75,14117.25
928,928,28,4,4843.00,19372.00
929,929,29,1,4980.25,4980.25
930,930,30,2,5117.50,10235.00
931,931,31,3,5254.75,15764.25
932,932,32,4,5392.00,21568.00
933,933,33,1,5529.25,5529.25
934,934,34,2,5666.50,11333.00
935,935,35,3,5803.75,17411.25
936,936,36,4,5941.00,23764.00
937,937,37,1,6078.25,6078.25
938,938,38,2,6215.50,12431.00
939,939,39,3,6352.75,19058.25
940,940,40,4,6490.00,25960.00
941,941,41,1,6627.25,6627.25
942,942,42,2,6764.50,13529.00
943,943,43,3,6901.75,20705.25
944,944,44,4,7039.00,28156.00
945,945,45,1,7176.25,7176.25
946,946,46,2,7313.50,14627.00
947,947,47,3,7450.75,22352.25
948,948,48,4,7588.00,30352.00
949,949,49,1,7725.25,7725.25
950,950,50,2,7862.50,15725.00
951,951,51,3,7999.75,23999.25
952,952,52,4,8137.00,32548.00
953,953,53,1,8274.25,8274.25
954,954,54,2,8411.50,16823.00
955,955,55,3,8548.75,25646.25
956,956,56,4,8686.00,34744.00
957,957,57,1,8823.25,8823.25
958,958,58,2,8960.50,17921.00
959,959,59,3,9097.75,27293.25
960,960,60,4,9235.00,36940.00
961,961,61,1,9372.25,9372.25
962,962,62,2,9509.50,19019.00
963,963,63,3,9646.75,28940.25
964,964,64,4,9784.00,39136.00
965,965,65,1,9921.25,9921.25
966,966,66,2,10058.50,20117.00
967,967,67,3,10195.75,30587.25
968,968,68,4,10333.00,41332.00
969,969,69,1,10470.25,10470.25
970,970,70,2,10607.50,21215.00
971,971,71,3,10744.75,32234.25
972,972,72,4,10882.00,43528.00
973,973,73,1,11019.25,11019.25
974,974,74,2,11156.50,22313.00
975,975,75,3,11293.75,33881.25
976,976,76,4,11431.00,45724.00
977,977,77,1,11568.25,11568.25
978,978,78,2,11705.50,23411.00
979,979,79,3,11842.75,35528.25
980,980,80,4,11980.00,47920.00
981,981,81,1,12117.25,12117.25
982,982,82,2,12254.50,24509.00
983,983,83,3,12391.75,37175.25
984,984,84,4,12529.00,50116.00
985,985,85,1,12666.25,12666.25
986,986,86,2,12803.50,25607.00
987,987,87,3,12940.75,38822.25
988,988,88,4,13078.00,52312.00
989,989,89,1,13215.25,13215.25
990,990,90,2,13352.50,26705.00
991,991,91,3,13489.75,40469.25
992,992,92,4,13627.00,54508.00
993,993,93,1,13764.25,13764.25
994,994,94,2,13901.50,27803.00
995,995,95,3,14038.75,42116.25
996,996,96,4,14176.00,56704.00
997,997,97,1,14313.25,14313.25
998,998,98,2,14450.50,28901.00
999,999,99,3,14587.75,43763.25
1000,1000,100,4,14725.00,58900.00
1001,1001,1,1,1137.25,1137.25
1002,1002,2,2,1274.50,2549.00
1003,1003,3,3,1411.75,4235.25
1004,1004,4,4,1549.00,6196.00
1005,1005,5,1,1686.25,1686.25
1006,1006,6,2,1823.50,3647.00
1007,1007,7,3,1960.75,5882.25
1008,1008,8,4,2098.00,8392.00
1009,1009,9,1,2235.25,2235.25
1010,1010,10,2,2372.50,4745.00
1011,1011,11,3,2509.75,7529.25
1012,1012,12,4,2647.00,10588.00
1013,1013,13,1,2784.25,2784.25
1014,1014,14,2,2921.50,5843.00
1015,1015,15,3,3058.75,9176.25
1016,1016,16,4,3196.00,12784.00
1017,1017,17,1,3333.25,3333.25
1018,1018,18,2,3470.50,6941.00
1019,1019,19,3,3607.75,10823.25
1020,1020,20,4,3745.00,14980.00
1021,1021,21,1,3882.25,3882.25
1022,1022,22,2,4019.50,8039.00
1023,1023,23,3,4156.75,12470.25
1024,1024,24,4,4294.00,17176.00
1025,1025,25,1,4431.25,4431.25
1026,1026,26,2,4568.50,9137.00
1027,1027,27,3,4705.75,14117.25
1028,1028,28,4,4843.00,19372.00
1029,1029,29,1,4980.25,4980.25
1030,1030,30,2,5117.50,10235.00
1031,1031,31,3,5254.75,15764.25
1032,1032,32,4,5392.00,21568.00
1033,1033,33,1,5529.25,5529.25
1034,1034,34,2,5666.50,11333.00
1035,1035,35,3,5803.75,17411.25
1036,1036,36,4,5941.00,23764.00
1037,1037,37,1,6078.25,6078.25
1038,1038,38,2,6215.50,12431.00
1039,1039,39,3,6352.75,19058.25
1040,1040,40,4,6490.00,25960.00
1041,1041,41,1,6627.25,6627.25
1042,1042,42,2,6764.50,13529.00
1043,1043,43,3,6901.75,20705.25
1044,1044,44,4,7039.00,28156.00
1045,1045,45,1,7176.25,7176.25
1046,1046,46,2,7313.50,14627.00
1047,1047,47,3,7450.75,22352.25
1048,1048,48,4,7588.00,30352.00
1049,1049,49,1,7725.25,7725.25
1050,1050,50,2,7862.50,15725.00
1051,1051,51,3,7999.75,23999.25
1052,1052,52,4,8137.00,32548.00
1053,1053,53,1,8274.25,8274.25
1054,1054,54,2,8411.50,16823.00
1055,1055,55,3,8548.75,25646.25
1056,1056,56,4,8686.00,34744.00
1057,1057,57,1,8823.25,8823.25
1058,1058,58,2,8960.50,17921.00
1059,1059,59,3,9097.75,27293.25
1060,1060,60,4,9235.00,36940.00
1061,1061,61,1,9372.25,9372.25
1062,1062,62,2,9509.50,19019.00
1063,1063,63,3,9646.75,28940.25
1064,1064,64,4,9784.00,39136.00
1065,1065,65,1,9921.25,9921.25
1066,1066,66,2,10058.50,20117.00
1067,1067,67,3,10195.75,30587.25
1068,1068,68,4,10333.00,41332.00
1069,1069,69,1,10470.25,10470.25
1070,1070,70,2,10607.50,21215.00
1071,1071,71,3,10744.75,32234.25
1072,1072,72,4,10882.00,43528.00
1073,1073,73,1,11019.25,11019.25
1074,1074,74,2,11156.50,22313.00
1075,1075,75,3,11293.75,33881.25
1076,1076,76,4,11431.00,45724.00
1077,1077,77,1,11568.25,11568.25
1078,1078,78,2,11705.50,23411.00
1079,1079,79,3,11842.75,35528.25
1080,1080,80,4,11980.00,47920.00
1081,1081,81,1,12117.25,12117.25
1082,1082,82,2,12254.50,24509.00
1083,1083,83,3,12391.75,37175.25
1084,1084,84,4,12529.00,50116.00
1085,1085,85,1,12666.25,12666.25
1086,1086,86,2,12803.50,25607.00
1087,1087,87,3,12940.75,38822.25
1088,1088,88,4,13078.00,52312.00
1089,1089,89,1,13215.25,13215.25
1090,1090,90,2,13352.50,26705.00
1091,1091,91,3,13489.75,40469.25
1092,1092,92,4,13627.00,54508.00
1093,1093,93,1,13764.25,13764.25
1094,1094,94,2,13901.50,27803.00
1095,1095,95,3,14038.75,42116.25
1096,1096,96,4,14176.00,56704.00
1097,1097,97,1,14313.25,14313.25
1098,1098,98,2,14450.50,28901.00
1099,1099,99,3,14587.75,43763.25
1100,1100,100,4,14725.00,58900.00
1101,1101,1,1,1137.25,1137.25
1102,1102,2,2,1274.50,2549.00
1103,1103,3,3,1411.75,4235.25
1104,1104,4,4,1549.00,6196.00
1105,1105,5,1,1686.25,1686.25
1106,1106,6,2,1823.50,3647.00
1107,1107,7,3,1960.75,5882.25
1108,1108,8,4,2098.00,8392.00
1109,1109,9,1,2235.25,2235.25
1110,1110,10,2,2372.50,4745.00
1111,1111,11,3,2509.75,7529.25
1112,1112,12,4,2647.00,10588.00
1113,1113,13,1,2784.25,2784.25
1114,1114,14,2,2921.50,5843.00
1115,1115,15,3,3058.75,9176.25
1116,1116,16,4,3196.00,12784.00
1117,1117,17,1,3333.25,3333.25
1118,1118,18,2,3470.50,6941.00
1119,1119,19,3,3607.75,10823.25
1120,1120,20,4,3745.00,14980.00
1121,1121,21,1,3882.25,3882.25
1122,1122,22,2,4019.50,8039.00
1123,1123,23,3,4156.75,12470.25
1124,1124,24,4,4294.00,17176.00
1125,1125,25,1,4431.25,4431.25
1126,1126,26,2,4568.50,9137.00
1127,1127,27,3,4705.75,14117.25
1128,1128,28,4,4843.00,19372.00
1129,1129,29,1,4980.25,4980.25
1130,1130,30,2,5117.50,10235.00
1131,1131,31,3,5254.75,15764.25
1132,1132,32,4,5392.00,21568.00
1133,1133,33,1,5529.25,5529.25
1134,1134,34,2,5666.50,11333.00
1135,1135,35,3,5803.75,17411.25
1136,1136,36,4,5941.00,23764.00
1137,1137,37,1,6078.25,6078.25
1138,1138,38,2,6215.50,12431.00
1139,1139,39,3,6352.75,19058.25
1140,1140,40,4,6490.00,25960.00
1141,1141,41,1,6627.25,6627.25
1142,1142,42,2,6764.50,13529.00
1143,1143,43,3,6901.75,20705.25
1144,1144,44,4,7039.00,28156.00
1145,1145,45,1,7176.25,7176.25
1146,1146,46,2,7313.50,14627.00
1147,1147,47,3,7450.75,22352.25
1148,1148,48,4,7588.00,30352.00
1149,1149,49,1,7725.25,7725.25
1150,1150,50,2,7862.50,15725.00
1151,1151,51,3,7999.75,23999.25
1152,1152,52,4,8137.00,32548.00
1153,1153,53,1,8274.25,8274.25
1154,1154,54,2,8411.50,16823.00
1155,1155,55,3,8548.75,25646.25
1156,1156,56,4,8686.00,34744.00
1157,1157,57,1,8823.25,8823.25
1158,1158,58,2,8960.50,17921.00
1159,1159,59,3,9097.75,27293.25
1160,1160,60,4,9235.00,36940.00
1161,1161,61,1,9372.25,9372.25
1162,1162,62,2,9509.50,19019.00
1163,1163,63,3,9646.75,28940.25
1164,1164,64,4,9784.00,39136.00
1165,1165,65,1,9921.25,9921.25
1166,1166,66,2,10058.50,20117.00
1167,1167,67,3,10195.75,30587.25
1168,1168,68,4,10333.00,41332.00
1169,1169,69,1,10470.25,10470.25
1170,1170,70,2,10607.50,21215.00
1171,1171,71,3,10744.75,32234.25
1172,1172,72,4,10882.00,43528.00
1173,1173,73,1,11019.25,11019.25
1174,1174,74,2,11156.50,22313.00
1175,1175,75,3,11293.75,33881.25
1176,1176,76,4,11431.00,45724.00
1177,1177,77,1,11568.25,11568.25
1178,1178,78,2,11705.50,23411.00
1179,1179,79,3,11842.75,35528.25
1180,1180,80,4,11980.00,47920.00
1181,1181,81,1,12117.25,12117.25
1182,1182,82,2,12254.50,24509.00
1183,1183,83,3,12391.75,37175.25
1184,1184,84,4,12529.00,50116.00
1185,1185,85,1,12666.25,12666.25
1186,1186,86,2,12803.50,25607.00
1187,1187,87,3,12940.75,38822.25
1188,1188,88,4,13078.00,52312.00
1189,1189,89,1,13215.25,13215.25
1190,1190,90,2,13352.50,26705.00
1191,1191,91,3,13489.75,40469.25
1192,1192,92,4,13627.00,54508.00
1193,1193,93,1,13764.25,13764.25
1194,1194,94,2,13901.50,27803.00
1195,1195,95,3,14038.75,42116.25
1196,1196,96,4,14176.00,56704.00
1197,1197,97,1,14313.25,14313.25
1198,1198,98,2,14450.50,28901.00
1199,1199,99,3,14587.75,43763.25
1200,1200,100,4,14725.00,58900.00
1201,1201,1,1,1137.25,1137.25
1202,1202,2,2,1274.50,2549.00
1203,1203,3,3,1411.75,4235.25
1204,1204,4,4,1549.00,6196.00
1205,1205,5,1,1686.25,1686.25
1206,1206,6,2,1823.50,3647.00
1207,1207,7,3,1960.75,5882.25
1208,1208,8,4,2098.00,8392.00
1209,1209,9,1,2235.25,2235.25
1210,1210,10,2,2372.50,4745.00
1211,1211,11,3,2509.75,7529.25
1212,1212,12,4,2647.00,10588.00
1213,1213,13,1,2784.25,2784.25
1214,1214,14,2,2921.50,5843.00
1215,1215,15,3,3058.75,9176.25
1216,1216,16,4,3196.00,12784.00
1217,1217,17,1,3333.25,3333.25
1218,1218,18,2,3470.50,6941.00
1219,1219,19,3,3607.75,10823.25
1220,1220,20,4,3745.00,14980.00
1221,1221,21,1,3882.25,3882.25
1222,1222,22,2,4019.50,8039.00
1223,1223,23,3,4156.75,12470.25
1224,1224,24,4,4294.00,17176.00
1225,1225,25,1,4431.25,4431.25
1226,1226,26,2,4568.50,9137.00
1227,1227,27,3,4705.75,14117.25
1228,1228,28,4,4843.00,19372.00
1229,1229,29,1,4980.25,4980.25
1230,1230,30,2,5117.50,10235.00
1231,1231,31,3,5254.75,15764.25
1232,1232,32,4,5392.00,21568.00
1233,1233,33,1,5529.25,5529.25
1234,1234,34,2,5666.50,11333.00
1235,1235,35,3,5803.75,17411.25
1236,1236,36,4,5941.00,23764.00
1237,1237,37,1,6078.25,6078.25
1238,1238,38,2,6215.50,12431.00
1239,1239,39,3,6352.75,19058.25
1240,1240,40,4,6490.00,25960.00
1241,1241,41,1,6627.25,6627.25
1242,1242,42,2,6764.50,13529.00
1243,1243,43,3,6901.75,20705.25
1244,1244,44,4,7039.00,28156.00
1245,1245,45,1,7176.25,7176.25
1246,1246,46,2,7313.50,14627.00
1247,1247,47,3,7450.75,22352.25
1248,1248,48,4,7588.00,30352.00
1249,1249,49,1,7725.25,7725.25
1250,1250,50,2,7862.50,15725.00
1251,1251,51,3,7999.75,23999.25
1252,1252,52,4,8137.00,32548.00
1253,1253,53,1,8274.25,8274.25
1254,1254,54,2,8411.50,16823.00
1255,1255,55,3,8548.75,25646.25
1256,1256,56,4,8686.00,34744.00
1257,1257,57,1,8823.25,8823.25
1258,1258,58,2,8960.50,17921.00
1259,1259,59,3,9097.75,27293.25
1260,1260,60,4,9235.00,36940.00
1261,1261,61,1,9372.25,9372.25
1262,1262,62,2,9509.50,19019.00
1263,1263,63,3,9646.75,28940.25
1264,1264,64,4,9784.00,39136.00
1265,1265,65,1,9921.25,9921.25
1266,1266,66,2,10058.50,20117.00
1267,1267,67,3,10195.75,30587.25
1268,1268,68,4,10333.00,41332.00
1269,1269,69,1,10470.25,10470.25
1270,1270,70,2,10607.50,21215.00
1271,1271,71,3,10744.75,32234.25
1272,1272,72,4,10882.00,43528.00
1273,1273,73,1,11019.25,11019.25
1274,1274,74,2,11156.50,22313.00
1275,1275,75,3,11293.75,33881.25
1276,1276,76,4,11431.00,45724.00
1277,1277,77,1,11568.25,11568.25
1278,1278,78,2,11705.50,23411.00
1279,1279,79,3,11842.75,35528.25
1280,1280,80,4,11980.00,47920.00
1281,1281,81,1,12117.25,12117.25
1282,1282,82,2,12254.50,24509.00
1283,1283,83,3,12391.75,37175.25
1284,1284,84,4,12529.00,50116.00
1285,1285,85,1,12666.25,12666.25
1286,1286,86,2,12803.50,25607.00
1287,1287,87,3,12940.75,38822.25
1288,1288,88,4,13078.00,52312.00
1289,1289,89,1,13215.25,13215.25
1290,1290,90,2,13352.50,26705.00
1291,1291,91,3,13489.75,40469.25
1292,1292,92,4,13627.00,54508.00
1293,1293,93,1,13764.25,13764.25
1294,1294,94,2,13901.50,27803.00
1295,1295,95,3,14038.75,42116.25
1296,1296,96,4,14176.00,56704.00
1297,1297,97,1,14313.25,14313.25
1298,1298,98,2,14450.50,28901.00
1299,1299,99,3,14587.75,43763.25
1300,1300,100,4,14725.00,58900.00
1301,1301,1,1,1137.25,1137.25
1302,1302,2,2,1274.50,2549.00
1303,1303,3,3,1411.75,4235.25
1304,1304,4,4,1549.00,6196.00
1305,1305,5,1,1686.25,1686.25
1306,1306,6,2,1823.50,3647.00
1307,1307,7,3,1960.75,5882.25
1308,1308,8,4,2098.00,8392.00
1309,1309,9,1,2235.25,2235.25
1310,1310,10,2,2372.50,4745.00
1311,1311,11,3,2509.75,7529.25
1312,1312,12,4,2647.00,10588.00
1313,1313,13,1,2784.25,2784.25
1314,1314,14,2,2921.50,5843.00
1315,1315,15,3,3058.75,9176.25
1316,1316,16,4,3196.00,12784.00
1317,1317,17,1,3333.25,3333.25
1318,1318,18,2,3470.50,6941.00
1319,1319,19,3,3607.75,10823.25
1320,1320,20,4,3745.00,14980.00
1321,1321,21,1,3882.25,3882.25
1322,1322,22,2,4019.50,8039.00
1323,1323,23,3,4156.75,12470.25
1324,1324,24,4,4294.00,17176.00
1325,1325,25,1,4431.25,4431.25
1326,1326,26,2,4568.50,9137.00
1327,1327,27,3,4705.75,14117.25
1328,1328,28,4,4843.00,19372.00
1329,1329,29,1,4980.25,4980.25
1330,1330,30,2,5117.50,10235.00
1331,1331,31,3,5254.75,15764.25
1332,1332,32,4,5392.00,21568.00
1333,1333,33,1,5529.25,5529.25
1334,1334,34,2,5666.50,11333.00
1335,1335,35,3,5803.75,17411.25
1336,1336,36,4,5941.00,23764.00
1337,1337,37,1,6078.25,6078.25
1338,1338,38,2,6215.50,12431.00
1339,1339,39,3,6352.75,19058.25
1340,1340,40,4,6490.00,25960.00
1341,1341,41,1,6627.25,6627.25
1342,1342,42,2,6764.50,13529.00
1343,1343,43,3,6901.75,20705.25
1344,1344,44,4,7039.00,28156.00
1345,1345,45,1,7176.25,7176.25
1346,1346,46,2,7313.50,14627.00
1347,1347,47,3,7450.75,22352.25
1348,1348,48,4,7588.00,30352.00
1349,1349,49,1,7725.25,7725.25
1350,1350,50,2,7862.50,15725.00
1351,1351,51,3,7999.75,23999.25
1352,1352,52,4,8137.00,32548.00
1353,1353,53,1,8274.25,8274.25
1354,1354,54,2,8411.50,16823.00
1355,1355,55,3,8548.75,25646.25
1356,1356,56,4,8686.00,34744.00
1357,1357,57,1,8823.25,8823.25
1358,1358,58,2,8960.50,17921.00
1359,1359,59,3,9097.75,27293.25
1360,1360,60,4,9235.00,36940.00
1361,1361,61,1,9372.25,9372.25
1362,1362,62,2,9509.50,19019.00
1363,1363,63,3,9646.75,28940.25
1364,1364,64,4,9784.00,39136.00
1365,1365,65,1,9921.25,9921.25
1366,1366,66,2,10058.50,20117.00
1367,1367,67,3,10195.75,30587.25
1368,1368,68,4,10333.00,41332.00
1369,1369,69,1,10470.25,10470.25
1370,1370,70,2,10607.50,21215.00
1371,1371,71,3,10744.75,32234.25
1372,1372,72,4,10882.00,43528.00
1373,1373,73,1,11019.25,11019.25
1374,1374,74,2,11156.50,22313.00
1375,1375,75,3,11293.75,33881.25
1376,1376,76,4,11431.00,45724.00
1377,1377,77,1,11568.25,11568.25
1378,1378,78,2,11705.50,23411.00
1379,1379,79,3,11842.75,35528.25
1380,1380,80,4,11980.00,47920.00
1381,1381,81,1,12117.25,12117.25
1382,1382,82,2,12254.50,24509.00
1383,1383,83,3,12391.75,37175.25
1384,1384,84,4,12529.00,50116.00
1385,1385,85,1,12666.25,12666.25
1386,1386,86,2,12803.50,25607.00
1387,1387,87,3,12940.75,38822.25
1388,1388,88,4,13078.00,52312.00
1389,1389,89,1,13215.25,13215.25
1390,1390,90,2,13352.50,26705.00
1391,1391,91,3,13489.75,40469.25
1392,1392,92,4,13627.00,54508.00
1393,1393,93,1,13764.25,13764.25
1394,1394,94,2,13901.50,27803.00
1395,1395,95,3,14038.75,42116.25
1396,1396,96,4,14176.00,56704.00
1397,1397,97,1,14313.25,14313.25
1398,1398,98,2,14450.50,28901.00
1399,1399,99,3,14587.75,43763.25
1400,1400,100,4,14725.00,58900.00
1401,1401,1,1,1137.25,1137.25
1402,1402,2,2,1274.50,2549.00
1403,1403,3,3,1411.75,4235.25
1404,1404,4,4,1549.00,6196.00
1405,1405,5,1,1686.25,1686.25
1406,1406,6,2,1823.50,3647.00
1407,1407,7,3,1960.75,5882.25
1408,1408,8,4,2098.00,8392.00
1409,1409,9,1,2235.25,2235.25
1410,1410,10,2,2372.50,4745.00
1411,1411,11,3,2509.75,7529.25
1412,1412,12,4,2647.00,10588.00
1413,1413,13,1,2784.25,2784.25
1414,1414,14,2,2921.50,5843.00
1415,1415,15,3,3058.75,9176.25
1416,1416,16,4,3196.00,12784.00
1417,1417,17,1,3333.25,3333.25
1418,1418,18,2,3470.50,6941.00
1419,1419,19,3,3607.75,10823.25
1420,1420,20,4,3745.00,14980.00
1421,1421,21,1,3882.25,3882.25
1422,1422,22,2,4019.50,8039.00
1423,1423,23,3,4156.75,12470.25
1424,1424,24,4,4294.00,17176.00
1425,1425,25,1,4431.25,4431.25
1426,1426,26,2,4568.50,9137.00
1427,1427,27,3,4705.75,14117.25
1428,1428,28,4,4843.00,19372.00
1429,1429,29,1,4980.25,4980.25
1430,1430,30,2,5117.50,10235.00
1431,1431,31,3,5254.75,15764.25
1432,1432,32,4,5392.00,21568.00
1433,1433,33,1,5529.25,5529.25
1434,1434,34,2,5666.50,11333.00
1435,1435,35,3,5803.75,17411.25
1436,1436,36,4,5941.00,23764.00
1437,1437,37,1,6078.25,6078.25
1438,1438,38,2,6215.50,12431.00
1439,1439,39,3,6352.75,19058.25
1440,1440,40,4,6490.00,25960.00
1441,1441,41,1,6627.25,6627.25
1442,1442,42,2,6764.50,13529.00
1443,1443,43,3,6901.75,20705.25
1444,1444,44,4,7039.00,28156.00
1445,1445,45,1,7176.25,7176.25
1446,1446,46,2,7313.50,14627.00
1447,1447,47,3,7450.75,22352.25
1448,1448,48,4,7588.00,30352.00
1449,1449,49,1,7725.25,7725.25
1450,1450,50,2,7862.50,15725.00
1451,1451,51,3,7999.75,23999.25
1452,1452,52,4,8137.00,32548.00
1453,1453,53,1,8274.25,8274.25
1454,1454,54,2,8411.50,16823.00
1455,1455,55,3,8548.75,25646.25
1456,1456,56,4,8686.00,34744.00
1457,1457,57,1,8823.25,8823.25
1458,1458,58,2,8960.50,17921.00
1459,1459,59,3,9097.75,27293.25
1460,1460,60,4,9235.00,36940.00
1461,1461,61,1,9372.25,9372.25
1462,1462,62,2,9509.50,19019.00
1463,1463,63,3,9646.75,28940.25
1464,1464,64,4,9784.00,39136.00
1465,1465,65,1,9921.25,9921.25
1466,1466,66,2,10058.50,20117.00
1467,1467,67,3,10195.75,30587.25
1468,1468,68,4,10333.00,41332.00
1469,1469,69,1,10470.25,10470.25
1470,1470,70,2,10607.50,21215.00
1471,1471,71,3,10744.75,32234.25
1472,1472,72,4,10882.00,43528.00
1473,1473,73,1,11019.25,11019.25
1474,1474,74,2,11156.50,22313.00
1475,1475,75,3,11293.75,33881.25
1476,1476,76,4,11431.00,45724.00
1477,1477,77,1,11568.25,11568.25
1478,1478,78,2,11705.50,23411.00
1479,1479,79,3,11842.75,35528.25
1480,1480,80,4,11980.00,47920.00
1481,1481,81,1,12117.25,12117.25
1482,1482,82,2,12254.50,24509.00
1483,1483,83,3,12391.75,37175.25
1484,1484,84,4,12529.00,50116.00
1485,1485,85,1,12666.25,12666.25
1486,1486,86,2,12803.50,25607.00
1487,1487,87,3,12940.75,38822.25
1488,1488,88,4,13078.00,52312.00
1489,1489,89,1,13215.25,13215.25
1490,1490,90,2,13352.50,26705.00
1491,1491,91,3,13489.75,40469.25
1492,1492,92,4,13627.00,54508.00
1493,1493,93,1,13764.25,13764.25
1494,1494,94,2,13901.50,27803.00
1495,1495,95,3,14038.75,42116.25
1496,1496,96,4,14176.00,56704.00
1497,1497,97,1,14313.25,14313.25
1498,1498,98,2,14450.50,28901.00
1499,1499,99,3,14587.75,43763.25
1500,1500,100,4,14725.00,58900.00
1501,1501,1,1,1137.25,1137.25
1502,1502,2,2,1274.50,2549.00
1503,1503,3,3,1411.75,4235.25
1504,1504,4,4,1549.00,6196.00
1505,1505,5,1,1686.25,1686.25
1506,1506,6,2,1823.50,3647.00
1507,1507,7,3,1960.75,5882.25
1508,1508,8,4,2098.00,8392.00
1509,1509,9,1,2235.25,2235.25
1510,1510,10,2,2372.50,4745.00
1511,1511,11,3,2509.75,7529.25
1512,1512,12,4,2647.00,10588.00
1513,1513,13,1,2784.25,2784.25
1514,1514,14,2,2921.50,5843.00
1515,1515,15,3,3058.75,9176.25
1516,1516,16,4,3196.00,12784.00
1517,1517,17,1,3333.25,3333.25
1518,1518,18,2,3470.50,6941.00
1519,1519,19,3,3607.75,10823.25
1520,1520,20,4,3745.00,14980.00
1521,1521,21,1,3882.25,3882.25
1522,1522,22,2,4019.50,8039.00
1523,1523,23,3,4156.75,12470.25
1524,1524,24,4,4294.00,17176.00
1525,1525,25,1,4431.25,4431.25
1526,1526,26,2,4568.50,9137.00
1527,1527,27,3,4705.75,14117.25
1528,1528,28,4,4843.00,19372.00
1529,1529,29,1,4980.25,4980.25
1530,1530,30,2,5117.50,10235.00
1531,1531,31,3,5254.75,15764.25
1532,1532,32,4,5392.00,21568.00
1533,1533,33,1,5529.25,5529.25
1534,1534,34,2,5666.50,11333.00
1535,1535,35,3,5803.75,17411.25
1536,1536,36,4,5941.00,23764.00
1537,1537,37,1,6078.25,6078.25
1538,1538,38,2,6215.50,12431.00
1539,1539,39,3,6352.75,19058.25
1540,1540,40,4,6490.00,25960.00
1541,1541,41,1,6627.25,6627.25
1542,1542,42,2,6764.50,13529.00
1543,1543,43,3,6901.75,20705.25
1544,1544,44,4,7039.00,28156.00
1545,1545,45,1,7176.25,7176.25
1546,1546,46,2,7313.50,14627.00
1547,1547,47,3,7450.75,22352.25
1548,1548,48,4,7588.00,30352.00
1549,1549,49,1,7725.25,7725.25
1550,1550,50,2,7862.50,15725.00
1551,1551,51,3,7999.75,23999.25
1552,1552,52,4,8137.00,32548.00
1553,1553,53,1,8274.25,8274.25
1554,1554,54,2,8411.50,16823.00
1555,1555,55,3,8548.75,25646.25
1556,1556,56,4,8686.00,34744.00
1557,1557,57,1,8823.25,8823.25
1558,1558,58,2,8960.50,17921.00
1559,1559,59,3,9097.75,27293.25
1560,1560,60,4,9235.00,36940.00
1561,1561,61,1,9372.25,9372.25
1562,1562,62,2,9509.50,19019.00
1563,1563,63,3,9646.75,28940.25
1564,1564,64,4,9784.00,39136.00
1565,1565,65,1,9921.25,9921.25
1566,1566,66,2,10058.50,20117.00
1567,1567,67,3,10195.75,30587.25
1568,1568,68,4,10333.00,41332.00
1569,1569,69,1,10470.25,10470.25
1570,1570,70,2,10607.50,21215.00
1571,1571,71,3,10744.75,32234.25
1572,1572,72,4,10882.00,43528.00
1573,1573,73,1,11019.25,11019.25
1574,1574,74,2,11156.50,22313.00
1575,1575,75,3,11293.75,33881.25
1576,1576,76,4,11431.00,45724.00
1577,1577,77,1,11568.25,11568.25
1578,1578,78,2,11705.50,23411.00
1579,1579,79,3,11842.75,35528.25
1580,1580,80,4,11980.00,47920.00
1581,1581,81,1,12117.25,12117.25
1582,1582,82,2,12254.50,24509.00
1583,1583,83,3,12391.75,37175.25
1584,1584,84,4,12529.00,50116.00
1585,1585,85,1,12666.25,12666.25
1586,1586,86,2,12803.50,25607.00
1587,1587,87,3,12940.75,38822.25
1588,1588,88,4,13078.00,52312.00
1589,1589,89,1,13215.25,13215.25
1590,1590,90,2,13352.50,26705.00
1591,1591,91,3,13489.75,40469.25
1592,1592,92,4,13627.00,54508.00
1593,1593,93,1,13764.25,13764.25
1594,1594,94,2,13901.50,27803.00
1595,1595,95,3,14038.75,42116.25
1596,1596,96,4,14176.00,56704.00
1597,1597,97,1,14313.25,14313.25
1598,1598,98,2,14450.50,28901.00
1599,1599,99,3,14587.75,43763.25
1600,1600,100,4,14725.00,58900.00
1601,1601,1,1,1137.25,1137.25
1602,1602,2,2,1274.50,2549.00
1603,1603,3,3,1411.75,4235.25
1604,1604,4,4,1549.00,6196.00
1605,1605,5,1,1686.25,1686.25
1606,1606,6,2,1823.50,3647.00
1607,1607,7,3,1960.75,5882.25
1608,1608,8,4,2098.00,8392.00
1609,1609,9,1,2235.25,2235.25
1610,1610,10,2,2372.50,4745.00
1611,1611,11,3,2509.75,7529.25
1612,1612,12,4,2647.00,10588.00
1613,1613,13,1,2784.25,2784.25
1614,1614,14,2,2921.50,5843.00
1615,1615,15,3,3058.75,9176.25
1616,1616,16,4,3196.00,12784.00
1617,1617,17,1,3333.25,3333.25
1618,1618,18,2,3470.50,6941.00
1619,1619,19,3,3607.75,10823.25
1620,1620,20,4,3745.00,14980.00
1621,1621,21,1,3882.25,3882.25
1622,1622,22,2,4019.50,8039.00
1623,1623,23,3,4156.75,12470.25
1624,1624,24,4,4294.00,17176.00
1625,1625,25,1,4431.25,4431.25
1626,1626,26,2,4568.50,9137.00
1627,1627,27,3,4705.75,14117.25
1628,1628,28,4,4843.00,19372.00
1629,1629,29,1,4980.25,4980.25
1630,1630,30,2,5117.50,10235.00
1631,1631,31,3,5254.75,15764.25
1632,1632,32,4,5392.00,21568.00
1633,1633,33,1,5529.25,5529.25
1634,1634,34,2,5666.50,11333.00
1635,1635,35,3,5803.75,17411.25
1636,1636,36,4,5941.00,23764.00
1637,1637,37,1,6078.25,6078.25
1638,1638,38,2,6215.50,12431.00
1639,1639,39,3,6352.75,19058.25
1640,1640,40,4,6490.00,25960.00
1641,1641,41,1,6627.25,6627.25
1642,1642,42,2,6764.50,13529.00
1643,1643,43,3,6901.75,20705.25
1644,1644,44,4,7039.00,28156.00
1645,1645,45,1,7176.25,7176.25
1646,1646,46,2,7313.50,14627.00
1647,1647,47,3,7450.75,22352.25
1648,1648,48,4,7588.00,30352.00
1649,1649,49,1,7725.25,7725.25
1650,1650,50,2,7862.50,15725.00
1651,1651,51,3,7999.75,23999.25
1652,1652,52,4,8137.00,32548.00
1653,1653,53,1,8274.25,8274.25
1654,1654,54,2,8411.50,16823.00
1655,1655,55,3,8548.75,25646.25
1656,1656,56,4,8686.00,34744.00
1657,1657,57,1,8823.25,8823.25
1658,1658,58,2,8960.50,17921.00
1659,1659,59,3,9097.75,27293.25
1660,1660,60,4,9235.00,36940.00
1661,1661,61,1,9372.25,9372.25
1662,1662,62,2,9509.50,19019.00
1663,1663,63,3,9646.75,28940.25
1664,1664,64,4,9784.00,39136.00
1665,1665,65,1,9921.25,9921.25
1666,1666,66,2,10058.50,20117.00
1667,1667,67,3,10195.75,30587.25
1668,1668,68,4,10333.00,41332.00
1669,1669,69,1,10470.25,10470.25
1670,1670,70,2,10607.50,21215.00
1671,1671,71,3,10744.75,32234.25
1672,1672,72,4,10882.00,43528.00
1673,1673,73,1,11019.25,11019.25
1674,1674,74,2,11156.50,22313.00
1675,1675,75,3,11293.75,33881.25
1676,1676,76,4,11431.00,45724.00
1677,1677,77,1,11568.25,11568.25
1678,1678,78,2,11705.50,23411.00
1679,1679,79,3,11842.75,35528.25
1680,1680,80,4,11980.00,47920.00
1681,1681,81,1,12117.25,12117.25
1682,1682,82,2,12254.50,24509.00
1683,1683,83,3,12391.75,37175.25
1684,1684,84,4,12529.00,50116.00
1685,1685,85,1,12666.25,12666.25
1686,1686,86,2,12803.50,25607.00
1687,1687,87,3,12940.75,38822.25
1688,1688,88,4,13078.00,52312.00
1689,1689,89,1,13215.25,13215.25
1690,1690,90,2,13352.50,26705.00
1691,1691,91,3,13489.75,40469.25
1692,1692,92,4,13627.00,54508.00
1693,1693,93,1,13764.25,13764.25
1694,1694,94,2,13901.50,27803.00
1695,1695,95,3,14038.75,42116.25
1696,1696,96,4,14176.00,56704.00
1697,1697,97,1,14313.25,14313.25
1698,1698,98,2,14450.50,28901.00
1699,1699,99,3,14587.75,43763.25
1700,1700,100,4,14725.00,58900.00
1701,1701,1,1,1137.25,1137.25
1702,1702,2,2,1274.50,2549.00
1703,1703,3,3,1411.75,4235.25
1704,1704,4,4,1549.00,6196.00
1705,1705,5,1,1686.25,1686.25
1706,1706,6,2,1823.50,3647.00
1707,1707,7,3,1960.75,5882.25
1708,1708,8,4,2098.00,8392.00
1709,1709,9,1,2235.25,2235.25
1710,1710,10,2,2372.50,4745.00
1711,1711,11,3,2509.75,7529.25
1712,1712,12,4,2647.00,10588.00
1713,1713,13,1,2784.25,2784.25
1714,1714,14,2,2921.50,5843.00
1715,1715,15,3,3058.75,9176.25
1716,1716,16,4,3196.00,12784.00
1717,1717,17,1,3333.25,3333.25
1718,1718,18,2,3470.50,6941.00
1719,1719,19,3,3607.75,10823.25
1720,1720,20,4,3745.00,14980.00
1721,1721,21,1,3882.25,3882.25
1722,1722,22,2,4019.50,8039.00
1723,1723,23,3,4156.75,12470.25
1724,1724,24,4,4294.00,17176.00
1725,1725,25,1,4431.25,4431.25
1726,1726,26,2,4568.50,9137.00
1727,1727,27,3,4705.75,14117.25
1728,1728,28,4,4843.00,19372.00
1729,1729,29,1,4980.25,4980.25
1730,1730,30,2,5117.50,10235.00
1731,1731,31,3,5254.75,15764.25
1732,1732,32,4,5392.00,21568.00
1733,1733,33,1,5529.25,5529.25
1734,1734,34,2,5666.50,11333.00
1735,1735,35,3,5803.75,17411.25
1736,1736,36,4,5941.00,23764.00
1737,1737,37,1,6078.25,6078.25
1738,1738,38,2,6215.50,12431.00
1739,1739,39,3,6352.75,19058.25
1740,1740,40,4,6490.00,25960.00
1741,1741,41,1,6627.25,6627.25
1742,1742,42,2,6764.50,13529.00
1743,1743,43,3,6901.75,20705.25
1744,1744,44,4,7039.00,28156.00
1745,1745,45,1,7176.25,7176.25
1746,1746,46,2,7313.50,14627.00
1747,1747,47,3,7450.75,22352.25
1748,1748,48,4,7588.00,30352.00
1749,1749,49,1,7725.25,7725.25
1750,1750,50,2,7862.50,15725.00
1751,1751,51,3,7999.75,23999.25
1752,1752,52,4,8137.00,32548.00
1753,1753,53,1,8274.25,8274.25
1754,1754,54,2,8411.50,16823.00
1755,1755,55,3,8548.75,25646.25
1756,1756,56,4,8686.00,34744.00
1757,1757,57,1,8823.25,8823.25
1758,1758,58,2,8960.50,17921.00
1759,1759,59,3,9097.75,27293.25
1760,1760,60,4,9235.00,36940.00
1761,1761,61,1,9372.25,9372.25
1762,1762,62,2,9509.50,19019.00
1763,1763,63,3,9646.75,28940.25
1764,1764,64,4,9784.00,39136.00
1765,1765,65,1,9921.25,9921.25
1766,1766,66,2,10058.50,20117.00
1767,1767,67,3,10195.75,30587.25
1768,1768,68,4,10333.00,41332.00
1769,1769,69,1,10470.25,10470.25
1770,1770,70,2,10607.50,21215.00
1771,1771,71,3,10744.75,32234.25
1772,1772,72,4,10882.00,43528.00
1773,1773,73,1,11019.25,11019.25
1774,1774,74,2,11156.50,22313.00
1775,1775,75,3,11293.75,33881.25
1776,1776,76,4,11431.00,45724.00
1777,1777,77,1,11568.25,11568.25
1778,1778,78,2,11705.50,23411.00
1779,1779,79,3,11842.75,35528.25
1780,1780,80,4,11980.00,47920.00
1781,1781,81,1,12117.25,12117.25
1782,1782,82,2,12254.50,24509.00
1783,1783,83,3,12391.75,37175.25
1784,1784,84,4,12529.00,50116.00
1785,1785,85,1,12666.25,12666.25
1786,1786,86,2,12803.50,25607.00
1787,1787,87,3,12940.75,38822.25
1788,1788,88,4,13078.00,52312.00
1789,1789,89,1,13215.25,13215.25
1790,1790,90,2,13352.50,26705.00
1791,1791,91,3,13489.75,40469.25
1792,1792,92,4,13627.00,54508.00
1793,1793,93,1,13764.25,13764.25
1794,1794,94,2,13901.50,27803.00
1795,1795,95,3,14038.75,42116.25
1796,1796,96,4,14176.00,56704.00
1797,1797,97,1,14313.25,14313.25
1798,1798,98,2,14450.50,28901.00
1799,1799,99,3,14587.75,43763.25
1800,1800,100,4,14725.00,58900.00
1801,1801,1,1,1137.25,1137.25
1802,1802,2,2,1274.50,2549.00
1803,1803,3,3,1411.75,4235.25
1804,1804,4,4,1549.00,6196.00
1805,1805,5,1,1686.25,1686.25
1806,1806,6,2,1823.50,3647.00
1807,1807,7,3,1960.75,5882.25
1808,1808,8,4,2098.00,8392.00
1809,1809,9,1,2235.25,2235.25
1810,1810,10,2,2372.50,4745.00
1811,1811,11,3,2509.75,7529.25
1812,1812,12,4,2647.00,10588.00
1813,1813,13,1,2784.25,2784.25
1814,1814,14,2,2921.50,5843.00
1815,1815,15,3,3058.75,9176.25
1816,1816,16,4,3196.00,12784.00
1817,1817,17,1,3333.25,3333.25
1818,1818,18,2,3470.50,6941.00
1819,1819,19,3,3607.75,10823.25
1820,1820,20,4,3745.00,14980.00
1821,1821,21,1,3882.25,3882.25
1822,1822,22,2,4019.50,8039.00
1823,1823,23,3,4156.75,12470.25
1824,1824,24,4,4294.00,17176.00
1825,1825,25,1,4431.25,4431.25
1826,1826,26,2,4568.50,9137.00
1827,1827,27,3,4705.75,14117.25
1828,1828,28,4,4843.00,19372.00
1829,1829,29,1,4980.25,4980.25
1830,1830,30,2,5117.50,10235.00
1831,1831,31,3,5254.75,15764.25
1832,1832,32,4,5392.00,21568.00
1833,1833,33,1,5529.25,5529.25
1834,1834,34,2,5666.50,11333.00
1835,1835,35,3,5803.75,17411.25
1836,1836,36,4,5941.00,23764.00
1837,1837,37,1,6078.25,6078.25
1838,1838,38,2,6215.50,12431.00
1839,1839,39,3,6352.75,19058.25
1840,1840,40,4,6490.00,25960.00
1841,1841,41,1,6627.25,6627.25
1842,1842,42,2,6764.50,13529.00
1843,1843,43,3,6901.75,20705.25
1844,1844,44,4,7039.00,28156.00
1845,1845,45,1,7176.25,7176.25
1846,1846,46,2,7313.50,14627.00
1847,1847,47,3,7450.75,22352.25
1848,1848,48,4,7588.00,30352.00
1849,1849,49,1,7725.25,7725.25
1850,1850,50,2,7862.50,15725.00
1851,1851,51,3,7999.75,23999.25
1852,1852,52,4,8137.00,32548.00
1853,1853,53,1,8274.25,8274.25
1854,1854,54,2,8411.50,16823.00
1855,1855,55,3,8548.75,25646.25
1856,1856,56,4,8686.00,34744.00
1857,1857,57,1,8823.25,8823.25
1858,1858,58,2,8960.50,17921.00
1859,1859,59,3,9097.75,27293.25
1860,1860,60,4,9235.00,36940.00
1861,1861,61,1,9372.25,9372.25
1862,1862,62,2,9509.50,19019.00
1863,1863,63,3,9646.75,28940.25
1864,1864,64,4,9784.00,39136.00
1865,1865,65,1,9921.25,9921.25
1866,1866,66,2,10058.50,20117.00
1867,1867,67,3,10195.75,30587.25
1868,1868,68,4,10333.00,41332.00
1869,1869,69,1,10470.25,10470.25
1870,1870,70,2,10607.50,21215.00
1871,1871,71,3,10744.75,32234.25
1872,1872,72,4,10882.00,43528.00
1873,1873,73,1,11019.25,11019.25
1874,1874,74,2,11156.50,22313.00
1875,1875,75,3,11293.75,33881.25
1876,1876,76,4,11431.00,45724.00
1877,1877,77,1,11568.25,11568.25
1878,1878,78,2,11705.50,23411.00
1879,1879,79,3,11842.75,35528.25
1880,1880,80,4,11980.00,47920.00
1881,1881,81,1,12117.25,12117.25
1882,1882,82,2,12254.50,24509.00
1883,1883,83,3,12391.75,37175.25
1884,1884,84,4,12529.00,50116.00
1885,1885,85,1,12666.25,12666.25
1886,1886,86,2,12803.50,25607.00
1887,1887,87,3,12940.75,38822.25
1888,1888,88,4,13078.00,52312.00
1889,1889,89,1,13215.25,13215.25
1890,1890,90,2,13352.50,26705.00
1891,1891,91,3,13489.75,40469.25
1892,1892,92,4,13627.00,54508.00
1893,1893,93,1,13764.25,13764.25
1894,1894,94,2,13901.50,27803.00
1895,1895,95,3,14038.75,42116.25
1896,1896,96,4,14176.00,56704.00
1897,1897,97,1,14313.25,14313.25
1898,1898,98,2,14450.50,28901.00
1899,1899,99,3,14587.75,43763.25
1900,1900,100,4,14725.00,58900.00
1901,1901,1,1,1137.25,1137.25
1902,1902,2,2,1274.50,2549.00
1903,1903,3,3,1411.75,4235.25
1904,1904,4,4,1549.00,6196.00
1905,1905,5,1,1686.25,1686.25
1906,1906,6,2,1823.50,3647.00
1907,1907,7,3,1960.75,5882.25
1908,1908,8,4,2098.00,8392.00
1909,1909,9,1,2235.25,2235.25
1910,1910,10,2,2372.50,4745.00
1911,1911,11,3,2509.75,7529.25
1912,1912,12,4,2647.00,10588.00
1913,1913,13,1,2784.25,2784.25
1914,1914,14,2,2921.50,5843.00
1915,1915,15,3,3058.75,9176.25
1916,1916,16,4,3196.00,12784.00
1917,1917,17,1,3333.25,3333.25
1918,1918,18,2,3470.50,6941.00
1919,1919,19,3,3607.75,10823.25
1920,1920,20,4,3745.00,14980.00
1921,1921,21,1,3882.25,3882.25
1922,1922,22,2,4019.50,8039.00
1923,1923,23,3,4156.75,12470.25
1924,1924,24,4,4294.00,17176.00
1925,1925,25,1,4431.25,4431.25
1926,1926,26,2,4568.50,9137.00
1927,1927,27,3,4705.75,14117.25
1928,1928,28,4,4843.00,19372.00
1929,1929,29,1,4980.25,4980.25
1930,1930,30,2,5117.50,10235.00
1931,1931,31,3,5254.75,15764.25
1932,1932,32,4,5392.00,21568.00
1933,1933,33,1,5529.25,5529.25
1934,1934,34,2,5666.50,11333.00
1935,1935,35,3,5803.75,17411.25
1936,1936,36,4,5941.00,23764.00
1937,1937,37,1,6078.25,6078.25
1938,1938,38,2,6215.50,12431.00
1939,1939,39,3,6352.75,19058.25
1940,1940,40,4,6490.00,25960.00
1941,1941,41,1,6627.25,6627.25
1942,1942,42,2,6764.50,13529.00
1943,1943,43,3,6901.75,20705.25
1944,1944,44,4,7039.00,28156.00
1945,1945,45,1,7176.25,7176.25
1946,1946,46,2,7313.50,14627.00
1947,1947,47,3,7450.75,22352.25
1948,1948,48,4,7588.00,30352.00
1949,1949,49,1,7725.25,7725.25
1950,1950,50,2,7862.50,15725.00
1951,1951,51,3,7999.75,23999.25
1952,1952,52,4,8137.00,32548.00
1953,1953,53,1,8274.25,8274.25
1954,1954,54,2,8411.50,16823.00
1955,1955,55,3,8548.75,25646.25
1956,1956,56,4,8686.00,34744.00
1957,1957,57,1,8823.25,8823.25
1958,1958,58,2,8960.50,17921.00
1959,1959,59,3,9097.75,27293.25
1960,1960,60,4,9235.00,36940.00
1961,1961,61,1,9372.25,9372.25
1962,1962,62,2,9509.50,19019.00
1963,1963,63,3,9646.75,28940.25
1964,1964,64,4,9784.00,39136.00
1965,1965,65,1,9921.25,9921.25
1966,1966,66,2,10058.50,20117.00
1967,1967,67,3,10195.75,30587.25
1968,1968,68,4,10333.00,41332.00
1969,1969,69,1,10470.25,10470.25
1970,1970,70,2,10607.50,21215.00
1971,1971,71,3,10744.75,32234.25
1972,1972,72,4,10882.00,43528.00
1973,1973,73,1,11019.25,11019.25
1974,1974,74,2,11156.50,22313.00
1975,1975,75,3,11293.75,33881.25
1976,1976,76,4,11431.00,45724.00
1977,1977,77,1,11568.25,11568.25
1978,1978,78,2,11705.50,23411.00
1979,1979,79,3,11842.75,35528.25
1980,1980,80,4,11980.00,47920.00
1981,1981,81,1,12117.25,12117.25
1982,1982,82,2,12254.50,24509.00
1983,1983,83,3,12391.75,37175.25
1984,1984,84,4,12529.00,50116.00
1985,1985,85,1,12666.25,12666.25
1986,1986,86,2,12803.50,25607.00
1987,1987,87,3,12940.75,38822.25
1988,1988,88,4,13078.00,52312.00
1989,1989,89,1,13215.25,13215.25
1990,1990,90,2,13352.50,26705.00
1991,1991,91,3,13489.75,40469.25
1992,1992,92,4,13627.00,54508.00
1993,1993,93,1,13764.25,13764.25
1994,1994,94,2,13901.50,27803.00
1995,1995,95,3,14038.75,42116.25
1996,1996,96,4,14176.00,56704.00
1997,1997,97,1,14313.25,14313.25
1998,1998,98,2,14450.50,28901.00
1999,1999,99,3,14587.75,43763.25
2000,2000,100,4,14725.00,58900.00
2001,2001,1,1,1137.25,1137.25
2002,2002,2,2,1274.50,2549.00
2003,2003,3,3,1411.75,4235.25
2004,2004,4,4,1549.00,6196.00
2005,2005,5,1,1686.25,1686.25
2006,2006,6,2,1823.50,3647.00
2007,2007,7,3,1960.75,5882.25
2008,2008,8,4,2098.00,8392.00
2009,2009,9,1,2235.25,2235.25
2010,2010,10,2,2372.50,4745.00
2011,2011,11,3,2509.75,7529.25
2012,2012,12,4,2647.00,10588.00
2013,2013,13,1,2784.25,2784.25
2014,2014,14,2,2921.50,5843.00
2015,2015,15,3,3058.75,9176.25
2016,2016,16,4,3196.00,12784.00
2017,2017,17,1,3333.25,3333.25
2018,2018,18,2,3470.50,6941.00
2019,2019,19,3,3607.75,10823.25
2020,2020,20,4,3745.00,14980.00
2021,2021,21,1,3882.25,3882.25
2022,2022,22,2,4019.50,8039.00
2023,2023,23,3,4156.75,12470.25
2024,2024,24,4,4294.00,17176.00
2025,2025,25,1,4431.25,4431.25
2026,2026,26,2,4568.50,9137.00
2027,2027,27,3,4705.75,14117.25
2028,2028,28,4,4843.00,19372.00
2029,2029,29,1,4980.25,4980.25
2030,2030,30,2,5117.50,10235.00
2031,2031,31,3,5254.75,15764.25
2032,2032,32,4,5392.00,21568.00
2033,2033,33,1,5529.25,5529.25
2034,2034,34,2,5666.50,11333.00
2035,2035,35,3,5803.75,17411.25
2036,2036,36,4,5941.00,23764.00
2037,2037,37,1,6078.25,6078.25
2038,2038,38,2,6215.50,12431.00
2039,2039,39,3,6352.75,19058.25
2040,2040,40,4,6490.00,25960.00
2041,2041,41,1,6627.25,6627.25
2042,2042,42,2,6764.50,13529.00
2043,2043,43,3,6901.75,20705.25
2044,2044,44,4,7039.00,28156.00
2045,2045,45,1,7176.25,7176.25
2046,2046,46,2,7313.50,14627.00
2047,2047,47,3,7450.75,22352.25
2048,2048,48,4,7588.00,30352.00
2049,2049,49,1,7725.25,7725.25
2050,2050,50,2,7862.50,15725.00
2051,2051,51,3,7999.75,23999.25
2052,2052,52,4,8137.00,32548.00
2053,2053,53,1,8274.25,8274.25
2054,2054,54,2,8411.50,16823.00
2055,2055,55,3,8548.75,25646.25
2056,2056,56,4,8686.00,34744.00
2057,2057,57,1,8823.25,8823.25
2058,2058,58,2,8960.50,17921.00
2059,2059,59,3,9097.75,27293.25
2060,2060,60,4,9235.00,36940.00
2061,2061,61,1,9372.25,9372.25
2062,2062,62,2,9509.50,19019.00
2063,2063,63,3,9646.75,28940.25
2064,2064,64,4,9784.00,39136.00
2065,2065,65,1,9921.25,9921.25
2066,2066,66,2,10058.50,20117.00
2067,2067,67,3,10195.75,30587.25
2068,2068,68,4,10333.00,41332.00
2069,2069,69,1,10470.25,10470.25
2070,2070,70,2,10607.50,21215.00
2071,2071,71,3,10744.75,32234.25
2072,2072,72,4,10882.00,43528.00
2073,2073,73,1,11019.25,11019.25
2074,2074,74,2,11156.50,22313.00
2075,2075,75,3,11293.75,33881.25
2076,2076,76,4,11431.00,45724.00
2077,2077,77,1,11568.25,11568.25
2078,2078,78,2,11705.50,23411.00
2079,2079,79,3,11842.75,35528.25
2080,2080,80,4,11980.00,47920.00
2081,2081,81,1,12117.25,12117.25
2082,2082,82,2,12254.50,24509.00
2083,2083,83,3,12391.75,37175.25
2084,2084,84,4,12529.00,50116.00
2085,2085,85,1,12666.25,12666.25
2086,2086,86,2,12803.50,25607.00
2087,2087,87,3,12940.75,38822.25
2088,2088,88,4,13078.00,52312.00
2089,2089,89,1,13215.25,13215.25
2090,2090,90,2,13352.50,26705.00
2091,2091,91,3,13489.75,40469.25
2092,2092,92,4,13627.00,54508.00
2093,2093,93,1,13764.25,13764.25
2094,2094,94,2,13901.50,27803.00
2095,2095,95,3,14038.75,42116.25
2096,2096,96,4,14176.00,56704.00
2097,2097,97,1,14313.25,14313.25
2098,2098,98,2,14450.50,28901.00
2099,2099,99,3,14587.75,43763.25
2100,2100,100,4,14725.00,58900.00
2101,2101,1,1,1137.25,1137.25
2102,2102,2,2,1274.50,2549.00
2103,2103,3,3,1411.75,4235.25
2104,2104,4,4,1549.00,6196.00
2105,2105,5,1,1686.25,1686.25
2106,2106,6,2,1823.50,3647.00
2107,2107,7,3,1960.75,5882.25
2108,2108,8,4,2098.00,8392.00
2109,2109,9,1,2235.25,2235.25
2110,2110,10,2,2372.50,4745.00
2111,2111,11,3,2509.75,7529.25
2112,2112,12,4,2647.00,10588.00
2113,2113,13,1,2784.25,2784.25
2114,2114,14,2,2921.50,5843.00
2115,2115,15,3,3058.75,9176.25
2116,2116,16,4,3196.00,12784.00
2117,2117,17,1,3333.25,3333.25
2118,2118,18,2,3470.50,6941.00
2119,2119,19,3,3607.75,10823.25
2120,2120,20,4,3745.00,14980.00
2121,2121,21,1,3882.25,3882.25
2122,2122,22,2,4019.50,8039.00
2123,2123,23,3,4156.75,12470.25
2124,2124,24,4,4294.00,17176.00
2125,2125,25,1,4431.25,4431.25
2126,2126,26,2,4568.50,9137.00
2127,2127,27,3,4705.75,14117.25
2128,2128,28,4,4843.00,19372.00
2129,2129,29,1,4980.25,4980.25
2130,2130,30,2,5117.50,10235.00
2131,2131,31,3,5254.75,15764.25
2132,2132,32,4,5392.00,21568.00
2133,2133,33,1,5529.25,5529.25
2134,2134,34,2,5666.50,11333.00
2135,2135,35,3,5803.75,17411.25
2136,2136,36,4,5941.00,23764.00
2137,2137,37,1,6078.25,6078.25
2138,2138,38,2,6215.50,12431.00
2139,2139,39,3,6352.75,19058.25
2140,2140,40,4,6490.00,25960.00
2141,2141,41,1,6627.25,6627.25
2142,2142,42,2,6764.50,13529.00
2143,2143,43,3,6901.75,20705.25
2144,2144,44,4,7039.00,28156.00
2145,2145,45,1,7176.25,7176.25
2146,2146,46,2,7313.50,14627.00
2147,2147,47,3,7450.75,22352.25
2148,2148,48,4,7588.00,30352.00
2149,2149,49,1,7725.25,7725.25
2150,2150,50,2,7862.50,15725.00
2151,2151,51,3,7999.75,23999.25
2152,2152,52,4,8137.00,32548.00
2153,2153,53,1,8274.25,8274.25
2154,2154,54,2,8411.50,16823.00
2155,2155,55,3,8548.75,25646.25
2156,2156,56,4,8686.00,34744.00
2157,2157,57,1,8823.25,8823.25
2158,2158,58,2,8960.50,17921.00
2159,2159,59,3,9097.75,27293.25
2160,2160,60,4,9235.00,36940.00
2161,2161,61,1,9372.25,9372.25
2162,2162,62,2,9509.50,19019.00
2163,2163,63,3,9646.75,28940.25
2164,2164,64,4,9784.00,39136.00
2165,2165,65,1,9921.25,9921.25
2166,2166,66,2,10058.50,20117.00
2167,2167,67,3,10195.75,30587.25
2168,2168,68,4,10333.00,41332.00
2169,2169,69,1,10470.25,10470.25
2170,2170,70,2,10607.50,21215.00
2171,2171,71,3,10744.75,32234.25
2172,2172,72,4,10882.00,43528.00
2173,2173,73,1,11019.25,11019.25
2174,2174,74,2,11156.50,22313.00
2175,2175,75,3,11293.75,33881.25
2176,2176,76,4,11431.00,45724.00
2177,2177,77,1,11568.25,11568.25
2178,2178,78,2,11705.50,23411.00
2179,2179,79,3,11842.75,35528.25
2180,2180,80,4,11980.00,47920.00
2181,2181,81,1,12117.25,12117.25
2182,2182,82,2,12254.50,24509.00
2183,2183,83,3,12391.75,37175.25
2184,2184,84,4,12529.00,50116.00
2185,2185,85,1,12666.25,12666.25
2186,2186,86,2,12803.50,25607.00
2187,2187,87,3,12940.75,38822.25
2188,2188,88,4,13078.00,52312.00
2189,2189,89,1,13215.25,13215.25
2190,2190,90,2,13352.50,26705.00
2191,2191,91,3,13489.75,40469.25
2192,2192,92,4,13627.00,54508.00
2193,2193,93,1,13764.25,13764.25
2194,2194,94,2,13901.50,27803.00
2195,2195,95,3,14038.75,42116.25
2196,2196,96,4,14176.00,56704.00
2197,2197,97,1,14313.25,14313.25
2198,2198,98,2,14450.50,28901.00
2199,2199,99,3,14587.75,43763.25
2200,2200,100,4,14725.00,58900.00
2201,2201,1,1,1137.25,1137.25
2202,2202,2,2,1274.50,2549.00
2203,2203,3,3,1411.75,4235.25
2204,2204,4,4,1549.00,6196.00
2205,2205,5,1,1686.25,1686.25
2206,2206,6,2,1823.50,3647.00
2207,2207,7,3,1960.75,5882.25
2208,2208,8,4,2098.00,8392.00
2209,2209,9,1,2235.25,2235.25
2210,2210,10,2,2372.50,4745.00
2211,2211,11,3,2509.75,7529.25
2212,2212,12,4,2647.00,10588.00
2213,2213,13,1,2784.25,2784.25
2214,2214,14,2,2921.50,5843.00
2215,2215,15,3,3058.75,9176.25
2216,2216,16,4,3196.00,12784.00
2217,2217,17,1,3333.25,3333.25
2218,2218,18,2,3470.50,6941.00
2219,2219,19,3,3607.75,10823.25
2220,2220,20,4,3745.00,14980.00
2221,2221,21,1,3882.25,3882.25
2222,2222,22,2,4019.50,8039.00
2223,2223,23,3,4156.75,12470.25
2224,2224,24,4,4294.00,17176.00
2225,2225,25,1,4431.25,4431.25
2226,2226,26,2,4568.50,9137.00
2227,2227,27,3,4705.75,14117.25
2228,2228,28,4,4843.00,19372.00
2229,2229,29,1,4980.25,4980.25
2230,2230,30,2,5117.50,10235.00
2231,2231,31,3,5254.75,15764.25
2232,2232,32,4,5392.00,21568.00
2233,2233,33,1,5529.25,5529.25
2234,2234,34,2,5666.50,11333.00
2235,2235,35,3,5803.75,17411.25
2236,2236,36,4,5941.00,23764.00
2237,2237,37,1,6078.25,6078.25
2238,2238,38,2,6215.50,12431.00
2239,2239,39,3,6352.75,19058.25
2240,2240,40,4,6490.00,25960.00
2241,2241,41,1,6627.25,6627.25
2242,2242,42,2,6764.50,13529.00
2243,2243,43,3,6901.75,20705.25
2244,2244,44,4,7039.00,28156.00
2245,2245,45,1,7176.25,7176.25
2246,2246,46,2,7313.50,14627.00
2247,2247,47,3,7450.75,22352.25
2248,2248,48,4,7588.00,30352.00
2249,2249,49,1,7725.25,7725.25
2250,2250,50,2,7862.50,15725.00
2251,2251,51,3,7999.75,23999.25
2252,2252,52,4,8137.00,32548.00
2253,2253,53,1,8274.25,8274.25
2254,2254,54,2,8411.50,16823.00
2255,2255,55,3,8548.75,25646.25
2256,2256,56,4,8686.00,34744.00
2257,2257,57,1,8823.25,8823.25
2258,2258,58,2,8960.50,17921.00
2259,2259,59,3,9097.75,27293.25
2260,2260,60,4,9235.00,36940.00
2261,2261,61,1,9372.25,9372.25
2262,2262,62,2,9509.50,19019.00
2263,2263,63,3,9646.75,28940.25
2264,2264,64,4,9784.00,39136.00
2265,2265,65,1,9921.25,9921.25
2266,2266,66,2,10058.50,20117.00
2267,2267,67,3,10195.75,30587.25
2268,2268,68,4,10333.00,41332.00
2269,2269,69,1,10470.25,10470.25
2270,2270,70,2,10607.50,21215.00
2271,2271,71,3,10744.75,32234.25
2272,2272,72,4,10882.00,43528.00
2273,2273,73,1,11019.25,11019.25
2274,2274,74,2,11156.50,22313.00
2275,2275,75,3,11293.75,33881.25
2276,2276,76,4,11431.00,45724.00
2277,2277,77,1,11568.25,11568.25
2278,2278,78,2,11705.50,23411.00
2279,2279,79,3,11842.75,35528.25
2280,2280,80,4,11980.00,47920.00
2281,2281,81,1,12117.25,12117.25
2282,2282,82,2,12254.50,24509.00
2283,2283,83,3,12391.75,37175.25
2284,2284,84,4,12529.00,50116.00
2285,2285,85,1,12666.25,12666.25
2286,2286,86,2,12803.50,25607.00
2287,2287,87,3,12940.75,38822.25
2288,2288,88,4,13078.00,52312.00
2289,2289,89,1,13215.25,13215.25
2290,2290,90,2,13352.50,26705.00
2291,2291,91,3,13489.75,40469.25
2292,2292,92,4,13627.00,54508.00
2293,2293,93,1,13764.25,13764.25
2294,2294,94,2,13901.50,27803.00
2295,2295,95,3,14038.75,42116.25
2296,2296,96,4,14176.00,56704.00
2297,2297,97,1,14313.25,14313.25
2298,2298,98,2,14450.50,28901.00
2299,2299,99,3,14587.75,43763.25
2300,2300,100,4,14725.00,58900.00
2301,2301,1,1,1137.25,1137.25
2302,2302,2,2,1274.50,2549.00
2303,2303,3,3,1411.75,4235.25
2304,2304,4,4,1549.00,6196.00
2305,2305,5,1,1686.25,1686.25
2306,2306,6,2,1823.50,3647.00
2307,2307,7,3,1960.75,5882.25
2308,2308,8,4,2098.00,8392.00
2309,2309,9,1,2235.25,2235.25
2310,2310,10,2,2372.50,4745.00
2311,2311,11,3,2509.75,7529.25
2312,2312,12,4,2647.00,10588.00
2313,2313,13,1,2784.25,2784.25
2314,2314,14,2,2921.50,5843.00
2315,2315,15,3,3058.75,9176.25
2316,2316,16,4,3196.00,12784.00
2317,2317,17,1,3333.25,3333.25
2318,2318,18,2,3470.50,6941.00
2319,2319,19,3,3607.75,10823.25
2320,2320,20,4,3745.00,14980.00
2321,2321,21,1,3882.25,3882.25
2322,2322,22,2,4019.50,8039.00
2323,2323,23,3,4156.75,12470.25
2324,2324,24,4,4294.00,17176.00
2325,2325,25,1,4431.25,4431.25
2326,2326,26,2,4568.50,9137.00
2327,2327,27,3,4705.75,14117.25
2328,2328,28,4,4843.00,19372.00
2329,2329,29,1,4980.25,4980.25
2330,2330,30,2,5117.50,10235.00
2331,2331,31,3,5254.75,15764.25
2332,2332,32,4,5392.00,21568.00
2333,2333,33,1,5529.25,5529.25
2334,2334,34,2,5666.50,11333.00
2335,2335,35,3,5803.75,17411.25
2336,2336,36,4,5941.00,23764.00
2337,2337,37,1,6078.25,6078.25
2338,2338,38,2,6215.50,12431.00
2339,2339,39,3,6352.75,19058.25
2340,2340,40,4,6490.00,25960.00
2341,2341,41,1,6627.25,6627.25
2342,2342,42,2,6764.50,13529.00
2343,2343,43,3,6901.75,20705.25
2344,2344,44,4,7039.00,28156.00
2345,2345,45,1,7176.25,7176.25
2346,2346,46,2,7313.50,14627.00
2347,2347,47,3,7450.75,22352.25
2348,2348,48,4,7588.00,30352.00
2349,2349,49,1,7725.25,7725.25
2350,2350,50,2,7862.50,15725.00
2351,2351,51,3,7999.75,23999.25
2352,2352,52,4,8137.00,32548.00
2353,2353,53,1,8274.25,8274.25
2354,2354,54,2,8411.50,16823.00
2355,2355,55,3,8548.75,25646.25
2356,2356,56,4,8686.00,34744.00
2357,2357,57,1,8823.25,8823.25
2358,2358,58,2,8960.50,17921.00
2359,2359,59,3,9097.75,27293.25
2360,2360,60,4,9235.00,36940.00
2361,2361,61,1,9372.25,9372.25
2362,2362,62,2,9509.50,19019.00
2363,2363,63,3,9646.75,28940.25
2364,2364,64,4,9784.00,39136.00
2365,2365,65,1,9921.25,9921.25
2366,2366,66,2,10058.50,20117.00
2367,2367,67,3,10195.75,30587.25
2368,2368,68,4,10333.00,41332.00
2369,2369,69,1,10470.25,10470.25
2370,2370,70,2,10607.50,21215.00
2371,2371,71,3,10744.75,32234.25
2372,2372,72,4,10882.00,43528.00
2373,2373,73,1,11019.25,11019.25
2374,2374,74,2,11156.50,22313.00
2375,2375,75,3,11293.75,33881.25
2376,2376,76,4,11431.00,45724.00
2377,2377,77,1,11568.25,11568.25
2378,2378,78,2,11705.50,23411.00
2379,2379,79,3,11842.75,35528.25
2380,2380,80,4,11980.00,47920.00
2381,2381,81,1,12117.25,12117.25
2382,2382,82,2,12254.50,24509.00
2383,2383,83,3,12391.75,37175.25
2384,2384,84,4,12529.00,50116.00
2385,2385,85,1,12666.25,12666.25
2386,2386,86,2,12803.50,25607.00
2387,2387,87,3,12940.75,38822.25
2388,2388,88,4,13078.00,52312.00
2389,2389,89,1,13215.25,13215.25
2390,2390,90,2,13352.50,26705.00
2391,2391,91,3,13489.75,40469.25
2392,2392,92,4,13627.00,54508.00
2393,2393,93,1,13764.25,13764.25
2394,2394,94,2,13901.50,27803.00
2395,2395,95,3,14038.75,42116.25
2396,2396,96,4,14176.00,56704.00
2397,2397,97,1,14313.25,14313.25
2398,2398,98,2,14450.50,28901.00
2399,2399,99,3,14587.75,43763.25
2400,2400,100,4,14725.00,58900.00
2401,2401,1,1,1137.25,1137.25
2402,2402,2,2,1274.50,2549.00
2403,2403,3,3,1411.75,4235.25
2404,2404,4,4,1549.00,6196.00
2405,2405,5,1,1686.25,1686.25
2406,2406,6,2,1823.50,3647.00
2407,2407,7,3,1960.75,5882.25
2408,2408,8,4,2098.00,8392.00
2409,2409,9,1,2235.25,2235.25
2410,2410,10,2,2372.50,4745.00
2411,2411,11,3,2509.75,7529.25
2412,2412,12,4,2647.00,10588.00
2413,2413,13,1,2784.25,2784.25
2414,2414,14,2,2921.50,5843.00
2415,2415,15,3,3058.75,9176.25
2416,2416,16,4,3196.00,12784.00
2417,2417,17,1,3333.25,3333.25
2418,2418,18,2,3470.50,6941.00
2419,2419,19,3,3607.75,10823.25
2420,2420,20,4,3745.00,14980.00
2421,2421,21,1,3882.25,3882.25
2422,2422,22,2,4019.50,8039.00
2423,2423,23,3,4156.75,12470.25
2424,2424,24,4,4294.00,17176.00
2425,2425,25,1,4431.25,4431.25
2426,2426,26,2,4568.50,9137.00
2427,2427,27,3,4705.75,14117.25
2428,2428,28,4,4843.00,19372.00
2429,2429,29,1,4980.25,4980.25
2430,2430,30,2,5117.50,10235.00
2431,2431,31,3,5254.75,15764.25
2432,2432,32,4,5392.00,21568.00
2433,2433,33,1,5529.25,5529.25
2434,2434,34,2,5666.50,11333.00
2435,2435,35,3,5803.75,17411.25
2436,2436,36,4,5941.00,23764.00
2437,2437,37,1,6078.25,6078.25
2438,2438,38,2,6215.50,12431.00
2439,2439,39,3,6352.75,19058.25
2440,2440,40,4,6490.00,25960.00
2441,2441,41,1,6627.25,6627.25
2442,2442,42,2,6764.50,13529.00
2443,2443,43,3,6901.75,20705.25
2444,2444,44,4,7039.00,28156.00
2445,2445,45,1,7176.25,7176.25
2446,2446,46,2,7313.50,14627.00
2447,2447,47,3,7450.75,22352.25
2448,2448,48,4,7588.00,30352.00
2449,2449,49,1,7725.25,7725.25
2450,2450,50,2,7862.50,15725.00
2451,2451,51,3,7999.75,23999.25
2452,2452,52,4,8137.00,32548.00
2453,2453,53,1,8274.25,8274.25
2454,2454,54,2,8411.50,16823.00
2455,2455,55,3,8548.75,25646.25
2456,2456,56,4,8686.00,34744.00
2457,2457,57,1,8823.25,8823.25
2458,2458,58,2,8960.50,17921.00
2459,2459,59,3,9097.75,27293.25
2460,2460,60,4,9235.00,36940.00
2461,2461,61,1,9372.25,9372.25
2462,2462,62,2,9509.50,19019.00
2463,2463,63,3,9646.75,28940.25
2464,2464,64,4,9784.00,39136.00
2465,2465,65,1,9921.25,9921.25
2466,2466,66,2,10058.50,20117.00
2467,2467,67,3,10195.75,30587.25
2468,2468,68,4,10333.00,41332.00
2469,2469,69,1,10470.25,10470.25
2470,2470,70,2,10607.50,21215.00
2471,2471,71,3,10744.75,32234.25
2472,2472,72,4,10882.00,43528.00
2473,2473,73,1,11019.25,11019.25
2474,2474,74,2,11156.50,22313.00
2475,2475,75,3,11293.75,33881.25
2476,2476,76,4,11431.00,45724.00
2477,2477,77,1,11568.25,11568.25
2478,2478,78,2,11705.50,23411.00
2479,2479,79,3,11842.75,35528.25
2480,2480,80,4,11980.00,47920.00
2481,2481,81,1,12117.25,12117.25
2482,2482,82,2,12254.50,24509.00
2483,2483,83,3,12391.75,37175.25
2484,2484,84,4,12529.00,50116.00
2485,2485,85,1,12666.25,12666.25
2486,2486,86,2,12803.50,25607.00
2487,2487,87,3,12940.75,38822.25
2488,2488,88,4,13078.00,52312.00
2489,2489,89,1,13215.25,13215.25
2490,2490,90,2,13352.50,26705.00
2491,2491,91,3,13489.75,40469.25
2492,2492,92,4,13627.00,54508.00
2493,2493,93,1,13764.25,13764.25
2494,2494,94,2,13901.50,27803.00
2495,2495,95,3,14038.75,42116.25
2496,2496,96,4,14176.00,56704.00
2497,2497,97,1,14313.25,14313.25
2498,2498,98,2,14450.50,28901.00
2499,2499,99,3,14587.75,43763.25
2500,2500,100,4,14725.00,58900.00
2501,2501,1,1,1137.25,1137.25
2502,2502,2,2,1274.50,2549.00
2503,2503,3,3,1411.75,4235.25
2504,2504,4,4,1549.00,6196.00
2505,2505,5,1,1686.25,1686.25
2506,2506,6,2,1823.50,3647.00
2507,2507,7,3,1960.75,5882.25
2508,2508,8,4,2098.00,8392.00
2509,2509,9,1,2235.25,2235.25
2510,2510,10,2,2372.50,4745.00
2511,2511,11,3,2509.75,7529.25
2512,2512,12,4,2647.00,10588.00
2513,2513,13,1,2784.25,2784.25
2514,2514,14,2,2921.50,5843.00
2515,2515,15,3,3058.75,9176.25
2516,2516,16,4,3196.00,12784.00
2517,2517,17,1,3333.25,3333.25
2518,2518,18,2,3470.50,6941.00
2519,2519,19,3,3607.75,10823.25
2520,2520,20,4,3745.00,14980.00
2521,2521,21,1,3882.25,3882.25
2522,2522,22,2,4019.50,8039.00
2523,2523,23,3,4156.75,12470.25
2524,2524,24,4,4294.00,17176.00
2525,2525,25,1,4431.25,4431.25
2526,2526,26,2,4568.50,9137.00
2527,2527,27,3,4705.75,14117.25
2528,2528,28,4,4843.00,19372.00
2529,2529,29,1,4980.25,4980.25
2530,2530,30,2,5117.50,10235.00
2531,2531,31,3,5254.75,15764.25
2532,2532,32,4,5392.00,21568.00
2533,2533,33,1,5529.25,5529.25
2534,2534,34,2,5666.50,11333.00
2535,2535,35,3,5803.75,17411.25
2536,2536,36,4,5941.00,23764.00
2537,2537,37,1,6078.25,6078.25
2538,2538,38,2,6215.50,12431.00
2539,2539,39,3,6352.75,19058.25
2540,2540,40,4,6490.00,25960.00
2541,2541,41,1,6627.25,6627.25
2542,2542,42,2,6764.50,13529.00
2543,2543,43,3,6901.75,20705.25
2544,2544,44,4,7039.00,28156.00
2545,2545,45,1,7176.25,7176.25
2546,2546,46,2,7313.50,14627.00
2547,2547,47,3,7450.75,22352.25
2548,2548,48,4,7588.00,30352.00
2549,2549,49,1,7725.25,7725.25
2550,2550,50,2,7862.50,15725.00
2551,2551,51,3,7999.75,23999.25
2552,2552,52,4,8137.00,32548.00
2553,2553,53,1,8274.25,8274.25
2554,2554,54,2,8411.50,16823.00
2555,2555,55,3,8548.75,25646.25
2556,2556,56,4,8686.00,34744.00
2557,2557,57,1,8823.25,8823.25
2558,2558,58,2,8960.50,17921.00
2559,2559,59,3,9097.75,27293.25
2560,2560,60,4,9235.00,36940.00
2561,2561,61,1,9372.25,9372.25
2562,2562,62,2,9509.50,19019.00
2563,2563,63,3,9646.75,28940.25
2564,2564,64,4,9784.00,39136.00
2565,2565,65,1,9921.25,9921.25
2566,2566,66,2,10058.50,20117.00
2567,2567,67,3,10195.75,30587.25
2568,2568,68,4,10333.00,41332.00
2569,2569,69,1,10470.25,10470.25
2570,2570,70,2,10607.50,21215.00
2571,2571,71,3,10744.75,32234.25
2572,2572,72,4,10882.00,43528.00
2573,2573,73,1,11019.25,11019.25
2574,2574,74,2,11156.50,22313.00
2575,2575,75,3,11293.75,33881.25
2576,2576,76,4,11431.00,45724.00
2577,2577,77,1,11568.25,11568.25
2578,2578,78,2,11705.50,23411.00
2579,2579,79,3,11842.75,35528.25
2580,2580,80,4,11980.00,47920.00
2581,2581,81,1,12117.25,12117.25
2582,2582,82,2,12254.50,24509.00
2583,2583,83,3,12391.75,37175.25
2584,2584,84,4,12529.00,50116.00
2585,2585,85,1,12666.25,12666.25
2586,2586,86,2,12803.50,25607.00
2587,2587,87,3,12940.75,38822.25
2588,2588,88,4,13078.00,52312.00
2589,2589,89,1,13215.25,13215.25
2590,2590,90,2,13352.50,26705.00
2591,2591,91,3,13489.75,40469.25
2592,2592,92,4,13627.00,54508.00
2593,2593,93,1,13764.25,13764.25
2594,2594,94,2,13901.50,27803.00
2595,2595,95,3,14038.75,42116.25
2596,2596,96,4,14176.00,56704.00
2597,2597,97,1,14313.25,14313.25
2598,2598,98,2,14450.50,28901.00
2599,2599,99,3,14587.75,43763.25
2600,2600,100,4,14725.00,58900.00
2601,2601,1,1,1137.25,1137.25
2602,2602,2,2,1274.50,2549.00
2603,2603,3,3,1411.75,4235.25
2604,2604,4,4,1549.00,6196.00
2605,2605,5,1,1686.25,1686.25
2606,2606,6,2,1823.50,3647.00
2607,2607,7,3,1960.75,5882.25
2608,2608,8,4,2098.00,8392.00
2609,2609,9,1,2235.25,2235.25
2610,2610,10,2,2372.50,4745.00
2611,2611,11,3,2509.75,7529.25
2612,2612,12,4,2647.00,10588.00
2613,2613,13,1,2784.25,2784.25
2614,2614,14,2,2921.50,5843.00
2615,2615,15,3,3058.75,9176.25
2616,2616,16,4,3196.00,12784.00
2617,2617,17,1,3333.25,3333.25
2618,2618,18,2,3470.50,6941.00
2619,2619,19,3,3607.75,10823.25
2620,2620,20,4,3745.00,14980.00
2621,2621,21,1,3882.25,3882.25
2622,2622,22,2,4019.50,8039.00
2623,2623,23,3,4156.75,12470.25
2624,2624,24,4,4294.00,17176.00
2625,2625,25,1,4431.25,4431.25
2626,2626,26,2,4568.50,9137.00
2627,2627,27,3,4705.75,14117.25
2628,2628,28,4,4843.00,19372.00
2629,2629,29,1,4980.25,4980.25
2630,2630,30,2,5117.50,10235.00
2631,2631,31,3,5254.75,15764.25
2632,2632,32,4,5392.00,21568.00
2633,2633,33,1,5529.25,5529.25
2634,2634,34,2,5666.50,11333.00
2635,2635,35,3,5803.75,17411.25
2636,2636,36,4,5941.00,23764.00
2637,2637,37,1,6078.25,6078.25
2638,2638,38,2,6215.50,12431.00
2639,2639,39,3,6352.75,19058.25
2640,2640,40,4,6490.00,25960.00
2641,2641,41,1,6627.25,6627.25
2642,2642,42,2,6764.50,13529.00
2643,2643,43,3,6901.75,20705.25
2644,2644,44,4,7039.00,28156.00
2645,2645,45,1,7176.25,7176.25
2646,2646,46,2,7313.50,14627.00
2647,2647,47,3,7450.75,22352.25
2648,2648,48,4,7588.00,30352.00
2649,2649,49,1,7725.25,7725.25
2650,2650,50,2,7862.50,15725.00
2651,2651,51,3,7999.75,23999.25
2652,2652,52,4,8137.00,32548.00
2653,2653,53,1,8274.25,8274.25
2654,2654,54,2,8411.50,16823.00
2655,2655,55,3,8548.75,25646.25
2656,2656,56,4,8686.00,34744.00
2657,2657,57,1,8823.25,8823.25
2658,2658,58,2,8960.50,17921.00
2659,2659,59,3,9097.75,27293.25
2660,2660,60,4,9235.00,36940.00
2661,2661,61,1,9372.25,9372.25
2662,2662,62,2,9509.50,19019.00
2663,2663,63,3,9646.75,28940.25
2664,2664,64,4,9784.00,39136.00
2665,2665,65,1,9921.25,9921.25
2666,2666,66,2,10058.50,20117.00
2667,2667,67,3,10195.75,30587.25
2668,2668,68,4,10333.00,41332.00
2669,2669,69,1,10470.25,10470.25
2670,2670,70,2,10607.50,21215.00
2671,2671,71,3,10744.75,32234.25
2672,2672,72,4,10882.00,43528.00
2673,2673,73,1,11019.25,11019.25
2674,2674,74,2,11156.50,22313.00
2675,2675,75,3,11293.75,33881.25
2676,2676,76,4,11431.00,45724.00
2677,2677,77,1,11568.25,11568.25
2678,2678,78,2,11705.50,23411.00
2679,2679,79,3,11842.75,35528.25
2680,2680,80,4,11980.00,47920.00
2681,2681,81,1,12117.25,12117.25
2682,2682,82,2,12254.50,24509.00
2683,2683,83,3,12391.75,37175.25
2684,2684,84,4,12529.00,50116.00
2685,2685,85,1,12666.25,12666.25
2686,2686,86,2,12803.50,25607.00
2687,2687,87,3,12940.75,38822.25
2688,2688,88,4,13078.00,52312.00
2689,2689,89,1,13215.25,13215.25
2690,2690,90,2,13352.50,26705.00
2691,2691,91,3,13489.75,40469.25
2692,2692,92,4,13627.00,54508.00
2693,2693,93,1,13764.25,13764.25
2694,2694,94,2,13901.50,27803.00
2695,2695,95,3,14038.75,42116.25
2696,2696,96,4,14176.00,56704.00
2697,2697,97,1,14313.25,14313.25
2698,2698,98,2,14450.50,28901.00
2699,2699,99,3,14587.75,43763.25
2700,2700,100,4,14725.00,58900.00
2701,2701,1,1,1137.25,1137.25
2702,2702,2,2,1274.50,2549.00
2703,2703,3,3,1411.75,4235.25
2704,2704,4,4,1549.00,6196.00
2705,2705,5,1,1686.25,1686.25
2706,2706,6,2,1823.50,3647.00
2707,2707,7,3,1960.75,5882.25
2708,2708,8,4,2098.00,8392.00
2709,2709,9,1,2235.25,2235.25
2710,2710,10,2,2372.50,4745.00
2711,2711,11,3,2509.75,7529.25
2712,2712,12,4,2647.00,10588.00
2713,2713,13,1,2784.25,2784.25
2714,2714,14,2,2921.50,5843.00
2715,2715,15,3,3058.75,9176.25
2716,2716,16,4,3196.00,12784.00
2717,2717,17,1,3333.25,3333.25
2718,2718,18,2,3470.50,6941.00
2719,2719,19,3,3607.75,10823.25
2720,2720,20,4,3745.00,14980.00
2721,2721,21,1,3882.25,3882.25
2722,2722,22,2,4019.50,8039.00
2723,2723,23,3,4156.75,12470.25
2724,2724,24,4,4294.00,17176.00
2725,2725,25,1,4431.25,4431.25
2726,2726,26,2,4568.50,9137.00
2727,2727,27,3,4705.75,14117.25
2728,2728,28,4,4843.00,19372.00
2729,2729,29,1,4980.25,4980.25
2730,2730,30,2,5117.50,10235.00
2731,2731,31,3,5254.75,15764.25
2732,2732,32,4,5392.00,21568.00
2733,2733,33,1,5529.25,5529.25
2734,2734,34,2,5666.50,11333.00
2735,2735,35,3,5803.75,17411.25
2736,2736,36,4,5941.00,23764.00
2737,2737,37,1,6078.25,6078.25
2738,2738,38,2,6215.50,12431.00
2739,2739,39,3,6352.75,19058.25
2740,2740,40,4,6490.00,25960.00
2741,2741,41,1,6627.25,6627.25
2742,2742,42,2,6764.50,13529.00
2743,2743,43,3,6901.75,20705.25
2744,2744,44,4,7039.00,28156.00
2745,2745,45,1,7176.25,7176.25
2746,2746,46,2,7313.50,14627.00
2747,2747,47,3,7450.75,22352.25
2748,2748,48,4,7588.00,30352.00
2749,2749,49,1,7725.25,7725.25
2750,2750,50,2,7862.50,15725.00
2751,2751,51,3,7999.75,23999.25
2752,2752,52,4,8137.00,32548.00
2753,2753,53,1,8274.25,8274.25
2754,2754,54,2,8411.50,16823.00
2755,2755,55,3,8548.75,25646.25
2756,2756,56,4,8686.00,34744.00
2757,2757,57,1,8823.25,8823.25
2758,2758,58,2,8960.50,17921.00
2759,2759,59,3,9097.75,27293.25
2760,2760,60,4,9235.00,36940.00
2761,2761,61,1,9372.25,9372.25
2762,2762,62,2,9509.50,19019.00
2763,2763,63,3,9646.75,28940.25
2764,2764,64,4,9784.00,39136.00
2765,2765,65,1,9921.25,9921.25
2766,2766,66,2,10058.50,20117.00
2767,2767,67,3,10195.75,30587.25
2768,2768,68,4,10333.00,41332.00
2769,2769,69,1,10470.25,10470.25
2770,2770,70,2,10607.50,21215.00
2771,2771,71,3,10744.75,32234.25
2772,2772,72,4,10882.00,43528.00
2773,2773,73,1,11019.25,11019.25
2774,2774,74,2,11156.50,22313.00
2775,2775,75,3,11293.75,33881.25
2776,2776,76,4,11431.00,45724.00
2777,2777,77,1,11568.25,11568.25
2778,2778,78,2,11705.50,23411.00
2779,2779,79,3,11842.75,35528.25
2780,2780,80,4,11980.00,47920.00
2781,2781,81,1,12117.25,12117.25
2782,2782,82,2,12254.50,24509.00
2783,2783,83,3,12391.75,37175.25
2784,2784,84,4,12529.00,50116.00
2785,2785,85,1,12666.25,12666.25
2786,2786,86,2,12803.50,25607.00
2787,2787,87,3,12940.75,38822.25
2788,2788,88,4,13078.00,52312.00
2789,2789,89,1,13215.25,13215.25
2790,2790,90,2,13352.50,26705.00
2791,2791,91,3,13489.75,40469.25
2792,2792,92,4,13627.00,54508.00
2793,2793,93,1,13764.25,13764.25
2794,2794,94,2,13901.50,27803.00
2795,2795,95,3,14038.75,42116.25
2796,2796,96,4,14176.00,56704.00
2797,2797,97,1,14313.25,14313.25
2798,2798,98,2,14450.50,28901.00
2799,2799,99,3,14587.75,43763.25
2800,2800,100,4,14725.00,58900.00
2801,2801,1,1,1137.25,1137.25
2802,2802,2,2,1274.50,2549.00
2803,2803,3,3,1411.75,4235.25
2804,2804,4,4,1549.00,6196.00
2805,2805,5,1,1686.25,1686.25
2806,2806,6,2,1823.50,3647.00
2807,2807,7,3,1960.75,5882.25
2808,2808,8,4,2098.00,8392.00
2809,2809,9,1,2235.25,2235.25
2810,2810,10,2,2372.50,4745.00
2811,2811,11,3,2509.75,7529.25
2812,2812,12,4,2647.00,10588.00
2813,2813,13,1,2784.25,2784.25
2814,2814,14,2,2921.50,5843.00
2815,2815,15,3,3058.75,9176.25
2816,2816,16,4,3196.00,12784.00
2817,2817,17,1,3333.25,3333.25
2818,2818,18,2,3470.50,6941.00
2819,2819,19,3,3607.75,10823.25
2820,2820,20,4,3745.00,14980.00
2821,2821,21,1,3882.25,3882.25
2822,2822,22,2,4019.50,8039.00
2823,2823,23,3,4156.75,12470.25
2824,2824,24,4,4294.00,17176.00
2825,2825,25,1,4431.25,4431.25
2826,2826,26,2,4568.50,9137.00
2827,2827,27,3,4705.75,14117.25
2828,2828,28,4,4843.00,19372.00
2829,2829,29,1,4980.25,4980.25
2830,2830,30,2,5117.50,10235.00
2831,2831,31,3,5254.75,15764.25
2832,2832,32,4,5392.00,21568.00
2833,2833,33,1,5529.25,5529.25
2834,2834,34,2,5666.50,11333.00
2835,2835,35,3,5803.75,17411.25
2836,2836,36,4,5941.00,23764.00
2837,2837,37,1,6078.25,6078.25
2838,2838,38,2,6215.50,12431.00
2839,2839,39,3,6352.75,19058.25
2840,2840,40,4,6490.00,25960.00
2841,2841,41,1,6627.25,6627.25
2842,2842,42,2,6764.50,13529.00
2843,2843,43,3,6901.75,20705.25
2844,2844,44,4,7039.00,28156.00
2845,2845,45,1,7176.25,7176.25
2846,2846,46,2,7313.50,14627.00
2847,2847,47,3,7450.75,22352.25
2848,2848,48,4,7588.00,30352.00
2849,2849,49,1,7725.25,7725.25
2850,2850,50,2,7862.50,15725.00
2851,2851,51,3,7999.75,23999.25
2852,2852,52,4,8137.00,32548.00
2853,2853,53,1,8274.25,8274.25
2854,2854,54,2,8411.50,16823.00
2855,2855,55,3,8548.75,25646.25
2856,2856,56,4,8686.00,34744.00
2857,2857,57,1,8823.25,8823.25
2858,2858,58,2,8960.50,17921.00
2859,2859,59,3,9097.75,27293.25
2860,2860,60,4,9235.00,36940.00
2861,2861,61,1,9372.25,9372.25
2862,2862,62,2,9509.50,19019.00
2863,2863,63,3,9646.75,28940.25
2864,2864,64,4,9784.00,39136.00
2865,2865,65,1,9921.25,9921.25
2866,2866,66,2,10058.50,20117.00
2867,2867,67,3,10195.75,30587.25
2868,2868,68,4,10333.00,41332.00
2869,2869,69,1,10470.25,10470.25
2870,2870,70,2,10607.50,21215.00
2871,2871,71,3,10744.75,32234.25
2872,2872,72,4,10882.00,43528.00
2873,2873,73,1,11019.25,11019.25
2874,2874,74,2,11156.50,22313.00
2875,2875,75,3,11293.75,33881.25
2876,2876,76,4,11431.00,45724.00
2877,2877,77,1,11568.25,11568.25
2878,2878,78,2,11705.50,23411.00
2879,2879,79,3,11842.75,35528.25
2880,2880,80,4,11980.00,47920.00
2881,2881,81,1,12117.25,12117.25
2882,2882,82,2,12254.50,24509.00
2883,2883,83,3,12391.75,37175.25
2884,2884,84,4,12529.00,50116.00
2885,2885,85,1,12666.25,12666.25
2886,2886,86,2,12803.50,25607.00
2887,2887,87,3,12940.75,38822.25
2888,2888,88,4,13078.00,52312.00
2889,2889,89,1,13215.25,13215.25
2890,2890,90,2,13352.50,26705.00
2891,2891,91,3,13489.75,40469.25
2892,2892,92,4,13627.00,54508.00
2893,2893,93,1,13764.25,13764.25
2894,2894,94,2,13901.50,27803.00
2895,2895,95,3,14038.75,42116.25
2896,2896,96,4,14176.00,56704.00
2897,2897,97,1,14313.25,14313.25
2898,2898,98,2,14450.50,28901.00
2899,2899,99,3,14587.75,43763.25
2900,2900,100,4,14725.00,58900.00
2901,2901,1,1,1137.25,1137.25
2902,2902,2,2,1274.50,2549.00
2903,2903,3,3,1411.75,4235.25
2904,2904,4,4,1549.00,6196.00
2905,2905,5,1,1686.25,1686.25
2906,2906,6,2,1823.50,3647.00
2907,2907,7,3,1960.75,5882.25
2908,2908,8,4,2098.00,8392.00
2909,2909,9,1,2235.25,2235.25
2910,2910,10,2,2372.50,4745.00
2911,2911,11,3,2509.75,7529.25
2912,2912,12,4,2647.00,10588.00
2913,2913,13,1,2784.25,2784.25
2914,2914,14,2,2921.50,5843.00
2915,2915,15,3,3058.75,9176.25
2916,2916,16,4,3196.00,12784.00
2917,2917,17,1,3333.25,3333.25
2918,2918,18,2,3470.50,6941.00
2919,2919,19,3,3607.75,10823.25
2920,2920,20,4,3745.00,14980.00
2921,2921,21,1,3882.25,3882.25
2922,2922,22,2,4019.50,8039.00
2923,2923,23,3,4156.75,12470.25
2924,2924,24,4,4294.00,17176.00
2925,2925,25,1,4431.25,4431.25
2926,2926,26,2,4568.50,9137.00
2927,2927,27,3,4705.75,14117.25
2928,2928,28,4,4843.00,19372.00
2929,2929,29,1,4980.25,4980.25
2930,2930,30,2,5117.50,10235.00
2931,2931,31,3,5254.75,15764.25
2932,2932,32,4,5392.00,21568.00
2933,2933,33,1,5529.25,5529.25
2934,2934,34,2,5666.50,11333.00
2935,2935,35,3,5803.75,17411.25
2936,2936,36,4,5941.00,23764.00
2937,2937,37,1,6078.25,6078.25
2938,2938,38,2,6215.50,12431.00
2939,2939,39,3,6352.75,19058.25
2940,2940,40,4,6490.00,25960.00
2941,2941,41,1,6627.25,6627.25
2942,2942,42,2,6764.50,13529.00
2943,2943,43,3,6901.75,20705.25
2944,2944,44,4,7039.00,28156.00
2945,2945,45,1,7176.25,7176.25
2946,2946,46,2,7313.50,14627.00
2947,2947,47,3,7450.75,22352.25
2948,2948,48,4,7588.00,30352.00
2949,2949,49,1,7725.25,7725.25
2950,2950,50,2,7862.50,15725.00
2951,2951,51,3,7999.75,23999.25
2952,2952,52,4,8137.00,32548.00
2953,2953,53,1,8274.25,8274.25
2954,2954,54,2,8411.50,16823.00
2955,2955,55,3,8548.75,25646.25
2956,2956,56,4,8686.00,34744.00
2957,2957,57,1,8823.25,8823.25
2958,2958,58,2,8960.50,17921.00
2959,2959,59,3,9097.75,27293.25
2960,2960,60,4,9235.00,36940.00
2961,2961,61,1,9372.25,9372.25
2962,2962,62,2,9509.50,19019.00
2963,2963,63,3,9646.75,28940.25
2964,2964,64,4,9784.00,39136.00
2965,2965,65,1,9921.25,9921.25
2966,2966,66,2,10058.50,20117.00
2967,2967,67,3,10195.75,30587.25
2968,2968,68,4,10333.00,41332.00
2969,2969,69,1,10470.25,10470.25
2970,2970,70,2,10607.50,21215.00
2971,2971,71,3,10744.75,32234.25
2972,2972,72,4,10882.00,43528.00
2973,2973,73,1,11019.25,11019.25
2974,2974,74,2,11156.50,22313.00
2975,2975,75,3,11293.75,33881.25
2976,2976,76,4,11431.00,45724.00
2977,2977,77,1,11568.25,11568.25
2978,2978,78,2,11705.50,23411.00
2979,2979,79,3,11842.75,35528.25
2980,2980,80,4,11980.00,47920.00
2981,2981,81,1,12117.25,12117.25
2982,2982,82,2,12254.50,24509.00
2983,2983,83,3,12391.75,37175.25
2984,2984,84,4,12529.00,50116.00
2985,2985,85,1,12666.25,12666.25
2986,2986,86,2,12803.50,25607.00
2987,2987,87,3,12940.75,38822.25
2988,2988,88,4,13078.00,52312.00
2989,2989,89,1,13215.25,13215.25
2990,2990,90,2,13352.50,26705.00
2991,2991,91,3,13489.75,40469.25
2992,2992,92,4,13627.00,54508.00
2993,2993,93,1,13764.25,13764.25
2994,2994,94,2,13901.50,27803.00
2995,2995,95,3,14038.75,42116.25
2996,2996,96,4,14176.00,56704.00
2997,2997,97,1,14313.25,14313.25
2998,2998,98,2,14450.50,28901.00
2999,2999,99,3,14587.75,43763.25
3000,3000,100,4,14725.00,58900.00
3001,3001,1,1,1137.25,1137.25
3002,3002,2,2,1274.50,2549.00
3003,3003,3,3,1411.75,4235.25
3004,3004,4,4,1549.00,6196.00
3005,3005,5,1,1686.25,1686.25
3006,3006,6,2,1823.50,3647.00
3007,3007,7,3,1960.75,5882.25
3008,3008,8,4,2098.00,8392.00
3009,3009,9,1,2235.25,2235.25
3010,3010,10,2,2372.50,4745.00
3011,3011,11,3,2509.75,7529.25
3012,3012,12,4,2647.00,10588.00
3013,3013,13,1,2784.25,2784.25
3014,3014,14,2,2921.50,5843.00
3015,3015,15,3,3058.75,9176.25
3016,3016,16,4,3196.00,12784.00
3017,3017,17,1,3333.25,3333.25
3018,3018,18,2,3470.50,6941.00
3019,3019,19,3,3607.75,10823.25
3020,3020,20,4,3745.00,14980.00
3021,3021,21,1,3882.25,3882.25
3022,3022,22,2,4019.50,8039.00
3023,3023,23,3,4156.75,12470.25
3024,3024,24,4,4294.00,17176.00
3025,3025,25,1,4431.25,4431.25
3026,3026,26,2,4568.50,9137.00
3027,3027,27,3,4705.75,14117.25
3028,3028,28,4,4843.00,19372.00
3029,3029,29,1,4980.25,4980.25
3030,3030,30,2,5117.50,10235.00
3031,3031,31,3,5254.75,15764.25
3032,3032,32,4,5392.00,21568.00
3033,3033,33,1,5529.25,5529.25
3034,3034,34,2,5666.50,11333.00
3035,3035,35,3,5803.75,17411.25
3036,3036,36,4,5941.00,23764.00
3037,3037,37,1,6078.25,6078.25
3038,3038,38,2,6215.50,12431.00
3039,3039,39,3,6352.75,19058.25
3040,3040,40,4,6490.00,25960.00
3041,3041,41,1,6627.25,6627.25
3042,3042,42,2,6764.50,13529.00
3043,3043,43,3,6901.75,20705.25
3044,3044,44,4,7039.00,28156.00
3045,3045,45,1,7176.25,7176.25
3046,3046,46,2,7313.50,14627.00
3047,3047,47,3,7450.75,22352.25
3048,3048,48,4,7588.00,30352.00
3049,3049,49,1,7725.25,7725.25
3050,3050,50,2,7862.50,15725.00
3051,3051,51,3,7999.75,23999.25
3052,3052,52,4,8137.00,32548.00
3053,3053,53,1,8274.25,8274.25
3054,3054,54,2,8411.50,16823.00
3055,3055,55,3,8548.75,25646.25
3056,3056,56,4,8686.00,34744.00
3057,3057,57,1,8823.25,8823.25
3058,3058,58,2,8960.50,17921.00
3059,3059,59,3,9097.75,27293.25
3060,3060,60,4,9235.00,36940.00
3061,3061,61,1,9372.25,9372.25
3062,3062,62,2,9509.50,19019.00
3063,3063,63,3,9646.75,28940.25
3064,3064,64,4,9784.00,39136.00
3065,3065,65,1,9921.25,9921.25
3066,3066,66,2,10058.50,20117.00
3067,3067,67,3,10195.75,30587.25
3068,3068,68,4,10333.00,41332.00
3069,3069,69,1,10470.25,10470.25
3070,3070,70,2,10607.50,21215.00
3071,3071,71,3,10744.75,32234.25
3072,3072,72,4,10882.00,43528.00
3073,3073,73,1,11019.25,11019.25
3074,3074,74,2,11156.50,22313.00
3075,3075,75,3,11293.75,33881.25
3076,3076,76,4,11431.00,45724.00
3077,3077,77,1,11568.25,11568.25
3078,3078,78,2,11705.50,23411.00
3079,3079,79,3,11842.75,35528.25
3080,3080,80,4,11980.00,47920.00
3081,3081,81,1,12117.25,12117.25
3082,3082,82,2,12254.50,24509.00
3083,3083,83,3,12391.75,37175.25
3084,3084,84,4,12529.00,50116.00
3085,3085,85,1,12666.25,12666.25
3086,3086,86,2,12803.50,25607.00
3087,3087,87,3,12940.75,38822.25
3088,3088,88,4,13078.00,52312.00
3089,3089,89,1,13215.25,13215.25
3090,3090,90,2,13352.50,26705.00
3091,3091,91,3,13489.75,40469.25
3092,3092,92,4,13627.00,54508.00
3093,3093,93,1,13764.25,13764.25
3094,3094,94,2,13901.50,27803.00
3095,3095,95,3,14038.75,42116.25
3096,3096,96,4,14176.00,56704.00
3097,3097,97,1,14313.25,14313.25
3098,3098,98,2,14450.50,28901.00
3099,3099,99,3,14587.75,43763.25
3100,3100,100,4,14725.00,58900.00
3101,3101,1,1,1137.25,1137.25
3102,3102,2,2,1274.50,2549.00
3103,3103,3,3,1411.75,4235.25
3104,3104,4,4,1549.00,6196.00
3105,3105,5,1,1686.25,1686.25
3106,3106,6,2,1823.50,3647.00
3107,3107,7,3,1960.75,5882.25
3108,3108,8,4,2098.00,8392.00
3109,3109,9,1,2235.25,2235.25
3110,3110,10,2,2372.50,4745.00
3111,3111,11,3,2509.75,7529.25
3112,3112,12,4,2647.00,10588.00
3113,3113,13,1,2784.25,2784.25
3114,3114,14,2,2921.50,5843.00
3115,3115,15,3,3058.75,9176.25
3116,3116,16,4,3196.00,12784.00
3117,3117,17,1,3333.25,3333.25
3118,3118,18,2,3470.50,6941.00
3119,3119,19,3,3607.75,10823.25
3120,3120,20,4,3745.00,14980.00
3121,3121,21,1,3882.25,3882.25
3122,3122,22,2,4019.50,8039.00
3123,3123,23,3,4156.75,12470.25
3124,3124,24,4,4294.00,17176.00
3125,3125,25,1,4431.25,4431.25
3126,3126,26,2,4568.50,9137.00
3127,3127,27,3,4705.75,14117.25
3128,3128,28,4,4843.00,19372.00
3129,3129,29,1,4980.25,4980.25
3130,3130,30,2,5117.50,10235.00
3131,3131,31,3,5254.75,15764.25
3132,3132,32,4,5392.00,21568.00
3133,3133,33,1,5529.25,5529.25
3134,3134,34,2,5666.50,11333.00
3135,3135,35,3,5803.75,17411.25
3136,3136,36,4,5941.00,23764.00
3137,3137,37,1,6078.25,6078.25
3138,3138,38,2,6215.50,12431.00
3139,3139,39,3,6352.75,19058.25
3140,3140,40,4,6490.00,25960.00
3141,3141,41,1,6627.25,6627.25
3142,3142,42,2,6764.50,13529.00
3143,3143,43,3,6901.75,20705.25
3144,3144,44,4,7039.00,28156.00
3145,3145,45,1,7176.25,7176.25
3146,3146,46,2,7313.50,14627.00
3147,3147,47,3,7450.75,22352.25
3148,3148,48,4,7588.00,30352.00
3149,3149,49,1,7725.25,7725.25
3150,3150,50,2,7862.50,15725.00
3151,3151,51,3,7999.75,23999.25
3152,3152,52,4,8137.00,32548.00
3153,3153,53,1,8274.25,8274.25
3154,3154,54,2,8411.50,16823.00
3155,3155,55,3,8548.75,25646.25
3156,3156,56,4,8686.00,34744.00
3157,3157,57,1,8823.25,8823.25
3158,3158,58,2,8960.50,17921.00
3159,3159,59,3,9097.75,27293.25
3160,3160,60,4,9235.00,36940.00
3161,3161,61,1,9372.25,9372.25
3162,3162,62,2,9509.50,19019.00
3163,3163,63,3,9646.75,28940.25
3164,3164,64,4,9784.00,39136.00
3165,3165,65,1,9921.25,9921.25
3166,3166,66,2,10058.50,20117.00
3167,3167,67,3,10195.75,30587.25
3168,3168,68,4,10333.00,41332.00
3169,3169,69,1,10470.25,10470.25
3170,3170,70,2,10607.50,21215.00
3171,3171,71,3,10744.75,32234.25
3172,3172,72,4,10882.00,43528.00
3173,3173,73,1,11019.25,11019.25
3174,3174,74,2,11156.50,22313.00
3175,3175,75,3,11293.75,33881.25
3176,3176,76,4,11431.00,45724.00
3177,3177,77,1,11568.25,11568.25
3178,3178,78,2,11705.50,23411.00
3179,3179,79,3,11842.75,35528.25
3180,3180,80,4,11980.00,47920.00
3181,3181,81,1,12117.25,12117.25
3182,3182,82,2,12254.50,24509.00
3183,3183,83,3,12391.75,37175.25
3184,3184,84,4,12529.00,50116.00
3185,3185,85,1,12666.25,12666.25
3186,3186,86,2,12803.50,25607.00
3187,3187,87,3,12940.75,38822.25
3188,3188,88,4,13078.00,52312.00
3189,3189,89,1,13215.25,13215.25
3190,3190,90,2,13352.50,26705.00
3191,3191,91,3,13489.75,40469.25
3192,3192,92,4,13627.00,54508.00
3193,3193,93,1,13764.25,13764.25
3194,3194,94,2,13901.50,27803.00
3195,3195,95,3,14038.75,42116.25
3196,3196,96,4,14176.00,56704.00
3197,3197,97,1,14313.25,14313.25
3198,3198,98,2,14450.50,28901.00
3199,3199,99,3,14587.75,43763.25
3200,3200,100,4,14725.00,58900.00
3201,3201,1,1,1137.25,1137.25
3202,3202,2,2,1274.50,2549.00
3203,3203,3,3,1411.75,4235.25
3204,3204,4,4,1549.00,6196.00
3205,3205,5,1,1686.25,1686.25
3206,3206,6,2,1823.50,3647.00
3207,3207,7,3,1960.75,5882.25
3208,3208,8,4,2098.00,8392.00
3209,3209,9,1,2235.25,2235.25
3210,3210,10,2,2372.50,4745.00
3211,3211,11,3,2509.75,7529.25
3212,3212,12,4,2647.00,10588.00
3213,3213,13,1,2784.25,2784.25
3214,3214,14,2,2921.50,5843.00
3215,3215,15,3,3058.75,9176.25
3216,3216,16,4,3196.00,12784.00
3217,3217,17,1,3333.25,3333.25
3218,3218,18,2,3470.50,6941.00
3219,3219,19,3,3607.75,10823.25
3220,3220,20,4,3745.00,14980.00
3221,3221,21,1,3882.25,3882.25
3222,3222,22,2,4019.50,8039.00
3223,3223,23,3,4156.75,12470.25
3224,3224,24,4,4294.00,17176.00
3225,3225,25,1,4431.25,4431.25
3226,3226,26,2,4568.50,9137.00
3227,3227,27,3,4705.75,14117.25
3228,3228,28,4,4843.00,19372.00
3229,3229,29,1,4980.25,4980.25
3230,3230,30,2,5117.50,10235.00
3231,3231,31,3,5254.75,15764.25
3232,3232,32,4,5392.00,21568.00
3233,3233,33,1,5529.25,5529.25
3234,3234,34,2,5666.50,11333.00
3235,3235,35,3,5803.75,17411.25
3236,3236,36,4,5941.00,23764.00
3237,3237,37,1,6078.25,6078.25
3238,3238,38,2,6215.50,12431.00
3239,3239,39,3,6352.75,19058.25
3240,3240,40,4,6490.00,25960.00
3241,3241,41,1,6627.25,6627.25
3242,3242,42,2,6764.50,13529.00
3243,3243,43,3,6901.75,20705.25
3244,3244,44,4,7039.00,28156.00
3245,3245,45,1,7176.25,7176.25
3246,3246,46,2,7313.50,14627.00
3247,3247,47,3,7450.75,22352.25
3248,3248,48,4,7588.00,30352.00
3249,3249,49,1,7725.25,7725.25
3250,3250,50,2,7862.50,15725.00
3251,3251,51,3,7999.75,23999.25
3252,3252,52,4,8137.00,32548.00
3253,3253,53,1,8274.25,8274.25
3254,3254,54,2,8411.50,16823.00
3255,3255,55,3,8548.75,25646.25
3256,3256,56,4,8686.00,34744.00
3257,3257,57,1,8823.25,8823.25
3258,3258,58,2,8960.50,17921.00
3259,3259,59,3,9097.75,27293.25
3260,3260,60,4,9235.00,36940.00
3261,3261,61,1,9372.25,9372.25
3262,3262,62,2,9509.50,19019.00
3263,3263,63,3,9646.75,28940.25
3264,3264,64,4,9784.00,39136.00
3265,3265,65,1,9921.25,9921.25
3266,3266,66,2,10058.50,20117.00
3267,3267,67,3,10195.75,30587.25
3268,3268,68,4,10333.00,41332.00
3269,3269,69,1,10470.25,10470.25
3270,3270,70,2,10607.50,21215.00
3271,3271,71,3,10744.75,32234.25
3272,3272,72,4,10882.00,43528.00
3273,3273,73,1,11019.25,11019.25
3274,3274,74,2,11156.50,22313.00
3275,3275,75,3,11293.75,33881.25
3276,3276,76,4,11431.00,45724.00
3277,3277,77,1,11568.25,11568.25
3278,3278,78,2,11705.50,23411.00
3279,3279,79,3,11842.75,35528.25
3280,3280,80,4,11980.00,47920.00
3281,3281,81,1,12117.25,12117.25
3282,3282,82,2,12254.50,24509.00
3283,3283,83,3,12391.75,37175.25
3284,3284,84,4,12529.00,50116.00
3285,3285,85,1,12666.25,12666.25
3286,3286,86,2,12803.50,25607.00
3287,3287,87,3,12940.75,38822.25
3288,3288,88,4,13078.00,52312.00
3289,3289,89,1,13215.25,13215.25
3290,3290,90,2,13352.50,26705.00
3291,3291,91,3,13489.75,40469.25
3292,3292,92,4,13627.00,54508.00
3293,3293,93,1,13764.25,13764.25
3294,3294,94,2,13901.50,27803.00
3295,3295,95,3,14038.75,42116.25
3296,3296,96,4,14176.00,56704.00
3297,3297,97,1,14313.25,14313.25
3298,3298,98,2,14450.50,28901.00
3299,3299,99,3,14587.75,43763.25
3300,3300,100,4,14725.00,58900.00
3301,3301,1,1,1137.25,1137.25
3302,3302,2,2,1274.50,2549.00
3303,3303,3,3,1411.75,4235.25
3304,3304,4,4,1549.00,6196.00
3305,3305,5,1,1686.25,1686.25
3306,3306,6,2,1823.50,3647.00
3307,3307,7,3,1960.75,5882.25
3308,3308,8,4,2098.00,8392.00
3309,3309,9,1,2235.25,2235.25
3310,3310,10,2,2372.50,4745.00
3311,3311,11,3,2509.75,7529.25
3312,3312,12,4,2647.00,10588.00
3313,3313,13,1,2784.25,2784.25
3314,3314,14,2,2921.50,5843.00
3315,3315,15,3,3058.75,9176.25
3316,3316,16,4,3196.00,12784.00
3317,3317,17,1,3333.25,3333.25
3318,3318,18,2,3470.50,6941.00
3319,3319,19,3,3607.75,10823.25
3320,3320,20,4,3745.00,14980.00
3321,3321,21,1,3882.25,3882.25
3322,3322,22,2,4019.50,8039.00
3323,3323,23,3,4156.75,12470.25
3324,3324,24,4,4294.00,17176.00
3325,3325,25,1,4431.25,4431.25
3326,3326,26,2,4568.50,9137.00
3327,3327,27,3,4705.75,14117.25
3328,3328,28,4,4843.00,19372.00
3329,3329,29,1,4980.25,4980.25
3330,3330,30,2,5117.50,10235.00
3331,3331,31,3,5254.75,15764.25
3332,3332,32,4,5392.00,21568.00
3333,3333,33,1,5529.25,5529.25
3334,3334,34,2,5666.50,11333.00
3335,3335,35,3,5803.75,17411.25
3336,3336,36,4,5941.00,23764.00
3337,3337,37,1,6078.25,6078.25
3338,3338,38,2,6215.50,12431.00
3339,3339,39,3,6352.75,19058.25
3340,3340,40,4,6490.00,25960.00
3341,3341,41,1,6627.25,6627.25
3342,3342,42,2,6764.50,13529.00
3343,3343,43,3,6901.75,20705.25
3344,3344,44,4,7039.00,28156.00
3345,3345,45,1,7176.25,7176.25
3346,3346,46,2,7313.50,14627.00
3347,3347,47,3,7450.75,22352.25
3348,3348,48,4,7588.00,30352.00
3349,3349,49,1,7725.25,7725.25
3350,3350,50,2,7862.50,15725.00
3351,3351,51,3,7999.75,23999.25
3352,3352,52,4,8137.00,32548.00
3353,3353,53,1,8274.25,8274.25
3354,3354,54,2,8411.50,16823.00
3355,3355,55,3,8548.75,25646.25
3356,3356,56,4,8686.00,34744.00
3357,3357,57,1,8823.25,8823.25
3358,3358,58,2,8960.50,17921.00
3359,3359,59,3,9097.75,27293.25
3360,3360,60,4,9235.00,36940.00
3361,3361,61,1,9372.25,9372.25
3362,3362,62,2,9509.50,19019.00
3363,3363,63,3,9646.75,28940.25
3364,3364,64,4,9784.00,39136.00
3365,3365,65,1,9921.25,9921.25
3366,3366,66,2,10058.50,20117.00
3367,3367,67,3,10195.75,30587.25
3368,3368,68,4,10333.00,41332.00
3369,3369,69,1,10470.25,10470.25
3370,3370,70,2,10607.50,21215.00
3371,3371,71,3,10744.75,32234.25
3372,3372,72,4,10882.00,43528.00
3373,3373,73,1,11019.25,11019.25
3374,3374,74,2,11156.50,22313.00
3375,3375,75,3,11293.75,33881.25
3376,3376,76,4,11431.00,45724.00
3377,3377,77,1,11568.25,11568.25
3378,3378,78,2,11705.50,23411.00
3379,3379,79,3,11842.75,35528.25
3380,3380,80,4,11980.00,47920.00
3381,3381,81,1,12117.25,12117.25
3382,3382,82,2,12254.50,24509.00
3383,3383,83,3,12391.75,37175.25
3384,3384,84,4,12529.00,50116.00
3385,3385,85,1,12666.25,12666.25
3386,3386,86,2,12803.50,25607.00
3387,3387,87,3,12940.75,38822.25
3388,3388,88,4,13078.00,52312.00
3389,3389,89,1,13215.25,13215.25
3390,3390,90,2,13352.50,26705.00
3391,3391,91,3,13489.75,40469.25
3392,3392,92,4,13627.00,54508.00
3393,3393,93,1,13764.25,13764.25
3394,3394,94,2,13901.50,27803.00
3395,3395,95,3,14038.75,42116.25
3396,3396,96,4,14176.00,56704.00
3397,3397,97,1,14313.25,14313.25
3398,3398,98,2,14450.50,28901.00
3399,3399,99,3,14587.75,43763.25
3400,3400,100,4,14725.00,58900.00
3401,3401,1,1,1137.25,1137.25
3402,3402,2,2,1274.50,2549.00
3403,3403,3,3,1411.75,4235.25
3404,3404,4,4,1549.00,6196.00
3405,3405,5,1,1686.25,1686.25
3406,3406,6,2,1823.50,3647.00
3407,3407,7,3,1960.75,5882.25
3408,3408,8,4,2098.00,8392.00
3409,3409,9,1,2235.25,2235.25
3410,3410,10,2,2372.50,4745.00
3411,3411,11,3,2509.75,7529.25
3412,3412,12,4,2647.00,10588.00
3413,3413,13,1,2784.25,2784.25
3414,3414,14,2,2921.50,5843.00
3415,3415,15,3,3058.75,9176.25
3416,3416,16,4,3196.00,12784.00
3417,3417,17,1,3333.25,3333.25
3418,3418,18,2,3470.50,6941.00
3419,3419,19,3,3607.75,10823.25
3420,3420,20,4,3745.00,14980.00
3421,3421,21,1,3882.25,3882.25
3422,3422,22,2,4019.50,8039.00
3423,3423,23,3,4156.75,12470.25
3424,3424,24,4,4294.00,17176.00
3425,3425,25,1,4431.25,4431.25
3426,3426,26,2,4568.50,9137.00
3427,3427,27,3,4705.75,14117.25
3428,3428,28,4,4843.00,19372.00
3429,3429,29,1,4980.25,4980.25
3430,3430,30,2,5117.50,10235.00
3431,3431,31,3,5254.75,15764.25
3432,3432,32,4,5392.00,21568.00
3433,3433,33,1,5529.25,5529.25
3434,3434,34,2,5666.50,11333.00
3435,3435,35,3,5803.75,17411.25
3436,3436,36,4,5941.00,23764.00
3437,3437,37,1,6078.25,6078.25
3438,3438,38,2,6215.50,12431.00
3439,3439,39,3,6352.75,19058.25
3440,3440,40,4,6490.00,25960.00
3441,3441,41,1,6627.25,6627.25
3442,3442,42,2,6764.50,13529.00
3443,3443,43,3,6901.75,20705.25
3444,3444,44,4,7039.00,28156.00
3445,3445,45,1,7176.25,7176.25
3446,3446,46,2,7313.50,14627.00
3447,3447,47,3,7450.75,22352.25
3448,3448,48,4,7588.00,30352.00
3449,3449,49,1,7725.25,7725.25
3450,3450,50,2,7862.50,15725.00
3451,3451,51,3,7999.75,23999.25
3452,3452,52,4,8137.00,32548.00
3453,3453,53,1,8274.25,8274.25
3454,3454,54,2,8411.50,16823.00
3455,3455,55,3,8548.75,25646.25
3456,3456,56,4,8686.00,34744.00
3457,3457,57,1,8823.25,8823.25
3458,3458,58,2,8960.50,17921.00
3459,3459,59,3,9097.75,27293.25
3460,3460,60,4,9235.00,36940.00
3461,3461,61,1,9372.25,9372.25
3462,3462,62,2,9509.50,19019.00
3463,3463,63,3,9646.75,28940.25
3464,3464,64,4,9784.00,39136.00
3465,3465,65,1,9921.25,9921.25
3466,3466,66,2,10058.50,20117.00
3467,3467,67,3,10195.75,30587.25
3468,3468,68,4,10333.00,41332.00
3469,3469,69,1,10470.25,10470.25
3470,3470,70,2,10607.50,21215.00
3471,3471,71,3,10744.75,32234.25
3472,3472,72,4,10882.00,43528.00
3473,3473,73,1,11019.25,11019.25
3474,3474,74,2,11156.50,22313.00
3475,3475,75,3,11293.75,33881.25
3476,3476,76,4,11431.00,45724.00
3477,3477,77,1,11568.25,11568.25
3478,3478,78,2,11705.50,23411.00
3479,3479,79,3,11842.75,35528.25
3480,3480,80,4,11980.00,47920.00
3481,3481,81,1,12117.25,12117.25
3482,3482,82,2,12254.50,24509.00
3483,3483,83,3,12391.75,37175.25
3484,3484,84,4,12529.00,50116.00
3485,3485,85,1,12666.25,12666.25
3486,3486,86,2,12803.50,25607.00
3487,3487,87,3,12940.75,38822.25
3488,3488,88,4,13078.00,52312.00
3489,3489,89,1,13215.25,13215.25
3490,3490,90,2,13352.50,26705.00
3491,3491,91,3,13489.75,40469.25
3492,3492,92,4,13627.00,54508.00
3493,3493,93,1,13764.25,13764.25
3494,3494,94,2,13901.50,27803.00
3495,3495,95,3,14038.75,42116.25
3496,3496,96,4,14176.00,56704.00
3497,3497,97,1,14313.25,14313.25
3498,3498,98,2,14450.50,28901.00
3499,3499,99,3,14587.75,43763.25
3500,3500,100,4,14725.00,58900.00
3501,3501,1,1,1137.25,1137.25
3502,3502,2,2,1274.50,2549.00
3503,3503,3,3,1411.75,4235.25
3504,3504,4,4,1549.00,6196.00
3505,3505,5,1,1686.25,1686.25
3506,3506,6,2,1823.50,3647.00
3507,3507,7,3,1960.75,5882.25
3508,3508,8,4,2098.00,8392.00
3509,3509,9,1,2235.25,2235.25
3510,3510,10,2,2372.50,4745.00
3511,3511,11,3,2509.75,7529.25
3512,3512,12,4,2647.00,10588.00
3513,3513,13,1,2784.25,2784.25
3514,3514,14,2,2921.50,5843.00
3515,3515,15,3,3058.75,9176.25
3516,3516,16,4,3196.00,12784.00
3517,3517,17,1,3333.25,3333.25
3518,3518,18,2,3470.50,6941.00
3519,3519,19,3,3607.75,10823.25
3520,3520,20,4,3745.00,14980.00
3521,3521,21,1,3882.25,3882.25
3522,3522,22,2,4019.50,8039.00
3523,3523,23,3,4156.75,12470.25
3524,3524,24,4,4294.00,17176.00
3525,3525,25,1,4431.25,4431.25
3526,3526,26,2,4568.50,9137.00
3527,3527,27,3,4705.75,14117.25
3528,3528,28,4,4843.00,19372.00
3529,3529,29,1,4980.25,4980.25
3530,3530,30,2,5117.50,10235.00
3531,3531,31,3,5254.75,15764.25
3532,3532,32,4,5392.00,21568.00
3533,3533,33,1,5529.25,5529.25
3534,3534,34,2,5666.50,11333.00
3535,3535,35,3,5803.75,17411.25
3536,3536,36,4,5941.00,23764.00
3537,3537,37,1,6078.25,6078.25
3538,3538,38,2,6215.50,12431.00
3539,3539,39,3,6352.75,19058.25
3540,3540,40,4,6490.00,25960.00
3541,3541,41,1,6627.25,6627.25
3542,3542,42,2,6764.50,13529.00
3543,3543,43,3,6901.75,20705.25
3544,3544,44,4,7039.00,28156.00
3545,3545,45,1,7176.25,7176.25
3546,3546,46,2,7313.50,14627.00
3547,3547,47,3,7450.75,22352.25
3548,3548,48,4,7588.00,30352.00
3549,3549,49,1,7725.25,7725.25
3550,3550,50,2,7862.50,15725.00
3551,3551,51,3,7999.75,23999.25
3552,3552,52,4,8137.00,32548.00
3553,3553,53,1,8274.25,8274.25
3554,3554,54,2,8411.50,16823.00
3555,3555,55,3,8548.75,25646.25
3556,3556,56,4,8686.00,34744.00
3557,3557,57,1,8823.25,8823.25
3558,3558,58,2,8960.50,17921.00
3559,3559,59,3,9097.75,27293.25
3560,3560,60,4,9235.00,36940.00
3561,3561,61,1,9372.25,9372.25
3562,3562,62,2,9509.50,19019.00
3563,3563,63,3,9646.75,28940.25
3564,3564,64,4,9784.00,39136.00
3565,3565,65,1,9921.25,9921.25
3566,3566,66,2,10058.50,20117.00
3567,3567,67,3,10195.75,30587.25
3568,3568,68,4,10333.00,41332.00
3569,3569,69,1,10470.25,10470.25
3570,3570,70,2,10607.50,21215.00
3571,3571,71,3,10744.75,32234.25
3572,3572,72,4,10882.00,43528.00
3573,3573,73,1,11019.25,11019.25
3574,3574,74,2,11156.50,22313.00
3575,3575,75,3,11293.75,33881.25
3576,3576,76,4,11431.00,45724.00
3577,3577,77,1,11568.25,11568.25
3578,3578,78,2,11705.50,23411.00
3579,3579,79,3,11842.75,35528.25
3580,3580,80,4,11980.00,47920.00
3581,3581,81,1,12117.25,12117.25
3582,3582,82,2,12254.50,24509.00
3583,3583,83,3,12391.75,37175.25
3584,3584,84,4,12529.00,50116.00
3585,3585,85,1,12666.25,12666.25
3586,3586,86,2,12803.50,25607.00
3587,3587,87,3,12940.75,38822.25
3588,3588,88,4,13078.00,52312.00
3589,3589,89,1,13215.25,13215.25
3590,3590,90,2,13352.50,26705.00
3591,3591,91,3,13489.75,40469.25
3592,3592,92,4,13627.00,54508.00
3593,3593,93,1,13764.25,13764.25
3594,3594,94,2,13901.50,27803.00
3595,3595,95,3,14038.75,42116.25
3596,3596,96,4,14176.00,56704.00
3597,3597,97,1,14313.25,14313.25
3598,3598,98,2,14450.50,28901.00
3599,3599,99,3,14587.75,43763.25
3600,3600,100,4,14725.00,58900.00
3601,3601,1,1,1137.25,1137.25
3602,3602,2,2,1274.50,2549.00
3603,3603,3,3,1411.75,4235.25
3604,3604,4,4,1549.00,6196.00
3605,3605,5,1,1686.25,1686.25
3606,3606,6,2,1823.50,3647.00
3607,3607,7,3,1960.75,5882.25
3608,3608,8,4,2098.00,8392.00
3609,3609,9,1,2235.25,2235.25
3610,3610,10,2,2372.50,4745.00
3611,3611,11,3,2509.75,7529.25
3612,3612,12,4,2647.00,10588.00
3613,3613,13,1,2784.25,2784.25
3614,3614,14,2,2921.50,5843.00
3615,3615,15,3,3058.75,9176.25
3616,3616,16,4,3196.00,12784.00
3617,3617,17,1,3333.25,3333.25
3618,3618,18,2,3470.50,6941.00
3619,3619,19,3,3607.75,10823.25
3620,3620,20,4,3745.00,14980.00
3621,3621,21,1,3882.25,3882.25
3622,3622,22,2,4019.50,8039.00
3623,3623,23,3,4156.75,12470.25
3624,3624,24,4,4294.00,17176.00
3625,3625,25,1,4431.25,4431.25
3626,3626,26,2,4568.50,9137.00
3627,3627,27,3,4705.75,14117.25
3628,3628,28,4,4843.00,19372.00
3629,3629,29,1,4980.25,4980.25
3630,3630,30,2,5117.50,10235.00
3631,3631,31,3,5254.75,15764.25
3632,3632,32,4,5392.00,21568.00
3633,3633,33,1,5529.25,5529.25
3634,3634,34,2,5666.50,11333.00
3635,3635,35,3,5803.75,17411.25
3636,3636,36,4,5941.00,23764.00
3637,3637,37,1,6078.25,6078.25
3638,3638,38,2,6215.50,12431.00
3639,3639,39,3,6352.75,19058.25
3640,3640,40,4,6490.00,25960.00
3641,3641,41,1,6627.25,6627.25
3642,3642,42,2,6764.50,13529.00
3643,3643,43,3,6901.75,20705.25
3644,3644,44,4,7039.00,28156.00
3645,3645,45,1,7176.25,7176.25
3646,3646,46,2,7313.50,14627.00
3647,3647,47,3,7450.75,22352.25
3648,3648,48,4,7588.00,30352.00
3649,3649,49,1,7725.25,7725.25
3650,3650,50,2,7862.50,15725.00
3651,3651,51,3,7999.75,23999.25
3652,3652,52,4,8137.00,32548.00
3653,3653,53,1,8274.25,8274.25
3654,3654,54,2,8411.50,16823.00
3655,3655,55,3,8548.75,25646.25
3656,3656,56,4,8686.00,34744.00
3657,3657,57,1,8823.25,8823.25
3658,3658,58,2,8960.50,17921.00
3659,3659,59,3,9097.75,27293.25
3660,3660,60,4,9235.00,36940.00
3661,3661,61,1,9372.25,9372.25
3662,3662,62,2,9509.50,19019.00
3663,3663,63,3,9646.75,28940.25
3664,3664,64,4,9784.00,39136.00
3665,3665,65,1,9921.25,9921.25
3666,3666,66,2,10058.50,20117.00
3667,3667,67,3,10195.75,30587.25
3668,3668,68,4,10333.00,41332.00
3669,3669,69,1,10470.25,10470.25
3670,3670,70,2,10607.50,21215.00
3671,3671,71,3,10744.75,32234.25
3672,3672,72,4,10882.00,43528.00
3673,3673,73,1,11019.25,11019.25
3674,3674,74,2,11156.50,22313.00
3675,3675,75,3,11293.75,33881.25
3676,3676,76,4,11431.00,45724.00
3677,3677,77,1,11568.25,11568.25
3678,3678,78,2,11705.50,23411.00
3679,3679,79,3,11842.75,35528.25
3680,3680,80,4,11980.00,47920.00
3681,3681,81,1,12117.25,12117.25
3682,3682,82,2,12254.50,24509.00
3683,3683,83,3,12391.75,37175.25
3684,3684,84,4,12529.00,50116.00
3685,3685,85,1,12666.25,12666.25
3686,3686,86,2,12803.50,25607.00
3687,3687,87,3,12940.75,38822.25
3688,3688,88,4,13078.00,52312.00
3689,3689,89,1,13215.25,13215.25
3690,3690,90,2,13352.50,26705.00
3691,3691,91,3,13489.75,40469.25
3692,3692,92,4,13627.00,54508.00
3693,3693,93,1,13764.25,13764.25
3694,3694,94,2,13901.50,27803.00
3695,3695,95,3,14038.75,42116.25
3696,3696,96,4,14176.00,56704.00
3697,3697,97,1,14313.25,14313.25
3698,3698,98,2,14450.50,28901.00
3699,3699,99,3,14587.75,43763.25
3700,3700,100,4,14725.00,58900.00
3701,3701,1,1,1137.25,1137.25
3702,3702,2,2,1274.50,2549.00
3703,3703,3,3,1411.75,4235.25
3704,3704,4,4,1549.00,6196.00
3705,3705,5,1,1686.25,1686.25
3706,3706,6,2,1823.50,3647.00
3707,3707,7,3,1960.75,5882.25
3708,3708,8,4,2098.00,8392.00
3709,3709,9,1,2235.25,2235.25
3710,3710,10,2,2372.50,4745.00
3711,3711,11,3,2509.75,7529.25
3712,3712,12,4,2647.00,10588.00
3713,3713,13,1,2784.25,2784.25
3714,3714,14,2,2921.50,5843.00
3715,3715,15,3,3058.75,9176.25
3716,3716,16,4,3196.00,12784.00
3717,3717,17,1,3333.25,3333.25
3718,3718,18,2,3470.50,6941.00
3719,3719,19,3,3607.75,10823.25
3720,3720,20,4,3745.00,14980.00
3721,3721,21,1,3882.25,3882.25
3722,3722,22,2,4019.50,8039.00
3723,3723,23,3,4156.75,12470.25
3724,3724,24,4,4294.00,17176.00
3725,3725,25,1,4431.25,4431.25
3726,3726,26,2,4568.50,9137.00
3727,3727,27,3,4705.75,14117.25
3728,3728,28,4,4843.00,19372.00
3729,3729,29,1,4980.25,4980.25
3730,3730,30,2,5117.50,10235.00
3731,3731,31,3,5254.75,15764.25
3732,3732,32,4,5392.00,21568.00
3733,3733,33,1,5529.25,5529.25
3734,3734,34,2,5666.50,11333.00
3735,3735,35,3,5803.75,17411.25
3736,3736,36,4,5941.00,23764.00
3737,3737,37,1,6078.25,6078.25
3738,3738,38,2,6215.50,12431.00
3739,3739,39,3,6352.75,19058.25
3740,3740,40,4,6490.00,25960.00
3741,3741,41,1,6627.25,6627.25
3742,3742,42,2,6764.50,13529.00
3743,3743,43,3,6901.75,20705.25
3744,3744,44,4,7039.00,28156.00
3745,3745,45,1,7176.25,7176.25
3746,3746,46,2,7313.50,14627.00
3747,3747,47,3,7450.75,22352.25
3748,3748,48,4,7588.00,30352.00
3749,3749,49,1,7725.25,7725.25
3750,3750,50,2,7862.50,15725.00
3751,3751,51,3,7999.75,23999.25
3752,3752,52,4,8137.00,32548.00
3753,3753,53,1,8274.25,8274.25
3754,3754,54,2,8411.50,16823.00
3755,3755,55,3,8548.75,25646.25
3756,3756,56,4,8686.00,34744.00
3757,3757,57,1,8823.25,8823.25
3758,3758,58,2,8960.50,17921.00
3759,3759,59,3,9097.75,27293.25
3760,3760,60,4,9235.00,36940.00
3761,3761,61,1,9372.25,9372.25
3762,3762,62,2,9509.50,19019.00
3763,3763,63,3,9646.75,28940.25
3764,3764,64,4,9784.00,39136.00
3765,3765,65,1,9921.25,9921.25
3766,3766,66,2,10058.50,20117.00
3767,3767,67,3,10195.75,30587.25
3768,3768,68,4,10333.00,41332.00
3769,3769,69,1,10470.25,10470.25
3770,3770,70,2,10607.50,21215.00
3771,3771,71,3,10744.75,32234.25
3772,3772,72,4,10882.00,43528.00
3773,3773,73,1,11019.25,11019.25
3774,3774,74,2,11156.50,22313.00
3775,3775,75,3,11293.75,33881.25
3776,3776,76,4,11431.00,45724.00
3777,3777,77,1,11568.25,11568.25
3778,3778,78,2,11705.50,23411.00
3779,3779,79,3,11842.75,35528.25
3780,3780,80,4,11980.00,47920.00
3781,3781,81,1,12117.25,12117.25
3782,3782,82,2,12254.50,24509.00
3783,3783,83,3,12391.75,37175.25
3784,3784,84,4,12529.00,50116.00
3785,3785,85,1,12666.25,12666.25
3786,3786,86,2,12803.50,25607.00
3787,3787,87,3,12940.75,38822.25
3788,3788,88,4,13078.00,52312.00
3789,3789,89,1,13215.25,13215.25
3790,3790,90,2,13352.50,26705.00
3791,3791,91,3,13489.75,40469.25
3792,3792,92,4,13627.00,54508.00
3793,3793,93,1,13764.25,13764.25
3794,3794,94,2,13901.50,27803.00
3795,3795,95,3,14038.75,42116.25
3796,3796,96,4,14176.00,56704.00
3797,3797,97,1,14313.25,14313.25
3798,3798,98,2,14450.50,28901.00
3799,3799,99,3,14587.75,43763.25
3800,3800,100,4,14725.00,58900.00
3801,3801,1,1,1137.25,1137.25
3802,3802,2,2,1274.50,2549.00
3803,3803,3,3,1411.75,4235.25
3804,3804,4,4,1549.00,6196.00
3805,3805,5,1,1686.25,1686.25
3806,3806,6,2,1823.50,3647.00
3807,3807,7,3,1960.75,5882.25
3808,3808,8,4,2098.00,8392.00
3809,3809,9,1,2235.25,2235.25
3810,3810,10,2,2372.50,4745.00
3811,3811,11,3,2509.75,7529.25
3812,3812,12,4,2647.00,10588.00
3813,3813,13,1,2784.25,2784.25
3814,3814,14,2,2921.50,5843.00
3815,3815,15,3,3058.75,9176.25
3816,3816,16,4,3196.00,12784.00
3817,3817,17,1,3333.25,3333.25
3818,3818,18,2,3470.50,6941.00
3819,3819,19,3,3607.75,10823.25
3820,3820,20,4,3745.00,14980.00
3821,3821,21,1,3882.25,3882.25
3822,3822,22,2,4019.50,8039.00
3823,3823,23,3,4156.75,12470.25
3824,3824,24,4,4294.00,17176.00
3825,3825,25,1,4431.25,4431.25
3826,3826,26,2,4568.50,9137.00
3827,3827,27,3,4705.75,14117.25
3828,3828,28,4,4843.00,19372.00
3829,3829,29,1,4980.25,4980.25
3830,3830,30,2,5117.50,10235.00
3831,3831,31,3,5254.75,15764.25
3832,3832,32,4,5392.00,21568.00
3833,3833,33,1,5529.25,5529.25
3834,3834,34,2,5666.50,11333.00
3835,3835,35,3,5803.75,17411.25
3836,3836,36,4,5941.00,23764.00
3837,3837,37,1,6078.25,6078.25
3838,3838,38,2,6215.50,12431.00
3839,3839,39,3,6352.75,19058.25
3840,3840,40,4,6490.00,25960.00
3841,3841,41,1,6627.25,6627.25
3842,3842,42,2,6764.50,13529.00
3843,3843,43,3,6901.75,20705.25
3844,3844,44,4,7039.00,28156.00
3845,3845,45,1,7176.25,7176.25
3846,3846,46,2,7313.50,14627.00
3847,3847,47,3,7450.75,22352.25
3848,3848,48,4,7588.00,30352.00
3849,3849,49,1,7725.25,7725.25
3850,3850,50,2,7862.50,15725.00
3851,3851,51,3,7999.75,23999.25
3852,3852,52,4,8137.00,32548.00
3853,3853,53,1,8274.25,8274.25
3854,3854,54,2,8411.50,16823.00
3855,3855,55,3,8548.75,25646.25
3856,3856,56,4,8686.00,34744.00
3857,3857,57,1,8823.25,8823.25
3858,3858,58,2,8960.50,17921.00
3859,3859,59,3,9097.75,27293.25
3860,3860,60,4,9235.00,36940.00
3861,3861,61,1,9372.25,9372.25
3862,3862,62,2,9509.50,19019.00
3863,3863,63,3,9646.75,28940.25
3864,3864,64,4,9784.00,39136.00
3865,3865,65,1,9921.25,9921.25
3866,3866,66,2,10058.50,20117.00
3867,3867,67,3,10195.75,30587.25
3868,3868,68,4,10333.00,41332.00
3869,3869,69,1,10470.25,10470.25
3870,3870,70,2,10607.50,21215.00
3871,3871,71,3,10744.75,32234.25
3872,3872,72,4,10882.00,43528.00
3873,3873,73,1,11019.25,11019.25
3874,3874,74,2,11156.50,22313.00
3875,3875,75,3,11293.75,33881.25
3876,3876,76,4,11431.00,45724.00
3877,3877,77,1,11568.25,11568.25
3878,3878,78,2,11705.50,23411.00
3879,3879,79,3,11842.75,35528.25
3880,3880,80,4,11980.00,47920.00
3881,3881,81,1,12117.25,12117.25
3882,3882,82,2,12254.50,24509.00
3883,3883,83,3,12391.75,37175.25
3884,3884,84,4,12529.00,50116.00
3885,3885,85,1,12666.25,12666.25
3886,3886,86,2,12803.50,25607.00
3887,3887,87,3,12940.75,38822.25
3888,3888,88,4,13078.00,52312.00
3889,3889,89,1,13215.25,13215.25
3890,3890,90,2,13352.50,26705.00
3891,3891,91,3,13489.75,40469.25
3892,3892,92,4,13627.00,54508.00
3893,3893,93,1,13764.25,13764.25
3894,3894,94,2,13901.50,27803.00
3895,3895,95,3,14038.75,42116.25
3896,3896,96,4,14176.00,56704.00
3897,3897,97,1,14313.25,14313.25
3898,3898,98,2,14450.50,28901.00
3899,3899,99,3,14587.75,43763.25
3900,3900,100,4,14725.00,58900.00
3901,3901,1,1,1137.25,1137.25
3902,3902,2,2,1274.50,2549.00
3903,3903,3,3,1411.75,4235.25
3904,3904,4,4,1549.00,6196.00
3905,3905,5,1,1686.25,1686.25
3906,3906,6,2,1823.50,3647.00
3907,3907,7,3,1960.75,5882.25
3908,3908,8,4,2098.00,8392.00
3909,3909,9,1,2235.25,2235.25
3910,3910,10,2,2372.50,4745.00
3911,3911,11,3,2509.75,7529.25
3912,3912,12,4,2647.00,10588.00
3913,3913,13,1,2784.25,2784.25
3914,3914,14,2,2921.50,5843.00
3915,3915,15,3,3058.75,9176.25
3916,3916,16,4,3196.00,12784.00
3917,3917,17,1,3333.25,3333.25
3918,3918,18,2,3470.50,6941.00
3919,3919,19,3,3607.75,10823.25
3920,3920,20,4,3745.00,14980.00
3921,3921,21,1,3882.25,3882.25
3922,3922,22,2,4019.50,8039.00
3923,3923,23,3,4156.75,12470.25
3924,3924,24,4,4294.00,17176.00
3925,3925,25,1,4431.25,4431.25
3926,3926,26,2,4568.50,9137.00
3927,3927,27,3,4705.75,14117.25
3928,3928,28,4,4843.00,19372.00
3929,3929,29,1,4980.25,4980.25
3930,3930,30,2,5117.50,10235.00
3931,3931,31,3,5254.75,15764.25
3932,3932,32,4,5392.00,21568.00
3933,3933,33,1,5529.25,5529.25
3934,3934,34,2,5666.50,11333.00
3935,3935,35,3,5803.75,17411.25
3936,3936,36,4,5941.00,23764.00
3937,3937,37,1,6078.25,6078.25
3938,3938,38,2,6215.50,12431.00
3939,3939,39,3,6352.75,19058.25
3940,3940,40,4,6490.00,25960.00
3941,3941,41,1,6627.25,6627.25
3942,3942,42,2,6764.50,13529.00
3943,3943,43,3,6901.75,20705.25
3944,3944,44,4,7039.00,28156.00
3945,3945,45,1,7176.25,7176.25
3946,3946,46,2,7313.50,14627.00
3947,3947,47,3,7450.75,22352.25
3948,3948,48,4,7588.00,30352.00
3949,3949,49,1,7725.25,7725.25
3950,3950,50,2,7862.50,15725.00
3951,3951,51,3,7999.75,23999.25
3952,3952,52,4,8137.00,32548.00
3953,3953,53,1,8274.25,8274.25
3954,3954,54,2,8411.50,16823.00
3955,3955,55,3,8548.75,25646.25
3956,3956,56,4,8686.00,34744.00
3957,3957,57,1,8823.25,8823.25
3958,3958,58,2,8960.50,17921.00
3959,3959,59,3,9097.75,27293.25
3960,3960,60,4,9235.00,36940.00
3961,3961,61,1,9372.25,9372.25
3962,3962,62,2,9509.50,19019.00
3963,3963,63,3,9646.75,28940.25
3964,3964,64,4,9784.00,39136.00
3965,3965,65,1,9921.25,9921.25
3966,3966,66,2,10058.50,20117.00
3967,3967,67,3,10195.75,30587.25
3968,3968,68,4,10333.00,41332.00
3969,3969,69,1,10470.25,10470.25
3970,3970,70,2,10607.50,21215.00
3971,3971,71,3,10744.75,32234.25
3972,3972,72,4,10882.00,43528.00
3973,3973,73,1,11019.25,11019.25
3974,3974,74,2,11156.50,22313.00
3975,3975,75,3,11293.75,33881.25
3976,3976,76,4,11431.00,45724.00
3977,3977,77,1,11568.25,11568.25
3978,3978,78,2,11705.50,23411.00
3979,3979,79,3,11842.75,35528.25
3980,3980,80,4,11980.00,47920.00
3981,3981,81,1,12117.25,12117.25
3982,3982,82,2,12254.50,24509.00
3983,3983,83,3,12391.75,37175.25
3984,3984,84,4,12529.00,50116.00
3985,3985,85,1,12666.25,12666.25
3986,3986,86,2,12803.50,25607.00
3987,3987,87,3,12940.75,38822.25
3988,3988,88,4,13078.00,52312.00
3989,3989,89,1,13215.25,13215.25
3990,3990,90,2,13352.50,26705.00
3991,3991,91,3,13489.75,40469.25
3992,3992,92,4,13627.00,54508.00
3993,3993,93,1,13764.25,13764.25
3994,3994,94,2,13901.50,27803.00
3995,3995,95,3,14038.75,42116.25
3996,3996,96,4,14176.00,56704.00
3997,3997,97,1,14313.25,14313.25
3998,3998,98,2,14450.50,28901.00
3999,3999,99,3,14587.75,43763.25
4000,4000,100,4,14725.00,58900.00
4001,4001,1,1,1137.25,1137.25
4002,4002,2,2,1274.50,2549.00
4003,4003,3,3,1411.75,4235.25
4004,4004,4,4,1549.00,6196.00
4005,4005,5,1,1686.25,1686.25
4006,4006,6,2,1823.50,3647.00
4007,4007,7,3,1960.75,5882.25
4008,4008,8,4,2098.00,8392.00
4009,4009,9,1,2235.25,2235.25
4010,4010,10,2,2372.50,4745.00
4011,4011,11,3,2509.75,7529.25
4012,4012,12,4,2647.00,10588.00
4013,4013,13,1,2784.25,2784.25
4014,4014,14,2,2921.50,5843.00
4015,4015,15,3,3058.75,9176.25
4016,4016,16,4,3196.00,12784.00
4017,4017,17,1,3333.25,3333.25
4018,4018,18,2,3470.50,6941.00
4019,4019,19,3,3607.75,10823.25
4020,4020,20,4,3745.00,14980.00
4021,4021,21,1,3882.25,3882.25
4022,4022,22,2,4019.50,8039.00
4023,4023,23,3,4156.75,12470.25
4024,4024,24,4,4294.00,17176.00
4025,4025,25,1,4431.25,4431.25
4026,4026,26,2,4568.50,9137.00
4027,4027,27,3,4705.75,14117.25
4028,4028,28,4,4843.00,19372.00
4029,4029,29,1,4980.25,4980.25
4030,4030,30,2,5117.50,10235.00
4031,4031,31,3,5254.75,15764.25
4032,4032,32,4,5392.00,21568.00
4033,4033,33,1,5529.25,5529.25
4034,4034,34,2,5666.50,11333.00
4035,4035,35,3,5803.75,17411.25
4036,4036,36,4,5941.00,23764.00
4037,4037,37,1,6078.25,6078.25
4038,4038,38,2,6215.50,12431.00
4039,4039,39,3,6352.75,19058.25
4040,4040,40,4,6490.00,25960.00
4041,4041,41,1,6627.25,6627.25
4042,4042,42,2,6764.50,13529.00
4043,4043,43,3,6901.75,20705.25
4044,4044,44,4,7039.00,28156.00
4045,4045,45,1,7176.25,7176.25
4046,4046,46,2,7313.50,14627.00
4047,4047,47,3,7450.75,22352.25
4048,4048,48,4,7588.00,30352.00
4049,4049,49,1,7725.25,7725.25
4050,4050,50,2,7862.50,15725.00
4051,4051,51,3,7999.75,23999.25
4052,4052,52,4,8137.00,32548.00
4053,4053,53,1,8274.25,8274.25
4054,4054,54,2,8411.50,16823.00
4055,4055,55,3,8548.75,25646.25
4056,4056,56,4,8686.00,34744.00
4057,4057,57,1,8823.25,8823.25
4058,4058,58,2,8960.50,17921.00
4059,4059,59,3,9097.75,27293.25
4060,4060,60,4,9235.00,36940.00
4061,4061,61,1,9372.25,9372.25
4062,4062,62,2,9509.50,19019.00
4063,4063,63,3,9646.75,28940.25
4064,4064,64,4,9784.00,39136.00
4065,4065,65,1,9921.25,9921.25
4066,4066,66,2,10058.50,20117.00
4067,4067,67,3,10195.75,30587.25
4068,4068,68,4,10333.00,41332.00
4069,4069,69,1,10470.25,10470.25
4070,4070,70,2,10607.50,21215.00
4071,4071,71,3,10744.75,32234.25
4072,4072,72,4,10882.00,43528.00
4073,4073,73,1,11019.25,11019.25
4074,4074,74,2,11156.50,22313.00
4075,4075,75,3,11293.75,33881.25
4076,4076,76,4,11431.00,45724.00
4077,4077,77,1,11568.25,11568.25
4078,4078,78,2,11705.50,23411.00
4079,4079,79,3,11842.75,35528.25
4080,4080,80,4,11980.00,47920.00
4081,4081,81,1,12117.25,12117.25
4082,4082,82,2,12254.50,24509.00
4083,4083,83,3,12391.75,37175.25
4084,4084,84,4,12529.00,50116.00
4085,4085,85,1,12666.25,12666.25
4086,4086,86,2,12803.50,25607.00
4087,4087,87,3,12940.75,38822.25
4088,4088,88,4,13078.00,52312.00
4089,4089,89,1,13215.25,13215.25
4090,4090,90,2,13352.50,26705.00
4091,4091,91,3,13489.75,40469.25
4092,4092,92,4,13627.00,54508.00
4093,4093,93,1,13764.25,13764.25
4094,4094,94,2,13901.50,27803.00
4095,4095,95,3,14038.75,42116.25
4096,4096,96,4,14176.00,56704.00
4097,4097,97,1,14313.25,14313.25
4098,4098,98,2,14450.50,28901.00
4099,4099,99,3,14587.75,43763.25
4100,4100,100,4,14725.00,58900.00
4101,4101,1,1,1137.25,1137.25
4102,4102,2,2,1274.50,2549.00
4103,4103,3,3,1411.75,4235.25
4104,4104,4,4,1549.00,6196.00
4105,4105,5,1,1686.25,1686.25
4106,4106,6,2,1823.50,3647.00
4107,4107,7,3,1960.75,5882.25
4108,4108,8,4,2098.00,8392.00
4109,4109,9,1,2235.25,2235.25
4110,4110,10,2,2372.50,4745.00
4111,4111,11,3,2509.75,7529.25
4112,4112,12,4,2647.00,10588.00
4113,4113,13,1,2784.25,2784.25
4114,4114,14,2,2921.50,5843.00
4115,4115,15,3,3058.75,9176.25
4116,4116,16,4,3196.00,12784.00
4117,4117,17,1,3333.25,3333.25
4118,4118,18,2,3470.50,6941.00
4119,4119,19,3,3607.75,10823.25
4120,4120,20,4,3745.00,14980.00
4121,4121,21,1,3882.25,3882.25
4122,4122,22,2,4019.50,8039.00
4123,4123,23,3,4156.75,12470.25
4124,4124,24,4,4294.00,17176.00
4125,4125,25,1,4431.25,4431.25
4126,4126,26,2,4568.50,9137.00
4127,4127,27,3,4705.75,14117.25
4128,4128,28,4,4843.00,19372.00
4129,4129,29,1,4980.25,4980.25
4130,4130,30,2,5117.50,10235.00
4131,4131,31,3,5254.75,15764.25
4132,4132,32,4,5392.00,21568.00
4133,4133,33,1,5529.25,5529.25
4134,4134,34,2,5666.50,11333.00
4135,4135,35,3,5803.75,17411.25
4136,4136,36,4,5941.00,23764.00
4137,4137,37,1,6078.25,6078.25
4138,4138,38,2,6215.50,12431.00
4139,4139,39,3,6352.75,19058.25
4140,4140,40,4,6490.00,25960.00
4141,4141,41,1,6627.25,6627.25
4142,4142,42,2,6764.50,13529.00
4143,4143,43,3,6901.75,20705.25
4144,4144,44,4,7039.00,28156.00
4145,4145,45,1,7176.25,7176.25
4146,4146,46,2,7313.50,14627.00
4147,4147,47,3,7450.75,22352.25
4148,4148,48,4,7588.00,30352.00
4149,4149,49,1,7725.25,7725.25
4150,4150,50,2,7862.50,15725.00
4151,4151,51,3,7999.75,23999.25
4152,4152,52,4,8137.00,32548.00
4153,4153,53,1,8274.25,8274.25
4154,4154,54,2,8411.50,16823.00
4155,4155,55,3,8548.75,25646.25
4156,4156,56,4,8686.00,34744.00
4157,4157,57,1,8823.25,8823.25
4158,4158,58,2,8960.50,17921.00
4159,4159,59,3,9097.75,27293.25
4160,4160,60,4,9235.00,36940.00
4161,4161,61,1,9372.25,9372.25
4162,4162,62,2,9509.50,19019.00
4163,4163,63,3,9646.75,28940.25
4164,4164,64,4,9784.00,39136.00
4165,4165,65,1,9921.25,9921.25
4166,4166,66,2,10058.50,20117.00
4167,4167,67,3,10195.75,30587.25
4168,4168,68,4,10333.00,41332.00
4169,4169,69,1,10470.25,10470.25
4170,4170,70,2,10607.50,21215.00
4171,4171,71,3,10744.75,32234.25
4172,4172,72,4,10882.00,43528.00
4173,4173,73,1,11019.25,11019.25
4174,4174,74,2,11156.50,22313.00
4175,4175,75,3,11293.75,33881.25
4176,4176,76,4,11431.00,45724.00
4177,4177,77,1,11568.25,11568.25
4178,4178,78,2,11705.50,23411.00
4179,4179,79,3,11842.75,35528.25
4180,4180,80,4,11980.00,47920.00
4181,4181,81,1,12117.25,12117.25
4182,4182,82,2,12254.50,24509.00
4183,4183,83,3,12391.75,37175.25
4184,4184,84,4,12529.00,50116.00
4185,4185,85,1,12666.25,12666.25
4186,4186,86,2,12803.50,25607.00
4187,4187,87,3,12940.75,38822.25
4188,4188,88,4,13078.00,52312.00
4189,4189,89,1,13215.25,13215.25
4190,4190,90,2,13352.50,26705.00
4191,4191,91,3,13489.75,40469.25
4192,4192,92,4,13627.00,54508.00
4193,4193,93,1,13764.25,13764.25
4194,4194,94,2,13901.50,27803.00
4195,4195,95,3,14038.75,42116.25
4196,4196,96,4,14176.00,56704.00
4197,4197,97,1,14313.25,14313.25
4198,4198,98,2,14450.50,28901.00
4199,4199,99,3,14587.75,43763.25
4200,4200,100,4,14725.00,58900.00
4201,4201,1,1,1137.25,1137.25
4202,4202,2,2,1274.50,2549.00
4203,4203,3,3,1411.75,4235.25
4204,4204,4,4,1549.00,6196.00
4205,4205,5,1,1686.25,1686.25
4206,4206,6,2,1823.50,3647.00
4207,4207,7,3,1960.75,5882.25
4208,4208,8,4,2098.00,8392.00
4209,4209,9,1,2235.25,2235.25
4210,4210,10,2,2372.50,4745.00
4211,4211,11,3,2509.75,7529.25
4212,4212,12,4,2647.00,10588.00
4213,4213,13,1,2784.25,2784.25
4214,4214,14,2,2921.50,5843.00
4215,4215,15,3,3058.75,9176.25
4216,4216,16,4,3196.00,12784.00
4217,4217,17,1,3333.25,3333.25
4218,4218,18,2,3470.50,6941.00
4219,4219,19,3,3607.75,10823.25
4220,4220,20,4,3745.00,14980.00
4221,4221,21,1,3882.25,3882.25
4222,4222,22,2,4019.50,8039.00
4223,4223,23,3,4156.75,12470.25
4224,4224,24,4,4294.00,17176.00
4225,4225,25,1,4431.25,4431.25
4226,4226,26,2,4568.50,9137.00
4227,4227,27,3,4705.75,14117.25
4228,4228,28,4,4843.00,19372.00
4229,4229,29,1,4980.25,4980.25
4230,4230,30,2,5117.50,10235.00
4231,4231,31,3,5254.75,15764.25
4232,4232,32,4,5392.00,21568.00
4233,4233,33,1,5529.25,5529.25
4234,4234,34,2,5666.50,11333.00
4235,4235,35,3,5803.75,17411.25
4236,4236,36,4,5941.00,23764.00
4237,4237,37,1,6078.25,6078.25
4238,4238,38,2,6215.50,12431.00
4239,4239,39,3,6352.75,19058.25
4240,4240,40,4,6490.00,25960.00
4241,4241,41,1,6627.25,6627.25
4242,4242,42,2,6764.50,13529.00
4243,4243,43,3,6901.75,20705.25
4244,4244,44,4,7039.00,28156.00
4245,4245,45,1,7176.25,7176.25
4246,4246,46,2,7313.50,14627.00
4247,4247,47,3,7450.75,22352.25
4248,4248,48,4,7588.00,30352.00
4249,4249,49,1,7725.25,7725.25
4250,4250,50,2,7862.50,15725.00
4251,4251,51,3,7999.75,23999.25
4252,4252,52,4,8137.00,32548.00
4253,4253,53,1,8274.25,8274.25
4254,4254,54,2,8411.50,16823.00
4255,4255,55,3,8548.75,25646.25
4256,4256,56,4,8686.00,34744.00
4257,4257,57,1,8823.25,8823.25
4258,4258,58,2,8960.50,17921.00
4259,4259,59,3,9097.75,27293.25
4260,4260,60,4,9235.00,36940.00
4261,4261,61,1,9372.25,9372.25
4262,4262,62,2,9509.50,19019.00
4263,4263,63,3,9646.75,28940.25
4264,4264,64,4,9784.00,39136.00
4265,4265,65,1,9921.25,9921.25
4266,4266,66,2,10058.50,20117.00
4267,4267,67,3,10195.75,30587.25
4268,4268,68,4,10333.00,41332.00
4269,4269,69,1,10470.25,10470.25
4270,4270,70,2,10607.50,21215.00
4271,4271,71,3,10744.75,32234.25
4272,4272,72,4,10882.00,43528.00
4273,4273,73,1,11019.25,11019.25
4274,4274,74,2,11156.50,22313.00
4275,4275,75,3,11293.75,33881.25
4276,4276,76,4,11431.00,45724.00
4277,4277,77,1,11568.25,11568.25
4278,4278,78,2,11705.50,23411.00
4279,4279,79,3,11842.75,35528.25
4280,4280,80,4,11980.00,47920.00
4281,4281,81,1,12117.25,12117.25
4282,4282,82,2,12254.50,24509.00
4283,4283,83,3,12391.75,37175.25
4284,4284,84,4,12529.00,50116.00
4285,4285,85,1,12666.25,12666.25
4286,4286,86,2,12803.50,25607.00
4287,4287,87,3,12940.75,38822.25
4288,4288,88,4,13078.00,52312.00
4289,4289,89,1,13215.25,13215.25
4290,4290,90,2,13352.50,26705.00
4291,4291,91,3,13489.75,40469.25
4292,4292,92,4,13627.00,54508.00
4293,4293,93,1,13764.25,13764.25
4294,4294,94,2,13901.50,27803.00
4295,4295,95,3,14038.75,42116.25
4296,4296,96,4,14176.00,56704.00
4297,4297,97,1,14313.25,14313.25
4298,4298,98,2,14450.50,28901.00
4299,4299,99,3,14587.75,43763.25
4300,4300,100,4,14725.00,58900.00
4301,4301,1,1,1137.25,1137.25
4302,4302,2,2,1274.50,2549.00
4303,4303,3,3,1411.75,4235.25
4304,4304,4,4,1549.00,6196.00
4305,4305,5,1,1686.25,1686.25
4306,4306,6,2,1823.50,3647.00
4307,4307,7,3,1960.75,5882.25
4308,4308,8,4,2098.00,8392.00
4309,4309,9,1,2235.25,2235.25
4310,4310,10,2,2372.50,4745.00
4311,4311,11,3,2509.75,7529.25
4312,4312,12,4,2647.00,10588.00
4313,4313,13,1,2784.25,2784.25
4314,4314,14,2,2921.50,5843.00
4315,4315,15,3,3058.75,9176.25
4316,4316,16,4,3196.00,12784.00
4317,4317,17,1,3333.25,3333.25
4318,4318,18,2,3470.50,6941.00
4319,4319,19,3,3607.75,10823.25
4320,4320,20,4,3745.00,14980.00
4321,4321,21,1,3882.25,3882.25
4322,4322,22,2,4019.50,8039.00
4323,4323,23,3,4156.75,12470.25
4324,4324,24,4,4294.00,17176.00
4325,4325,25,1,4431.25,4431.25
4326,4326,26,2,4568.50,9137.00
4327,4327,27,3,4705.75,14117.25
4328,4328,28,4,4843.00,19372.00
4329,4329,29,1,4980.25,4980.25
4330,4330,30,2,5117.50,10235.00
4331,4331,31,3,5254.75,15764.25
4332,4332,32,4,5392.00,21568.00
4333,4333,33,1,5529.25,5529.25
4334,4334,34,2,5666.50,11333.00
4335,4335,35,3,5803.75,17411.25
4336,4336,36,4,5941.00,23764.00
4337,4337,37,1,6078.25,6078.25
4338,4338,38,2,6215.50,12431.00
4339,4339,39,3,6352.75,19058.25
4340,4340,40,4,6490.00,25960.00
4341,4341,41,1,6627.25,6627.25
4342,4342,42,2,6764.50,13529.00
4343,4343,43,3,6901.75,20705.25
4344,4344,44,4,7039.00,28156.00
4345,4345,45,1,7176.25,7176.25
4346,4346,46,2,7313.50,14627.00
4347,4347,47,3,7450.75,22352.25
4348,4348,48,4,7588.00,30352.00
4349,4349,49,1,7725.25,7725.25
4350,4350,50,2,7862.50,15725.00
4351,4351,51,3,7999.75,23999.25
4352,4352,52,4,8137.00,32548.00
4353,4353,53,1,8274.25,8274.25
4354,4354,54,2,8411.50,16823.00
4355,4355,55,3,8548.75,25646.25
4356,4356,56,4,8686.00,34744.00
4357,4357,57,1,8823.25,8823.25
4358,4358,58,2,8960.50,17921.00
4359,4359,59,3,9097.75,27293.25
4360,4360,60,4,9235.00,36940.00
4361,4361,61,1,9372.25,9372.25
4362,4362,62,2,9509.50,19019.00
4363,4363,63,3,9646.75,28940.25
4364,4364,64,4,9784.00,39136.00
4365,4365,65,1,9921.25,9921.25
4366,4366,66,2,10058.50,20117.00
4367,4367,67,3,10195.75,30587.25
4368,4368,68,4,10333.00,41332.00
4369,4369,69,1,10470.25,10470.25
4370,4370,70,2,10607.50,21215.00
4371,4371,71,3,10744.75,32234.25
4372,4372,72,4,10882.00,43528.00
4373,4373,73,1,11019.25,11019.25
4374,4374,74,2,11156.50,22313.00
4375,4375,75,3,11293.75,33881.25
4376,4376,76,4,11431.00,45724.00
4377,4377,77,1,11568.25,11568.25
4378,4378,78,2,11705.50,23411.00
4379,4379,79,3,11842.75,35528.25
4380,4380,80,4,11980.00,47920.00
4381,4381,81,1,12117.25,12117.25
4382,4382,82,2,12254.50,24509.00
4383,4383,83,3,12391.75,37175.25
4384,4384,84,4,12529.00,50116.00
4385,4385,85,1,12666.25,12666.25
4386,4386,86,2,12803.50,25607.00
4387,4387,87,3,12940.75,38822.25
4388,4388,88,4,13078.00,52312.00
4389,4389,89,1,13215.25,13215.25
4390,4390,90,2,13352.50,26705.00
4391,4391,91,3,13489.75,40469.25
4392,4392,92,4,13627.00,54508.00
4393,4393,93,1,13764.25,13764.25
4394,4394,94,2,13901.50,27803.00
4395,4395,95,3,14038.75,42116.25
4396,4396,96,4,14176.00,56704.00
4397,4397,97,1,14313.25,14313.25
4398,4398,98,2,14450.50,28901.00
4399,4399,99,3,14587.75,43763.25
4400,4400,100,4,14725.00,58900.00
4401,4401,1,1,1137.25,1137.25
4402,4402,2,2,1274.50,2549.00
4403,4403,3,3,1411.75,4235.25
4404,4404,4,4,1549.00,6196.00
4405,4405,5,1,1686.25,1686.25
4406,4406,6,2,1823.50,3647.00
4407,4407,7,3,1960.75,5882.25
4408,4408,8,4,2098.00,8392.00
4409,4409,9,1,2235.25,2235.25
4410,4410,10,2,2372.50,4745.00
4411,4411,11,3,2509.75,7529.25
4412,4412,12,4,2647.00,10588.00
4413,4413,13,1,2784.25,2784.25
4414,4414,14,2,2921.50,5843.00
4415,4415,15,3,3058.75,9176.25
4416,4416,16,4,3196.00,12784.00
4417,4417,17,1,3333.25,3333.25
4418,4418,18,2,3470.50,6941.00
4419,4419,19,3,3607.75,10823.25
4420,4420,20,4,3745.00,14980.00
4421,4421,21,1,3882.25,3882.25
4422,4422,22,2,4019.50,8039.00
4423,4423,23,3,4156.75,12470.25
4424,4424,24,4,4294.00,17176.00
4425,4425,25,1,4431.25,4431.25
4426,4426,26,2,4568.50,9137.00
4427,4427,27,3,4705.75,14117.25
4428,4428,28,4,4843.00,19372.00
4429,4429,29,1,4980.25,4980.25
4430,4430,30,2,5117.50,10235.00
4431,4431,31,3,5254.75,15764.25
4432,4432,32,4,5392.00,21568.00
4433,4433,33,1,5529.25,5529.25
4434,4434,34,2,5666.50,11333.00
4435,4435,35,3,5803.75,17411.25
4436,4436,36,4,5941.00,23764.00
4437,4437,37,1,6078.25,6078.25
4438,4438,38,2,6215.50,12431.00
4439,4439,39,3,6352.75,19058.25
4440,4440,40,4,6490.00,25960.00
4441,4441,41,1,6627.25,6627.25
4442,4442,42,2,6764.50,13529.00
4443,4443,43,3,6901.75,20705.25
4444,4444,44,4,7039.00,28156.00
4445,4445,45,1,7176.25,7176.25
4446,4446,46,2,7313.50,14627.00
4447,4447,47,3,7450.75,22352.25
4448,4448,48,4,7588.00,30352.00
4449,4449,49,1,7725.25,7725.25
4450,4450,50,2,7862.50,15725.00
4451,4451,51,3,7999.75,23999.25
4452,4452,52,4,8137.00,32548.00
4453,4453,53,1,8274.25,8274.25
4454,4454,54,2,8411.50,16823.00
4455,4455,55,3,8548.75,25646.25
4456,4456,56,4,8686.00,34744.00
4457,4457,57,1,8823.25,8823.25
4458,4458,58,2,8960.50,17921.00
4459,4459,59,3,9097.75,27293.25
4460,4460,60,4,9235.00,36940.00
4461,4461,61,1,9372.25,9372.25
4462,4462,62,2,9509.50,19019.00
4463,4463,63,3,9646.75,28940.25
4464,4464,64,4,9784.00,39136.00
4465,4465,65,1,9921.25,9921.25
4466,4466,66,2,10058.50,20117.00
4467,4467,67,3,10195.75,30587.25
4468,4468,68,4,10333.00,41332.00
4469,4469,69,1,10470.25,10470.25
4470,4470,70,2,10607.50,21215.00
4471,4471,71,3,10744.75,32234.25
4472,4472,72,4,10882.00,43528.00
4473,4473,73,1,11019.25,11019.25
4474,4474,74,2,11156.50,22313.00
4475,4475,75,3,11293.75,33881.25
4476,4476,76,4,11431.00,45724.00
4477,4477,77,1,11568.25,11568.25
4478,4478,78,2,11705.50,23411.00
4479,4479,79,3,11842.75,35528.25
4480,4480,80,4,11980.00,47920.00
4481,4481,81,1,12117.25,12117.25
4482,4482,82,2,12254.50,24509.00
4483,4483,83,3,12391.75,37175.25
4484,4484,84,4,12529.00,50116.00
4485,4485,85,1,12666.25,12666.25
4486,4486,86,2,12803.50,25607.00
4487,4487,87,3,12940.75,38822.25
4488,4488,88,4,13078.00,52312.00
4489,4489,89,1,13215.25,13215.25
4490,4490,90,2,13352.50,26705.00
4491,4491,91,3,13489.75,40469.25
4492,4492,92,4,13627.00,54508.00
4493,4493,93,1,13764.25,13764.25
4494,4494,94,2,13901.50,27803.00
4495,4495,95,3,14038.75,42116.25
4496,4496,96,4,14176.00,56704.00
4497,4497,97,1,14313.25,14313.25
4498,4498,98,2,14450.50,28901.00
4499,4499,99,3,14587.75,43763.25
4500,4500,100,4,14725.00,58900.00
4501,4501,1,1,1137.25,1137.25
4502,4502,2,2,1274.50,2549.00
4503,4503,3,3,1411.75,4235.25
4504,4504,4,4,1549.00,6196.00
4505,4505,5,1,1686.25,1686.25
4506,4506,6,2,1823.50,3647.00
4507,4507,7,3,1960.75,5882.25
4508,4508,8,4,2098.00,8392.00
4509,4509,9,1,2235.25,2235.25
4510,4510,10,2,2372.50,4745.00
4511,4511,11,3,2509.75,7529.25
4512,4512,12,4,2647.00,10588.00
4513,4513,13,1,2784.25,2784.25
4514,4514,14,2,2921.50,5843.00
4515,4515,15,3,3058.75,9176.25
4516,4516,16,4,3196.00,12784.00
4517,4517,17,1,3333.25,3333.25
4518,4518,18,2,3470.50,6941.00
4519,4519,19,3,3607.75,10823.25
4520,4520,20,4,3745.00,14980.00
4521,4521,21,1,3882.25,3882.25
4522,4522,22,2,4019.50,8039.00
4523,4523,23,3,4156.75,12470.25
4524,4524,24,4,4294.00,17176.00
4525,4525,25,1,4431.25,4431.25
4526,4526,26,2,4568.50,9137.00
4527,4527,27,3,4705.75,14117.25
4528,4528,28,4,4843.00,19372.00
4529,4529,29,1,4980.25,4980.25
4530,4530,30,2,5117.50,10235.00
4531,4531,31,3,5254.75,15764.25
4532,4532,32,4,5392.00,21568.00
4533,4533,33,1,5529.25,5529.25
4534,4534,34,2,5666.50,11333.00
4535,4535,35,3,5803.75,17411.25
4536,4536,36,4,5941.00,23764.00
4537,4537,37,1,6078.25,6078.25
4538,4538,38,2,6215.50,12431.00
4539,4539,39,3,6352.75,19058.25
4540,4540,40,4,6490.00,25960.00
4541,4541,41,1,6627.25,6627.25
4542,4542,42,2,6764.50,13529.00
4543,4543,43,3,6901.75,20705.25
4544,4544,44,4,7039.00,28156.00
4545,4545,45,1,7176.25,7176.25
4546,4546,46,2,7313.50,14627.00
4547,4547,47,3,7450.75,22352.25
4548,4548,48,4,7588.00,30352.00
4549,4549,49,1,7725.25,7725.25
4550,4550,50,2,7862.50,15725.00
4551,4551,51,3,7999.75,23999.25
4552,4552,52,4,8137.00,32548.00
4553,4553,53,1,8274.25,8274.25
4554,4554,54,2,8411.50,16823.00
4555,4555,55,3,8548.75,25646.25
4556,4556,56,4,8686.00,34744.00
4557,4557,57,1,8823.25,8823.25
4558,4558,58,2,8960.50,17921.00
4559,4559,59,3,9097.75,27293.25
4560,4560,60,4,9235.00,36940.00
4561,4561,61,1,9372.25,9372.25
4562,4562,62,2,9509.50,19019.00
4563,4563,63,3,9646.75,28940.25
4564,4564,64,4,9784.00,39136.00
4565,4565,65,1,9921.25,9921.25
4566,4566,66,2,10058.50,20117.00
4567,4567,67,3,10195.75,30587.25
4568,4568,68,4,10333.00,41332.00
4569,4569,69,1,10470.25,10470.25
4570,4570,70,2,10607.50,21215.00
4571,4571,71,3,10744.75,32234.25
4572,4572,72,4,10882.00,43528.00
4573,4573,73,1,11019.25,11019.25
4574,4574,74,2,11156.50,22313.00
4575,4575,75,3,11293.75,33881.25
4576,4576,76,4,11431.00,45724.00
4577,4577,77,1,11568.25,11568.25
4578,4578,78,2,11705.50,23411.00
4579,4579,79,3,11842.75,35528.25
4580,4580,80,4,11980.00,47920.00
4581,4581,81,1,12117.25,12117.25
4582,4582,82,2,12254.50,24509.00
4583,4583,83,3,12391.75,37175.25
4584,4584,84,4,12529.00,50116.00
4585,4585,85,1,12666.25,12666.25
4586,4586,86,2,12803.50,25607.00
4587,4587,87,3,12940.75,38822.25
4588,4588,88,4,13078.00,52312.00
4589,4589,89,1,13215.25,13215.25
4590,4590,90,2,13352.50,26705.00
4591,4591,91,3,13489.75,40469.25
4592,4592,92,4,13627.00,54508.00
4593,4593,93,1,13764.25,13764.25
4594,4594,94,2,13901.50,27803.00
4595,4595,95,3,14038.75,42116.25
4596,4596,96,4,14176.00,56704.00
4597,4597,97,1,14313.25,14313.25
4598,4598,98,2,14450.50,28901.00
4599,4599,99,3,14587.75,43763.25
4600,4600,100,4,14725.00,58900.00
4601,4601,1,1,1137.25,1137.25
4602,4602,2,2,1274.50,2549.00
4603,4603,3,3,1411.75,4235.25
4604,4604,4,4,1549.00,6196.00
4605,4605,5,1,1686.25,1686.25
4606,4606,6,2,1823.50,3647.00
4607,4607,7,3,1960.75,5882.25
4608,4608,8,4,2098.00,8392.00
4609,4609,9,1,2235.25,2235.25
4610,4610,10,2,2372.50,4745.00
4611,4611,11,3,2509.75,7529.25
4612,4612,12,4,2647.00,10588.00
4613,4613,13,1,2784.25,2784.25
4614,4614,14,2,2921.50,5843.00
4615,4615,15,3,3058.75,9176.25
4616,4616,16,4,3196.00,12784.00
4617,4617,17,1,3333.25,3333.25
4618,4618,18,2,3470.50,6941.00
4619,4619,19,3,3607.75,10823.25
4620,4620,20,4,3745.00,14980.00
4621,4621,21,1,3882.25,3882.25
4622,4622,22,2,4019.50,8039.00
4623,4623,23,3,4156.75,12470.25
4624,4624,24,4,4294.00,17176.00
4625,4625,25,1,4431.25,4431.25
4626,4626,26,2,4568.50,9137.00
4627,4627,27,3,4705.75,14117.25
4628,4628,28,4,4843.00,19372.00
4629,4629,29,1,4980.25,4980.25
4630,4630,30,2,5117.50,10235.00
4631,4631,31,3,5254.75,15764.25
4632,4632,32,4,5392.00,21568.00
4633,4633,33,1,5529.25,5529.25
4634,4634,34,2,5666.50,11333.00
4635,4635,35,3,5803.75,17411.25
4636,4636,36,4,5941.00,23764.00
4637,4637,37,1,6078.25,6078.25
4638,4638,38,2,6215.50,12431.00
4639,4639,39,3,6352.75,19058.25
4640,4640,40,4,6490.00,25960.00
4641,4641,41,1,6627.25,6627.25
4642,4642,42,2,6764.50,13529.00
4643,4643,43,3,6901.75,20705.25
4644,4644,44,4,7039.00,28156.00
4645,4645,45,1,7176.25,7176.25
4646,4646,46,2,7313.50,14627.00
4647,4647,47,3,7450.75,22352.25
4648,4648,48,4,7588.00,30352.00
4649,4649,49,1,7725.25,7725.25
4650,4650,50,2,7862.50,15725.00
4651,4651,51,3,7999.75,23999.25
4652,4652,52,4,8137.00,32548.00
4653,4653,53,1,8274.25,8274.25
4654,4654,54,2,8411.50,16823.00
4655,4655,55,3,8548.75,25646.25
4656,4656,56,4,8686.00,34744.00
4657,4657,57,1,8823.25,8823.25
4658,4658,58,2,8960.50,17921.00
4659,4659,59,3,9097.75,27293.25
4660,4660,60,4,9235.00,36940.00
4661,4661,61,1,9372.25,9372.25
4662,4662,62,2,9509.50,19019.00
4663,4663,63,3,9646.75,28940.25
4664,4664,64,4,9784.00,39136.00
4665,4665,65,1,9921.25,9921.25
4666,4666,66,2,10058.50,20117.00
4667,4667,67,3,10195.75,30587.25
4668,4668,68,4,10333.00,41332.00
4669,4669,69,1,10470.25,10470.25
4670,4670,70,2,10607.50,21215.00
4671,4671,71,3,10744.75,32234.25
4672,4672,72,4,10882.00,43528.00
4673,4673,73,1,11019.25,11019.25
4674,4674,74,2,11156.50,22313.00
4675,4675,75,3,11293.75,33881.25
4676,4676,76,4,11431.00,45724.00
4677,4677,77,1,11568.25,11568.25
4678,4678,78,2,11705.50,23411.00
4679,4679,79,3,11842.75,35528.25
4680,4680,80,4,11980.00,47920.00
4681,4681,81,1,12117.25,12117.25
4682,4682,82,2,12254.50,24509.00
4683,4683,83,3,12391.75,37175.25
4684,4684,84,4,12529.00,50116.00
4685,4685,85,1,12666.25,12666.25
4686,4686,86,2,12803.50,25607.00
4687,4687,87,3,12940.75,38822.25
4688,4688,88,4,13078.00,52312.00
4689,4689,89,1,13215.25,13215.25
4690,4690,90,2,13352.50,26705.00
4691,4691,91,3,13489.75,40469.25
4692,4692,92,4,13627.00,54508.00
4693,4693,93,1,13764.25,13764.25
4694,4694,94,2,13901.50,27803.00
4695,4695,95,3,14038.75,42116.25
4696,4696,96,4,14176.00,56704.00
4697,4697,97,1,14313.25,14313.25
4698,4698,98,2,14450.50,28901.00
4699,4699,99,3,14587.75,43763.25
4700,4700,100,4,14725.00,58900.00
4701,4701,1,1,1137.25,1137.25
4702,4702,2,2,1274.50,2549.00
4703,4703,3,3,1411.75,4235.25
4704,4704,4,4,1549.00,6196.00
4705,4705,5,1,1686.25,1686.25
4706,4706,6,2,1823.50,3647.00
4707,4707,7,3,1960.75,5882.25
4708,4708,8,4,2098.00,8392.00
4709,4709,9,1,2235.25,2235.25
4710,4710,10,2,2372.50,4745.00
4711,4711,11,3,2509.75,7529.25
4712,4712,12,4,2647.00,10588.00
4713,4713,13,1,2784.25,2784.25
4714,4714,14,2,2921.50,5843.00
4715,4715,15,3,3058.75,9176.25
4716,4716,16,4,3196.00,12784.00
4717,4717,17,1,3333.25,3333.25
4718,4718,18,2,3470.50,6941.00
4719,4719,19,3,3607.75,10823.25
4720,4720,20,4,3745.00,14980.00
4721,4721,21,1,3882.25,3882.25
4722,4722,22,2,4019.50,8039.00
4723,4723,23,3,4156.75,12470.25
4724,4724,24,4,4294.00,17176.00
4725,4725,25,1,4431.25,4431.25
4726,4726,26,2,4568.50,9137.00
4727,4727,27,3,4705.75,14117.25
4728,4728,28,4,4843.00,19372.00
4729,4729,29,1,4980.25,4980.25
4730,4730,30,2,5117.50,10235.00
4731,4731,31,3,5254.75,15764.25
4732,4732,32,4,5392.00,21568.00
4733,4733,33,1,5529.25,5529.25
4734,4734,34,2,5666.50,11333.00
4735,4735,35,3,5803.75,17411.25
4736,4736,36,4,5941.00,23764.00
4737,4737,37,1,6078.25,6078.25
4738,4738,38,2,6215.50,12431.00
4739,4739,39,3,6352.75,19058.25
4740,4740,40,4,6490.00,25960.00
4741,4741,41,1,6627.25,6627.25
4742,4742,42,2,6764.50,13529.00
4743,4743,43,3,6901.75,20705.25
4744,4744,44,4,7039.00,28156.00
4745,4745,45,1,7176.25,7176.25
4746,4746,46,2,7313.50,14627.00
4747,4747,47,3,7450.75,22352.25
4748,4748,48,4,7588.00,30352.00
4749,4749,49,1,7725.25,7725.25
4750,4750,50,2,7862.50,15725.00
4751,4751,51,3,7999.75,23999.25
4752,4752,52,4,8137.00,32548.00
4753,4753,53,1,8274.25,8274.25
4754,4754,54,2,8411.50,16823.00
4755,4755,55,3,8548.75,25646.25
4756,4756,56,4,8686.00,34744.00
4757,4757,57,1,8823.25,8823.25
4758,4758,58,2,8960.50,17921.00
4759,4759,59,3,9097.75,27293.25
4760,4760,60,4,9235.00,36940.00
4761,4761,61,1,9372.25,9372.25
4762,4762,62,2,9509.50,19019.00
4763,4763,63,3,9646.75,28940.25
4764,4764,64,4,9784.00,39136.00
4765,4765,65,1,9921.25,9921.25
4766,4766,66,2,10058.50,20117.00
4767,4767,67,3,10195.75,30587.25
4768,4768,68,4,10333.00,41332.00
4769,4769,69,1,10470.25,10470.25
4770,4770,70,2,10607.50,21215.00
4771,4771,71,3,10744.75,32234.25
4772,4772,72,4,10882.00,43528.00
4773,4773,73,1,11019.25,11019.25
4774,4774,74,2,11156.50,22313.00
4775,4775,75,3,11293.75,33881.25
4776,4776,76,4,11431.00,45724.00
4777,4777,77,1,11568.25,11568.25
4778,4778,78,2,11705.50,23411.00
4779,4779,79,3,11842.75,35528.25
4780,4780,80,4,11980.00,47920.00
4781,4781,81,1,12117.25,12117.25
4782,4782,82,2,12254.50,24509.00
4783,4783,83,3,12391.75,37175.25
4784,4784,84,4,12529.00,50116.00
4785,4785,85,1,12666.25,12666.25
4786,4786,86,2,12803.50,25607.00
4787,4787,87,3,12940.75,38822.25
4788,4788,88,4,13078.00,52312.00
4789,4789,89,1,13215.25,13215.25
4790,4790,90,2,13352.50,26705.00
4791,4791,91,3,13489.75,40469.25
4792,4792,92,4,13627.00,54508.00
4793,4793,93,1,13764.25,13764.25
4794,4794,94,2,13901.50,27803.00
4795,4795,95,3,14038.75,42116.25
4796,4796,96,4,14176.00,56704.00
4797,4797,97,1,14313.25,14313.25
4798,4798,98,2,14450.50,28901.00
4799,4799,99,3,14587.75,43763.25
4800,4800,100,4,14725.00,58900.00
4801,4801,1,1,1137.25,1137.25
4802,4802,2,2,1274.50,2549.00
4803,4803,3,3,1411.75,4235.25
4804,4804,4,4,1549.00,6196.00
4805,4805,5,1,1686.25,1686.25
4806,4806,6,2,1823.50,3647.00
4807,4807,7,3,1960.75,5882.25
4808,4808,8,4,2098.00,8392.00
4809,4809,9,1,2235.25,2235.25
4810,4810,10,2,2372.50,4745.00
4811,4811,11,3,2509.75,7529.25
4812,4812,12,4,2647.00,10588.00
4813,4813,13,1,2784.25,2784.25
4814,4814,14,2,2921.50,5843.00
4815,4815,15,3,3058.75,9176.25
4816,4816,16,4,3196.00,12784.00
4817,4817,17,1,3333.25,3333.25
4818,4818,18,2,3470.50,6941.00
4819,4819,19,3,3607.75,10823.25
4820,4820,20,4,3745.00,14980.00
4821,4821,21,1,3882.25,3882.25
4822,4822,22,2,4019.50,8039.00
4823,4823,23,3,4156.75,12470.25
4824,4824,24,4,4294.00,17176.00
4825,4825,25,1,4431.25,4431.25
4826,4826,26,2,4568.50,9137.00
4827,4827,27,3,4705.75,14117.25
4828,4828,28,4,4843.00,19372.00
4829,4829,29,1,4980.25,4980.25
4830,4830,30,2,5117.50,10235.00
4831,4831,31,3,5254.75,15764.25
4832,4832,32,4,5392.00,21568.00
4833,4833,33,1,5529.25,5529.25
4834,4834,34,2,5666.50,11333.00
4835,4835,35,3,5803.75,17411.25
4836,4836,36,4,5941.00,23764.00
4837,4837,37,1,6078.25,6078.25
4838,4838,38,2,6215.50,12431.00
4839,4839,39,3,6352.75,19058.25
4840,4840,40,4,6490.00,25960.00
4841,4841,41,1,6627.25,6627.25
4842,4842,42,2,6764.50,13529.00
4843,4843,43,3,6901.75,20705.25
4844,4844,44,4,7039.00,28156.00
4845,4845,45,1,7176.25,7176.25
4846,4846,46,2,7313.50,14627.00
4847,4847,47,3,7450.75,22352.25
4848,4848,48,4,7588.00,30352.00
4849,4849,49,1,7725.25,7725.25
4850,4850,50,2,7862.50,15725.00
4851,4851,51,3,7999.75,23999.25
4852,4852,52,4,8137.00,32548.00
4853,4853,53,1,8274.25,8274.25
4854,4854,54,2,8411.50,16823.00
4855,4855,55,3,8548.75,25646.25
4856,4856,56,4,8686.00,34744.00
4857,4857,57,1,8823.25,8823.25
4858,4858,58,2,8960.50,17921.00
4859,4859,59,3,9097.75,27293.25
4860,4860,60,4,9235.00,36940.00
4861,4861,61,1,9372.25,9372.25
4862,4862,62,2,9509.50,19019.00
4863,4863,63,3,9646.75,28940.25
4864,4864,64,4,9784.00,39136.00
4865,4865,65,1,9921.25,9921.25
4866,4866,66,2,10058.50,20117.00
4867,4867,67,3,10195.75,30587.25
4868,4868,68,4,10333.00,41332.00
4869,4869,69,1,10470.25,10470.25
4870,4870,70,2,10607.50,21215.00
4871,4871,71,3,10744.75,32234.25
4872,4872,72,4,10882.00,43528.00
4873,4873,73,1,11019.25,11019.25
4874,4874,74,2,11156.50,22313.00
4875,4875,75,3,11293.75,33881.25
4876,4876,76,4,11431.00,45724.00
4877,4877,77,1,11568.25,11568.25
4878,4878,78,2,11705.50,23411.00
4879,4879,79,3,11842.75,35528.25
4880,4880,80,4,11980.00,47920.00
4881,4881,81,1,12117.25,12117.25
4882,4882,82,2,12254.50,24509.00
4883,4883,83,3,12391.75,37175.25
4884,4884,84,4,12529.00,50116.00
4885,4885,85,1,12666.25,12666.25
4886,4886,86,2,12803.50,25607.00
4887,4887,87,3,12940.75,38822.25
4888,4888,88,4,13078.00,52312.00
4889,4889,89,1,13215.25,13215.25
4890,4890,90,2,13352.50,26705.00
4891,4891,91,3,13489.75,40469.25
4892,4892,92,4,13627.00,54508.00
4893,4893,93,1,13764.25,13764.25
4894,4894,94,2,13901.50,27803.00
4895,4895,95,3,14038.75,42116.25
4896,4896,96,4,14176.00,56704.00
4897,4897,97,1,14313.25,14313.25
4898,4898,98,2,14450.50,28901.00
4899,4899,99,3,14587.75,43763.25
4900,4900,100,4,14725.00,58900.00
4901,4901,1,1,1137.25,1137.25
4902,4902,2,2,1274.50,2549.00
4903,4903,3,3,1411.75,4235.25
4904,4904,4,4,1549.00,6196.00
4905,4905,5,1,1686.25,1686.25
4906,4906,6,2,1823.50,3647.00
4907,4907,7,3,1960.75,5882.25
4908,4908,8,4,2098.00,8392.00
4909,4909,9,1,2235.25,2235.25
4910,4910,10,2,2372.50,4745.00
4911,4911,11,3,2509.75,7529.25
4912,4912,12,4,2647.00,10588.00
4913,4913,13,1,2784.25,2784.25
4914,4914,14,2,2921.50,5843.00
4915,4915,15,3,3058.75,9176.25
4916,4916,16,4,3196.00,12784.00
4917,4917,17,1,3333.25,3333.25
4918,4918,18,2,3470.50,6941.00
4919,4919,19,3,3607.75,10823.25
4920,4920,20,4,3745.00,14980.00
4921,4921,21,1,3882.25,3882.25
4922,4922,22,2,4019.50,8039.00
4923,4923,23,3,4156.75,12470.25
4924,4924,24,4,4294.00,17176.00
4925,4925,25,1,4431.25,4431.25
4926,4926,26,2,4568.50,9137.00
4927,4927,27,3,4705.75,14117.25
4928,4928,28,4,4843.00,19372.00
4929,4929,29,1,4980.25,4980.25
4930,4930,30,2,5117.50,10235.00
4931,4931,31,3,5254.75,15764.25
4932,4932,32,4,5392.00,21568.00
4933,4933,33,1,5529.25,5529.25
4934,4934,34,2,5666.50,11333.00
4935,4935,35,3,5803.75,17411.25
4936,4936,36,4,5941.00,23764.00
4937,4937,37,1,6078.25,6078.25
4938,4938,38,2,6215.50,12431.00
4939,4939,39,3,6352.75,19058.25
4940,4940,40,4,6490.00,25960.00
4941,4941,41,1,6627.25,6627.25
4942,4942,42,2,6764.50,13529.00
4943,4943,43,3,6901.75,20705.25
4944,4944,44,4,7039.00,28156.00
4945,4945,45,1,7176.25,7176.25
4946,4946,46,2,7313.50,14627.00
4947,4947,47,3,7450.75,22352.25
4948,4948,48,4,7588.00,30352.00
4949,4949,49,1,7725.25,7725.25
4950,4950,50,2,7862.50,15725.00
4951,4951,51,3,7999.75,23999.25
4952,4952,52,4,8137.00,32548.00
4953,4953,53,1,8274.25,8274.25
4954,4954,54,2,8411.50,16823.00
4955,4955,55,3,8548.75,25646.25
4956,4956,56,4,8686.00,34744.00
4957,4957,57,1,8823.25,8823.25
4958,4958,58,2,8960.50,17921.00
4959,4959,59,3,9097.75,27293.25
4960,4960,60,4,9235.00,36940.00
4961,4961,61,1,9372.25,9372.25
4962,4962,62,2,9509.50,19019.00
4963,4963,63,3,9646.75,28940.25
4964,4964,64,4,9784.00,39136.00
4965,4965,65,1,9921.25,9921.25
4966,4966,66,2,10058.50,20117.00
4967,4967,67,3,10195.75,30587.25
4968,4968,68,4,10333.00,41332.00
4969,4969,69,1,10470.25,10470.25
4970,4970,70,2,10607.50,21215.00
4971,4971,71,3,10744.75,32234.25
4972,4972,72,4,10882.00,43528.00
4973,4973,73,1,11019.25,11019.25
4974,4974,74,2,11156.50,22313.00
4975,4975,75,3,11293.75,33881.25
4976,4976,76,4,11431.00,45724.00
4977,4977,77,1,11568.25,11568.25
4978,4978,78,2,11705.50,23411.00
4979,4979,79,3,11842.75,35528.25
4980,4980,80,4,11980.00,47920.00
4981,4981,81,1,12117.25,12117.25
4982,4982,82,2,12254.50,24509.00
4983,4983,83,3,12391.75,37175.25
4984,4984,84,4,12529.00,50116.00
4985,4985,85,1,12666.25,12666.25
4986,4986,86,2,12803.50,25607.00
4987,4987,87,3,12940.75,38822.25
4988,4988,88,4,13078.00,52312.00
4989,4989,89,1,13215.25,13215.25
4990,4990,90,2,13352.50,26705.00
4991,4991,91,3,13489.75,40469.25
4992,4992,92,4,13627.00,54508.00
4993,4993,93,1,13764.25,13764.25
4994,4994,94,2,13901.50,27803.00
4995,4995,95,3,14038.75,42116.25
4996,4996,96,4,14176.00,56704.00
4997,4997,97,1,14313.25,14313.25
4998,4998,98,2,14450.50,28901.00
4999,4999,99,3,14587.75,43763.25
5000,5000,100,4,14725.00,58900.00
5001,1,1,1,1137.25,1137.25
5002,2,2,2,1274.50,2549.00
5003,3,3,3,1411.75,4235.25
5004,4,4,4,1549.00,6196.00
5005,5,5,1,1686.25,1686.25
5006,6,6,2,1823.50,3647.00
5007,7,7,3,1960.75,5882.25
5008,8,8,4,2098.00,8392.00
5009,9,9,1,2235.25,2235.25
5010,10,10,2,2372.50,4745.00
5011,11,11,3,2509.75,7529.25
5012,12,12,4,2647.00,10588.00
5013,13,13,1,2784.25,2784.25
5014,14,14,2,2921.50,5843.00
5015,15,15,3,3058.75,9176.25
5016,16,16,4,3196.00,12784.00
5017,17,17,1,3333.25,3333.25
5018,18,18,2,3470.50,6941.00
5019,19,19,3,3607.75,10823.25
5020,20,20,4,3745.00,14980.00
5021,21,21,1,3882.25,3882.25
5022,22,22,2,4019.50,8039.00
5023,23,23,3,4156.75,12470.25
5024,24,24,4,4294.00,17176.00
5025,25,25,1,4431.25,4431.25
5026,26,26,2,4568.50,9137.00
5027,27,27,3,4705.75,14117.25
5028,28,28,4,4843.00,19372.00
5029,29,29,1,4980.25,4980.25
5030,30,30,2,5117.50,10235.00
5031,31,31,3,5254.75,15764.25
5032,32,32,4,5392.00,21568.00
5033,33,33,1,5529.25,5529.25
5034,34,34,2,5666.50,11333.00
5035,35,35,3,5803.75,17411.25
5036,36,36,4,5941.00,23764.00
5037,37,37,1,6078.25,6078.25
5038,38,38,2,6215.50,12431.00
5039,39,39,3,6352.75,19058.25
5040,40,40,4,6490.00,25960.00
5041,41,41,1,6627.25,6627.25
5042,42,42,2,6764.50,13529.00
5043,43,43,3,6901.75,20705.25
5044,44,44,4,7039.00,28156.00
5045,45,45,1,7176.25,7176.25
5046,46,46,2,7313.50,14627.00
5047,47,47,3,7450.75,22352.25
5048,48,48,4,7588.00,30352.00
5049,49,49,1,7725.25,7725.25
5050,50,50,2,7862.50,15725.00
5051,51,51,3,7999.75,23999.25
5052,52,52,4,8137.00,32548.00
5053,53,53,1,8274.25,8274.25
5054,54,54,2,8411.50,16823.00
5055,55,55,3,8548.75,25646.25
5056,56,56,4,8686.00,34744.00
5057,57,57,1,8823.25,8823.25
5058,58,58,2,8960.50,17921.00
5059,59,59,3,9097.75,27293.25
5060,60,60,4,9235.00,36940.00
5061,61,61,1,9372.25,9372.25
5062,62,62,2,9509.50,19019.00
5063,63,63,3,9646.75,28940.25
5064,64,64,4,9784.00,39136.00
5065,65,65,1,9921.25,9921.25
5066,66,66,2,10058.50,20117.00
5067,67,67,3,10195.75,30587.25
5068,68,68,4,10333.00,41332.00
5069,69,69,1,10470.25,10470.25
5070,70,70,2,10607.50,21215.00
5071,71,71,3,10744.75,32234.25
5072,72,72,4,10882.00,43528.00
5073,73,73,1,11019.25,11019.25
5074,74,74,2,11156.50,22313.00
5075,75,75,3,11293.75,33881.25
5076,76,76,4,11431.00,45724.00
5077,77,77,1,11568.25,11568.25
5078,78,78,2,11705.50,23411.00
5079,79,79,3,11842.75,35528.25
5080,80,80,4,11980.00,47920.00
5081,81,81,1,12117.25,12117.25
5082,82,82,2,12254.50,24509.00
5083,83,83,3,12391.75,37175.25
5084,84,84,4,12529.00,50116.00
5085,85,85,1,12666.25,12666.25
5086,86,86,2,12803.50,25607.00
5087,87,87,3,12940.75,38822.25
5088,88,88,4,13078.00,52312.00
5089,89,89,1,13215.25,13215.25
5090,90,90,2,13352.50,26705.00
5091,91,91,3,13489.75,40469.25
5092,92,92,4,13627.00,54508.00
5093,93,93,1,13764.25,13764.25
5094,94,94,2,13901.50,27803.00
5095,95,95,3,14038.75,42116.25
5096,96,96,4,14176.00,56704.00
5097,97,97,1,14313.25,14313.25
5098,98,98,2,14450.50,28901.00
5099,99,99,3,14587.75,43763.25
5100,100,100,4,14725.00,58900.00
5101,101,1,1,1137.25,1137.25
5102,102,2,2,1274.50,2549.00
5103,103,3,3,1411.75,4235.25
5104,104,4,4,1549.00,6196.00
5105,105,5,1,1686.25,1686.25
5106,106,6,2,1823.50,3647.00
5107,107,7,3,1960.75,5882.25
5108,108,8,4,2098.00,8392.00
5109,109,9,1,2235.25,2235.25
5110,110,10,2,2372.50,4745.00
5111,111,11,3,2509.75,7529.25
5112,112,12,4,2647.00,10588.00
5113,113,13,1,2784.25,2784.25
5114,114,14,2,2921.50,5843.00
5115,115,15,3,3058.75,9176.25
5116,116,16,4,3196.00,12784.00
5117,117,17,1,3333.25,3333.25
5118,118,18,2,3470.50,6941.00
5119,119,19,3,3607.75,10823.25
5120,120,20,4,3745.00,14980.00
5121,121,21,1,3882.25,3882.25
5122,122,22,2,4019.50,8039.00
5123,123,23,3,4156.75,12470.25
5124,124,24,4,4294.00,17176.00
5125,125,25,1,4431.25,4431.25
5126,126,26,2,4568.50,9137.00
5127,127,27,3,4705.75,14117.25
5128,128,28,4,4843.00,19372.00
5129,129,29,1,4980.25,4980.25
5130,130,30,2,5117.50,10235.00
5131,131,31,3,5254.75,15764.25
5132,132,32,4,5392.00,21568.00
5133,133,33,1,5529.25,5529.25
5134,134,34,2,5666.50,11333.00
5135,135,35,3,5803.75,17411.25
5136,136,36,4,5941.00,23764.00
5137,137,37,1,6078.25,6078.25
5138,138,38,2,6215.50,12431.00
5139,139,39,3,6352.75,19058.25
5140,140,40,4,6490.00,25960.00
5141,141,41,1,6627.25,6627.25
5142,142,42,2,6764.50,13529.00
5143,143,43,3,6901.75,20705.25
5144,144,44,4,7039.00,28156.00
5145,145,45,1,7176.25,7176.25
5146,146,46,2,7313.50,14627.00
5147,147,47,3,7450.75,22352.25
5148,148,48,4,7588.00,30352.00
5149,149,49,1,7725.25,7725.25
5150,150,50,2,7862.50,15725.00
5151,151,51,3,7999.75,23999.25
5152,152,52,4,8137.00,32548.00
5153,153,53,1,8274.25,8274.25
5154,154,54,2,8411.50,16823.00
5155,155,55,3,8548.75,25646.25
5156,156,56,4,8686.00,34744.00
5157,157,57,1,8823.25,8823.25
5158,158,58,2,8960.50,17921.00
5159,159,59,3,9097.75,27293.25
5160,160,60,4,9235.00,36940.00
5161,161,61,1,9372.25,9372.25
5162,162,62,2,9509.50,19019.00
5163,163,63,3,9646.75,28940.25
5164,164,64,4,9784.00,39136.00
5165,165,65,1,9921.25,9921.25
5166,166,66,2,10058.50,20117.00
5167,167,67,3,10195.75,30587.25
5168,168,68,4,10333.00,41332.00
5169,169,69,1,10470.25,10470.25
5170,170,70,2,10607.50,21215.00
5171,171,71,3,10744.75,32234.25
5172,172,72,4,10882.00,43528.00
5173,173,73,1,11019.25,11019.25
5174,174,74,2,11156.50,22313.00
5175,175,75,3,11293.75,33881.25
5176,176,76,4,11431.00,45724.00
5177,177,77,1,11568.25,11568.25
5178,178,78,2,11705.50,23411.00
5179,179,79,3,11842.75,35528.25
5180,180,80,4,11980.00,47920.00
5181,181,81,1,12117.25,12117.25
5182,182,82,2,12254.50,24509.00
5183,183,83,3,12391.75,37175.25
5184,184,84,4,12529.00,50116.00
5185,185,85,1,12666.25,12666.25
5186,186,86,2,12803.50,25607.00
5187,187,87,3,12940.75,38822.25
5188,188,88,4,13078.00,52312.00
5189,189,89,1,13215.25,13215.25
5190,190,90,2,13352.50,26705.00
5191,191,91,3,13489.75,40469.25
5192,192,92,4,13627.00,54508.00
5193,193,93,1,13764.25,13764.25
5194,194,94,2,13901.50,27803.00
5195,195,95,3,14038.75,42116.25
5196,196,96,4,14176.00,56704.00
5197,197,97,1,14313.25,14313.25
5198,198,98,2,14450.50,28901.00
5199,199,99,3,14587.75,43763.25
5200,200,100,4,14725.00,58900.00
5201,201,1,1,1137.25,1137.25
5202,202,2,2,1274.50,2549.00
5203,203,3,3,1411.75,4235.25
5204,204,4,4,1549.00,6196.00
5205,205,5,1,1686.25,1686.25
5206,206,6,2,1823.50,3647.00
5207,207,7,3,1960.75,5882.25
5208,208,8,4,2098.00,8392.00
5209,209,9,1,2235.25,2235.25
5210,210,10,2,2372.50,4745.00
5211,211,11,3,2509.75,7529.25
5212,212,12,4,2647.00,10588.00
5213,213,13,1,2784.25,2784.25
5214,214,14,2,2921.50,5843.00
5215,215,15,3,3058.75,9176.25
5216,216,16,4,3196.00,12784.00
5217,217,17,1,3333.25,3333.25
5218,218,18,2,3470.50,6941.00
5219,219,19,3,3607.75,10823.25
5220,220,20,4,3745.00,14980.00
5221,221,21,1,3882.25,3882.25
5222,222,22,2,4019.50,8039.00
5223,223,23,3,4156.75,12470.25
5224,224,24,4,4294.00,17176.00
5225,225,25,1,4431.25,4431.25
5226,226,26,2,4568.50,9137.00
5227,227,27,3,4705.75,14117.25
5228,228,28,4,4843.00,19372.00
5229,229,29,1,4980.25,4980.25
5230,230,30,2,5117.50,10235.00
5231,231,31,3,5254.75,15764.25
5232,232,32,4,5392.00,21568.00
5233,233,33,1,5529.25,5529.25
5234,234,34,2,5666.50,11333.00
5235,235,35,3,5803.75,17411.25
5236,236,36,4,5941.00,23764.00
5237,237,37,1,6078.25,6078.25
5238,238,38,2,6215.50,12431.00
5239,239,39,3,6352.75,19058.25
5240,240,40,4,6490.00,25960.00
5241,241,41,1,6627.25,6627.25
5242,242,42,2,6764.50,13529.00
5243,243,43,3,6901.75,20705.25
5244,244,44,4,7039.00,28156.00
5245,245,45,1,7176.25,7176.25
5246,246,46,2,7313.50,14627.00
5247,247,47,3,7450.75,22352.25
5248,248,48,4,7588.00,30352.00
5249,249,49,1,7725.25,7725.25
5250,250,50,2,7862.50,15725.00
5251,251,51,3,7999.75,23999.25
5252,252,52,4,8137.00,32548.00
5253,253,53,1,8274.25,8274.25
5254,254,54,2,8411.50,16823.00
5255,255,55,3,8548.75,25646.25
5256,256,56,4,8686.00,34744.00
5257,257,57,1,8823.25,8823.25
5258,258,58,2,8960.50,17921.00
5259,259,59,3,9097.75,27293.25
5260,260,60,4,9235.00,36940.00
5261,261,61,1,9372.25,9372.25
5262,262,62,2,9509.50,19019.00
5263,263,63,3,9646.75,28940.25
5264,264,64,4,9784.00,39136.00
5265,265,65,1,9921.25,9921.25
5266,266,66,2,10058.50,20117.00
5267,267,67,3,10195.75,30587.25
5268,268,68,4,10333.00,41332.00
5269,269,69,1,10470.25,10470.25
5270,270,70,2,10607.50,21215.00
5271,271,71,3,10744.75,32234.25
5272,272,72,4,10882.00,43528.00
5273,273,73,1,11019.25,11019.25
5274,274,74,2,11156.50,22313.00
5275,275,75,3,11293.75,33881.25
5276,276,76,4,11431.00,45724.00
5277,277,77,1,11568.25,11568.25
5278,278,78,2,11705.50,23411.00
5279,279,79,3,11842.75,35528.25
5280,280,80,4,11980.00,47920.00
5281,281,81,1,12117.25,12117.25
5282,282,82,2,12254.50,24509.00
5283,283,83,3,12391.75,37175.25
5284,284,84,4,12529.00,50116.00
5285,285,85,1,12666.25,12666.25
5286,286,86,2,12803.50,25607.00
5287,287,87,3,12940.75,38822.25
5288,288,88,4,13078.00,52312.00
5289,289,89,1,13215.25,13215.25
5290,290,90,2,13352.50,26705.00
5291,291,91,3,13489.75,40469.25
5292,292,92,4,13627.00,54508.00
5293,293,93,1,13764.25,13764.25
5294,294,94,2,13901.50,27803.00
5295,295,95,3,14038.75,42116.25
5296,296,96,4,14176.00,56704.00
5297,297,97,1,14313.25,14313.25
5298,298,98,2,14450.50,28901.00
5299,299,99,3,14587.75,43763.25
5300,300,100,4,14725.00,58900.00
5301,301,1,1,1137.25,1137.25
5302,302,2,2,1274.50,2549.00
5303,303,3,3,1411.75,4235.25
5304,304,4,4,1549.00,6196.00
5305,305,5,1,1686.25,1686.25
5306,306,6,2,1823.50,3647.00
5307,307,7,3,1960.75,5882.25
5308,308,8,4,2098.00,8392.00
5309,309,9,1,2235.25,2235.25
5310,310,10,2,2372.50,4745.00
5311,311,11,3,2509.75,7529.25
5312,312,12,4,2647.00,10588.00
5313,313,13,1,2784.25,2784.25
5314,314,14,2,2921.50,5843.00
5315,315,15,3,3058.75,9176.25
5316,316,16,4,3196.00,12784.00
5317,317,17,1,3333.25,3333.25
5318,318,18,2,3470.50,6941.00
5319,319,19,3,3607.75,10823.25
5320,320,20,4,3745.00,14980.00
5321,321,21,1,3882.25,3882.25
5322,322,22,2,4019.50,8039.00
5323,323,23,3,4156.75,12470.25
5324,324,24,4,4294.00,17176.00
5325,325,25,1,4431.25,4431.25
5326,326,26,2,4568.50,9137.00
5327,327,27,3,4705.75,14117.25
5328,328,28,4,4843.00,19372.00
5329,329,29,1,4980.25,4980.25
5330,330,30,2,5117.50,10235.00
5331,331,31,3,5254.75,15764.25
5332,332,32,4,5392.00,21568.00
5333,333,33,1,5529.25,5529.25
5334,334,34,2,5666.50,11333.00
5335,335,35,3,5803.75,17411.25
5336,336,36,4,5941.00,23764.00
5337,337,37,1,6078.25,6078.25
5338,338,38,2,6215.50,12431.00
5339,339,39,3,6352.75,19058.25
5340,340,40,4,6490.00,25960.00
5341,341,41,1,6627.25,6627.25
5342,342,42,2,6764.50,13529.00
5343,343,43,3,6901.75,20705.25
5344,344,44,4,7039.00,28156.00
5345,345,45,1,7176.25,7176.25
5346,346,46,2,7313.50,14627.00
5347,347,47,3,7450.75,22352.25
5348,348,48,4,7588.00,30352.00
5349,349,49,1,7725.25,7725.25
5350,350,50,2,7862.50,15725.00
5351,351,51,3,7999.75,23999.25
5352,352,52,4,8137.00,32548.00
5353,353,53,1,8274.25,8274.25
5354,354,54,2,8411.50,16823.00
5355,355,55,3,8548.75,25646.25
5356,356,56,4,8686.00,34744.00
5357,357,57,1,8823.25,8823.25
5358,358,58,2,8960.50,17921.00
5359,359,59,3,9097.75,27293.25
5360,360,60,4,9235.00,36940.00
5361,361,61,1,9372.25,9372.25
5362,362,62,2,9509.50,19019.00
5363,363,63,3,9646.75,28940.25
5364,364,64,4,9784.00,39136.00
5365,365,65,1,9921.25,9921.25
5366,366,66,2,10058.50,20117.00
5367,367,67,3,10195.75,30587.25
5368,368,68,4,10333.00,41332.00
5369,369,69,1,10470.25,10470.25
5370,370,70,2,10607.50,21215.00
5371,371,71,3,10744.75,32234.25
5372,372,72,4,10882.00,43528.00
5373,373,73,1,11019.25,11019.25
5374,374,74,2,11156.50,22313.00
5375,375,75,3,11293.75,33881.25
5376,376,76,4,11431.00,45724.00
5377,377,77,1,11568.25,11568.25
5378,378,78,2,11705.50,23411.00
5379,379,79,3,11842.75,35528.25
5380,380,80,4,11980.00,47920.00
5381,381,81,1,12117.25,12117.25
5382,382,82,2,12254.50,24509.00
5383,383,83,3,12391.75,37175.25
5384,384,84,4,12529.00,50116.00
5385,385,85,1,12666.25,12666.25
5386,386,86,2,12803.50,25607.00
5387,387,87,3,12940.75,38822.25
5388,388,88,4,13078.00,52312.00
5389,389,89,1,13215.25,13215.25
5390,390,90,2,13352.50,26705.00
5391,391,91,3,13489.75,40469.25
5392,392,92,4,13627.00,54508.00
5393,393,93,1,13764.25,13764.25
5394,394,94,2,13901.50,27803.00
5395,395,95,3,14038.75,42116.25
5396,396,96,4,14176.00,56704.00
5397,397,97,1,14313.25,14313.25
5398,398,98,2,14450.50,28901.00
5399,399,99,3,14587.75,43763.25
5400,400,100,4,14725.00,58900.00
5401,401,1,1,1137.25,1137.25
5402,402,2,2,1274.50,2549.00
5403,403,3,3,1411.75,4235.25
5404,404,4,4,1549.00,6196.00
5405,405,5,1,1686.25,1686.25
5406,406,6,2,1823.50,3647.00
5407,407,7,3,1960.75,5882.25
5408,408,8,4,2098.00,8392.00
5409,409,9,1,2235.25,2235.25
5410,410,10,2,2372.50,4745.00
5411,411,11,3,2509.75,7529.25
5412,412,12,4,2647.00,10588.00
5413,413,13,1,2784.25,2784.25
5414,414,14,2,2921.50,5843.00
5415,415,15,3,3058.75,9176.25
5416,416,16,4,3196.00,12784.00
5417,417,17,1,3333.25,3333.25
5418,418,18,2,3470.50,6941.00
5419,419,19,3,3607.75,10823.25
5420,420,20,4,3745.00,14980.00
5421,421,21,1,3882.25,3882.25
5422,422,22,2,4019.50,8039.00
5423,423,23,3,4156.75,12470.25
5424,424,24,4,4294.00,17176.00
5425,425,25,1,4431.25,4431.25
5426,426,26,2,4568.50,9137.00
5427,427,27,3,4705.75,14117.25
5428,428,28,4,4843.00,19372.00
5429,429,29,1,4980.25,4980.25
5430,430,30,2,5117.50,10235.00
5431,431,31,3,5254.75,15764.25
5432,432,32,4,5392.00,21568.00
5433,433,33,1,5529.25,5529.25
5434,434,34,2,5666.50,11333.00
5435,435,35,3,5803.75,17411.25
5436,436,36,4,5941.00,23764.00
5437,437,37,1,6078.25,6078.25
5438,438,38,2,6215.50,12431.00
5439,439,39,3,6352.75,19058.25
5440,440,40,4,6490.00,25960.00
5441,441,41,1,6627.25,6627.25
5442,442,42,2,6764.50,13529.00
5443,443,43,3,6901.75,20705.25
5444,444,44,4,7039.00,28156.00
5445,445,45,1,7176.25,7176.25
5446,446,46,2,7313.50,14627.00
5447,447,47,3,7450.75,22352.25
5448,448,48,4,7588.00,30352.00
5449,449,49,1,7725.25,7725.25
5450,450,50,2,7862.50,15725.00
5451,451,51,3,7999.75,23999.25
5452,452,52,4,8137.00,32548.00
5453,453,53,1,8274.25,8274.25
5454,454,54,2,8411.50,16823.00
5455,455,55,3,8548.75,25646.25
5456,456,56,4,8686.00,34744.00
5457,457,57,1,8823.25,8823.25
5458,458,58,2,8960.50,17921.00
5459,459,59,3,9097.75,27293.25
5460,460,60,4,9235.00,36940.00
5461,461,61,1,9372.25,9372.25
5462,462,62,2,9509.50,19019.00
5463,463,63,3,9646.75,28940.25
5464,464,64,4,9784.00,39136.00
5465,465,65,1,9921.25,9921.25
5466,466,66,2,10058.50,20117.00
5467,467,67,3,10195.75,30587.25
5468,468,68,4,10333.00,41332.00
5469,469,69,1,10470.25,10470.25
5470,470,70,2,10607.50,21215.00
5471,471,71,3,10744.75,32234.25
5472,472,72,4,10882.00,43528.00
5473,473,73,1,11019.25,11019.25
5474,474,74,2,11156.50,22313.00
5475,475,75,3,11293.75,33881.25
5476,476,76,4,11431.00,45724.00
5477,477,77,1,11568.25,11568.25
5478,478,78,2,11705.50,23411.00
5479,479,79,3,11842.75,35528.25
5480,480,80,4,11980.00,47920.00
5481,481,81,1,12117.25,12117.25
5482,482,82,2,12254.50,24509.00
5483,483,83,3,12391.75,37175.25
5484,484,84,4,12529.00,50116.00
5485,485,85,1,12666.25,12666.25
5486,486,86,2,12803.50,25607.00
5487,487,87,3,12940.75,38822.25
5488,488,88,4,13078.00,52312.00
5489,489,89,1,13215.25,13215.25
5490,490,90,2,13352.50,26705.00
5491,491,91,3,13489.75,40469.25
5492,492,92,4,13627.00,54508.00
5493,493,93,1,13764.25,13764.25
5494,494,94,2,13901.50,27803.00
5495,495,95,3,14038.75,42116.25
5496,496,96,4,14176.00,56704.00
5497,497,97,1,14313.25,14313.25
5498,498,98,2,14450.50,28901.00
5499,499,99,3,14587.75,43763.25
5500,500,100,4,14725.00,58900.00
5501,501,1,1,1137.25,1137.25
5502,502,2,2,1274.50,2549.00
5503,503,3,3,1411.75,4235.25
5504,504,4,4,1549.00,6196.00
5505,505,5,1,1686.25,1686.25
5506,506,6,2,1823.50,3647.00
5507,507,7,3,1960.75,5882.25
5508,508,8,4,2098.00,8392.00
5509,509,9,1,2235.25,2235.25
5510,510,10,2,2372.50,4745.00
5511,511,11,3,2509.75,7529.25
5512,512,12,4,2647.00,10588.00
5513,513,13,1,2784.25,2784.25
5514,514,14,2,2921.50,5843.00
5515,515,15,3,3058.75,9176.25
5516,516,16,4,3196.00,12784.00
5517,517,17,1,3333.25,3333.25
5518,518,18,2,3470.50,6941.00
5519,519,19,3,3607.75,10823.25
5520,520,20,4,3745.00,14980.00
5521,521,21,1,3882.25,3882.25
5522,522,22,2,4019.50,8039.00
5523,523,23,3,4156.75,12470.25
5524,524,24,4,4294.00,17176.00
5525,525,25,1,4431.25,4431.25
5526,526,26,2,4568.50,9137.00
5527,527,27,3,4705.75,14117.25
5528,528,28,4,4843.00,19372.00
5529,529,29,1,4980.25,4980.25
5530,530,30,2,5117.50,10235.00
5531,531,31,3,5254.75,15764.25
5532,532,32,4,5392.00,21568.00
5533,533,33,1,5529.25,5529.25
5534,534,34,2,5666.50,11333.00
5535,535,35,3,5803.75,17411.25
5536,536,36,4,5941.00,23764.00
5537,537,37,1,6078.25,6078.25
5538,538,38,2,6215.50,12431.00
5539,539,39,3,6352.75,19058.25
5540,540,40,4,6490.00,25960.00
5541,541,41,1,6627.25,6627.25
5542,542,42,2,6764.50,13529.00
5543,543,43,3,6901.75,20705.25
5544,544,44,4,7039.00,28156.00
5545,545,45,1,7176.25,7176.25
5546,546,46,2,7313.50,14627.00
5547,547,47,3,7450.75,22352.25
5548,548,48,4,7588.00,30352.00
5549,549,49,1,7725.25,7725.25
5550,550,50,2,7862.50,15725.00
5551,551,51,3,7999.75,23999.25
5552,552,52,4,8137.00,32548.00
5553,553,53,1,8274.25,8274.25
5554,554,54,2,8411.50,16823.00
5555,555,55,3,8548.75,25646.25
5556,556,56,4,8686.00,34744.00
5557,557,57,1,8823.25,8823.25
5558,558,58,2,8960.50,17921.00
5559,559,59,3,9097.75,27293.25
5560,560,60,4,9235.00,36940.00
5561,561,61,1,9372.25,9372.25
5562,562,62,2,9509.50,19019.00
5563,563,63,3,9646.75,28940.25
5564,564,64,4,9784.00,39136.00
5565,565,65,1,9921.25,9921.25
5566,566,66,2,10058.50,20117.00
5567,567,67,3,10195.75,30587.25
5568,568,68,4,10333.00,41332.00
5569,569,69,1,10470.25,10470.25
5570,570,70,2,10607.50,21215.00
5571,571,71,3,10744.75,32234.25
5572,572,72,4,10882.00,43528.00
5573,573,73,1,11019.25,11019.25
5574,574,74,2,11156.50,22313.00
5575,575,75,3,11293.75,33881.25
5576,576,76,4,11431.00,45724.00
5577,577,77,1,11568.25,11568.25
5578,578,78,2,11705.50,23411.00
5579,579,79,3,11842.75,35528.25
5580,580,80,4,11980.00,47920.00
5581,581,81,1,12117.25,12117.25
5582,582,82,2,12254.50,24509.00
5583,583,83,3,12391.75,37175.25
5584,584,84,4,12529.00,50116.00
5585,585,85,1,12666.25,12666.25
5586,586,86,2,12803.50,25607.00
5587,587,87,3,12940.75,38822.25
5588,588,88,4,13078.00,52312.00
5589,589,89,1,13215.25,13215.25
5590,590,90,2,13352.50,26705.00
5591,591,91,3,13489.75,40469.25
5592,592,92,4,13627.00,54508.00
5593,593,93,1,13764.25,13764.25
5594,594,94,2,13901.50,27803.00
5595,595,95,3,14038.75,42116.25
5596,596,96,4,14176.00,56704.00
5597,597,97,1,14313.25,14313.25
5598,598,98,2,14450.50,28901.00
5599,599,99,3,14587.75,43763.25
5600,600,100,4,14725.00,58900.00
5601,601,1,1,1137.25,1137.25
5602,602,2,2,1274.50,2549.00
5603,603,3,3,1411.75,4235.25
5604,604,4,4,1549.00,6196.00
5605,605,5,1,1686.25,1686.25
5606,606,6,2,1823.50,3647.00
5607,607,7,3,1960.75,5882.25
5608,608,8,4,2098.00,8392.00
5609,609,9,1,2235.25,2235.25
5610,610,10,2,2372.50,4745.00
5611,611,11,3,2509.75,7529.25
5612,612,12,4,2647.00,10588.00
5613,613,13,1,2784.25,2784.25
5614,614,14,2,2921.50,5843.00
5615,615,15,3,3058.75,9176.25
5616,616,16,4,3196.00,12784.00
5617,617,17,1,3333.25,3333.25
5618,618,18,2,3470.50,6941.00
5619,619,19,3,3607.75,10823.25
5620,620,20,4,3745.00,14980.00
5621,621,21,1,3882.25,3882.25
5622,622,22,2,4019.50,8039.00
5623,623,23,3,4156.75,12470.25
5624,624,24,4,4294.00,17176.00
5625,625,25,1,4431.25,4431.25
5626,626,26,2,4568.50,9137.00
5627,627,27,3,4705.75,14117.25
5628,628,28,4,4843.00,19372.00
5629,629,29,1,4980.25,4980.25
5630,630,30,2,5117.50,10235.00
5631,631,31,3,5254.75,15764.25
5632,632,32,4,5392.00,21568.00
5633,633,33,1,5529.25,5529.25
5634,634,34,2,5666.50,11333.00
5635,635,35,3,5803.75,17411.25
5636,636,36,4,5941.00,23764.00
5637,637,37,1,6078.25,6078.25
5638,638,38,2,6215.50,12431.00
5639,639,39,3,6352.75,19058.25
5640,640,40,4,6490.00,25960.00
5641,641,41,1,6627.25,6627.25
5642,642,42,2,6764.50,13529.00
5643,643,43,3,6901.75,20705.25
5644,644,44,4,7039.00,28156.00
5645,645,45,1,7176.25,7176.25
5646,646,46,2,7313.50,14627.00
5647,647,47,3,7450.75,22352.25
5648,648,48,4,7588.00,30352.00
5649,649,49,1,7725.25,7725.25
5650,650,50,2,7862.50,15725.00
5651,651,51,3,7999.75,23999.25
5652,652,52,4,8137.00,32548.00
5653,653,53,1,8274.25,8274.25
5654,654,54,2,8411.50,16823.00
5655,655,55,3,8548.75,25646.25
5656,656,56,4,8686.00,34744.00
5657,657,57,1,8823.25,8823.25
5658,658,58,2,8960.50,17921.00
5659,659,59,3,9097.75,27293.25
5660,660,60,4,9235.00,36940.00
5661,661,61,1,9372.25,9372.25
5662,662,62,2,9509.50,19019.00
5663,663,63,3,9646.75,28940.25
5664,664,64,4,9784.00,39136.00
5665,665,65,1,9921.25,9921.25
5666,666,66,2,10058.50,20117.00
5667,667,67,3,10195.75,30587.25
5668,668,68,4,10333.00,41332.00
5669,669,69,1,10470.25,10470.25
5670,670,70,2,10607.50,21215.00
5671,671,71,3,10744.75,32234.25
5672,672,72,4,10882.00,43528.00
5673,673,73,1,11019.25,11019.25
5674,674,74,2,11156.50,22313.00
5675,675,75,3,11293.75,33881.25
5676,676,76,4,11431.00,45724.00
5677,677,77,1,11568.25,11568.25
5678,678,78,2,11705.50,23411.00
5679,679,79,3,11842.75,35528.25
5680,680,80,4,11980.00,47920.00
5681,681,81,1,12117.25,12117.25
5682,682,82,2,12254.50,24509.00
5683,683,83,3,12391.75,37175.25
5684,684,84,4,12529.00,50116.00
5685,685,85,1,12666.25,12666.25
5686,686,86,2,12803.50,25607.00
5687,687,87,3,12940.75,38822.25
5688,688,88,4,13078.00,52312.00
5689,689,89,1,13215.25,13215.25
5690,690,90,2,13352.50,26705.00
5691,691,91,3,13489.75,40469.25
5692,692,92,4,13627.00,54508.00
5693,693,93,1,13764.25,13764.25
5694,694,94,2,13901.50,27803.00
5695,695,95,3,14038.75,42116.25
5696,696,96,4,14176.00,56704.00
5697,697,97,1,14313.25,14313.25
5698,698,98,2,14450.50,28901.00
5699,699,99,3,14587.75,43763.25
5700,700,100,4,14725.00,58900.00
5701,701,1,1,1137.25,1137.25
5702,702,2,2,1274.50,2549.00
5703,703,3,3,1411.75,4235.25
5704,704,4,4,1549.00,6196.00
5705,705,5,1,1686.25,1686.25
5706,706,6,2,1823.50,3647.00
5707,707,7,3,1960.75,5882.25
5708,708,8,4,2098.00,8392.00
5709,709,9,1,2235.25,2235.25
5710,710,10,2,2372.50,4745.00
5711,711,11,3,2509.75,7529.25
5712,712,12,4,2647.00,10588.00
5713,713,13,1,2784.25,2784.25
5714,714,14,2,2921.50,5843.00
5715,715,15,3,3058.75,9176.25
5716,716,16,4,3196.00,12784.00
5717,717,17,1,3333.25,3333.25
5718,718,18,2,3470.50,6941.00
5719,719,19,3,3607.75,10823.25
5720,720,20,4,3745.00,14980.00
5721,721,21,1,3882.25,3882.25
5722,722,22,2,4019.50,8039.00
5723,723,23,3,4156.75,12470.25
5724,724,24,4,4294.00,17176.00
5725,725,25,1,4431.25,4431.25
5726,726,26,2,4568.50,9137.00
5727,727,27,3,4705.75,14117.25
5728,728,28,4,4843.00,19372.00
5729,729,29,1,4980.25,4980.25
5730,730,30,2,5117.50,10235.00
5731,731,31,3,5254.75,15764.25
5732,732,32,4,5392.00,21568.00
5733,733,33,1,5529.25,5529.25
5734,734,34,2,5666.50,11333.00
5735,735,35,3,5803.75,17411.25
5736,736,36,4,5941.00,23764.00
5737,737,37,1,6078.25,6078.25
5738,738,38,2,6215.50,12431.00
5739,739,39,3,6352.75,19058.25
5740,740,40,4,6490.00,25960.00
5741,741,41,1,6627.25,6627.25
5742,742,42,2,6764.50,13529.00
5743,743,43,3,6901.75,20705.25
5744,744,44,4,7039.00,28156.00
5745,745,45,1,7176.25,7176.25
5746,746,46,2,7313.50,14627.00
5747,747,47,3,7450.75,22352.25
5748,748,48,4,7588.00,30352.00
5749,749,49,1,7725.25,7725.25
5750,750,50,2,7862.50,15725.00
5751,751,51,3,7999.75,23999.25
5752,752,52,4,8137.00,32548.00
5753,753,53,1,8274.25,8274.25
5754,754,54,2,8411.50,16823.00
5755,755,55,3,8548.75,25646.25
5756,756,56,4,8686.00,34744.00
5757,757,57,1,8823.25,8823.25
5758,758,58,2,8960.50,17921.00
5759,759,59,3,9097.75,27293.25
5760,760,60,4,9235.00,36940.00
5761,761,61,1,9372.25,9372.25
5762,762,62,2,9509.50,19019.00
5763,763,63,3,9646.75,28940.25
5764,764,64,4,9784.00,39136.00
5765,765,65,1,9921.25,9921.25
5766,766,66,2,10058.50,20117.00
5767,767,67,3,10195.75,30587.25
5768,768,68,4,10333.00,41332.00
5769,769,69,1,10470.25,10470.25
5770,770,70,2,10607.50,21215.00
5771,771,71,3,10744.75,32234.25
5772,772,72,4,10882.00,43528.00
5773,773,73,1,11019.25,11019.25
5774,774,74,2,11156.50,22313.00
5775,775,75,3,11293.75,33881.25
5776,776,76,4,11431.00,45724.00
5777,777,77,1,11568.25,11568.25
5778,778,78,2,11705.50,23411.00
5779,779,79,3,11842.75,35528.25
5780,780,80,4,11980.00,47920.00
5781,781,81,1,12117.25,12117.25
5782,782,82,2,12254.50,24509.00
5783,783,83,3,12391.75,37175.25
5784,784,84,4,12529.00,50116.00
5785,785,85,1,12666.25,12666.25
5786,786,86,2,12803.50,25607.00
5787,787,87,3,12940.75,38822.25
5788,788,88,4,13078.00,52312.00
5789,789,89,1,13215.25,13215.25
5790,790,90,2,13352.50,26705.00
5791,791,91,3,13489.75,40469.25
5792,792,92,4,13627.00,54508.00
5793,793,93,1,13764.25,13764.25
5794,794,94,2,13901.50,27803.00
5795,795,95,3,14038.75,42116.25
5796,796,96,4,14176.00,56704.00
5797,797,97,1,14313.25,14313.25
5798,798,98,2,14450.50,28901.00
5799,799,99,3,14587.75,43763.25
5800,800,100,4,14725.00,58900.00
5801,801,1,1,1137.25,1137.25
5802,802,2,2,1274.50,2549.00
5803,803,3,3,1411.75,4235.25
5804,804,4,4,1549.00,6196.00
5805,805,5,1,1686.25,1686.25
5806,806,6,2,1823.50,3647.00
5807,807,7,3,1960.75,5882.25
5808,808,8,4,2098.00,8392.00
5809,809,9,1,2235.25,2235.25
5810,810,10,2,2372.50,4745.00
5811,811,11,3,2509.75,7529.25
5812,812,12,4,2647.00,10588.00
5813,813,13,1,2784.25,2784.25
5814,814,14,2,2921.50,5843.00
5815,815,15,3,3058.75,9176.25
5816,816,16,4,3196.00,12784.00
5817,817,17,1,3333.25,3333.25
5818,818,18,2,3470.50,6941.00
5819,819,19,3,3607.75,10823.25
5820,820,20,4,3745.00,14980.00
5821,821,21,1,3882.25,3882.25
5822,822,22,2,4019.50,8039.00
5823,823,23,3,4156.75,12470.25
5824,824,24,4,4294.00,17176.00
5825,825,25,1,4431.25,4431.25
5826,826,26,2,4568.50,9137.00
5827,827,27,3,4705.75,14117.25
5828,828,28,4,4843.00,19372.00
5829,829,29,1,4980.25,4980.25
5830,830,30,2,5117.50,10235.00
5831,831,31,3,5254.75,15764.25
5832,832,32,4,5392.00,21568.00
5833,833,33,1,5529.25,5529.25
5834,834,34,2,5666.50,11333.00
5835,835,35,3,5803.75,17411.25
5836,836,36,4,5941.00,23764.00
5837,837,37,1,6078.25,6078.25
5838,838,38,2,6215.50,12431.00
5839,839,39,3,6352.75,19058.25
5840,840,40,4,6490.00,25960.00
5841,841,41,1,6627.25,6627.25
5842,842,42,2,6764.50,13529.00
5843,843,43,3,6901.75,20705.25
5844,844,44,4,7039.00,28156.00
5845,845,45,1,7176.25,7176.25
5846,846,46,2,7313.50,14627.00
5847,847,47,3,7450.75,22352.25
5848,848,48,4,7588.00,30352.00
5849,849,49,1,7725.25,7725.25
5850,850,50,2,7862.50,15725.00
5851,851,51,3,7999.75,23999.25
5852,852,52,4,8137.00,32548.00
5853,853,53,1,8274.25,8274.25
5854,854,54,2,8411.50,16823.00
5855,855,55,3,8548.75,25646.25
5856,856,56,4,8686.00,34744.00
5857,857,57,1,8823.25,8823.25
5858,858,58,2,8960.50,17921.00
5859,859,59,3,9097.75,27293.25
5860,860,60,4,9235.00,36940.00
5861,861,61,1,9372.25,9372.25
5862,862,62,2,9509.50,19019.00
5863,863,63,3,9646.75,28940.25
5864,864,64,4,9784.00,39136.00
5865,865,65,1,9921.25,9921.25
5866,866,66,2,10058.50,20117.00
5867,867,67,3,10195.75,30587.25
5868,868,68,4,10333.00,41332.00
5869,869,69,1,10470.25,10470.25
5870,870,70,2,10607.50,21215.00
5871,871,71,3,10744.75,32234.25
5872,872,72,4,10882.00,43528.00
5873,873,73,1,11019.25,11019.25
5874,874,74,2,11156.50,22313.00
5875,875,75,3,11293.75,33881.25
5876,876,76,4,11431.00,45724.00
5877,877,77,1,11568.25,11568.25
5878,878,78,2,11705.50,23411.00
5879,879,79,3,11842.75,35528.25
5880,880,80,4,11980.00,47920.00
5881,881,81,1,12117.25,12117.25
5882,882,82,2,12254.50,24509.00
5883,883,83,3,12391.75,37175.25
5884,884,84,4,12529.00,50116.00
5885,885,85,1,12666.25,12666.25
5886,886,86,2,12803.50,25607.00
5887,887,87,3,12940.75,38822.25
5888,888,88,4,13078.00,52312.00
5889,889,89,1,13215.25,13215.25
5890,890,90,2,13352.50,26705.00
5891,891,91,3,13489.75,40469.25
5892,892,92,4,13627.00,54508.00
5893,893,93,1,13764.25,13764.25
5894,894,94,2,13901.50,27803.00
5895,895,95,3,14038.75,42116.25
5896,896,96,4,14176.00,56704.00
5897,897,97,1,14313.25,14313.25
5898,898,98,2,14450.50,28901.00
5899,899,99,3,14587.75,43763.25
5900,900,100,4,14725.00,58900.00
5901,901,1,1,1137.25,1137.25
5902,902,2,2,1274.50,2549.00
5903,903,3,3,1411.75,4235.25
5904,904,4,4,1549.00,6196.00
5905,905,5,1,1686.25,1686.25
5906,906,6,2,1823.50,3647.00
5907,907,7,3,1960.75,5882.25
5908,908,8,4,2098.00,8392.00
5909,909,9,1,2235.25,2235.25
5910,910,10,2,2372.50,4745.00
5911,911,11,3,2509.75,7529.25
5912,912,12,4,2647.00,10588.00
5913,913,13,1,2784.25,2784.25
5914,914,14,2,2921.50,5843.00
5915,915,15,3,3058.75,9176.25
5916,916,16,4,3196.00,12784.00
5917,917,17,1,3333.25,3333.25
5918,918,18,2,3470.50,6941.00
5919,919,19,3,3607.75,10823.25
5920,920,20,4,3745.00,14980.00
5921,921,21,1,3882.25,3882.25
5922,922,22,2,4019.50,8039.00
5923,923,23,3,4156.75,12470.25
5924,924,24,4,4294.00,17176.00
5925,925,25,1,4431.25,4431.25
5926,926,26,2,4568.50,9137.00
5927,927,27,3,4705.75,14117.25
5928,928,28,4,4843.00,19372.00
5929,929,29,1,4980.25,4980.25
5930,930,30,2,5117.50,10235.00
5931,931,31,3,5254.75,15764.25
5932,932,32,4,5392.00,21568.00
5933,933,33,1,5529.25,5529.25
5934,934,34,2,5666.50,11333.00
5935,935,35,3,5803.75,17411.25
5936,936,36,4,5941.00,23764.00
5937,937,37,1,6078.25,6078.25
5938,938,38,2,6215.50,12431.00
5939,939,39,3,6352.75,19058.25
5940,940,40,4,6490.00,25960.00
5941,941,41,1,6627.25,6627.25
5942,942,42,2,6764.50,13529.00
5943,943,43,3,6901.75,20705.25
5944,944,44,4,7039.00,28156.00
5945,945,45,1,7176.25,7176.25
5946,946,46,2,7313.50,14627.00
5947,947,47,3,7450.75,22352.25
5948,948,48,4,7588.00,30352.00
5949,949,49,1,7725.25,7725.25
5950,950,50,2,7862.50,15725.00
5951,951,51,3,7999.75,23999.25
5952,952,52,4,8137.00,32548.00
5953,953,53,1,8274.25,8274.25
5954,954,54,2,8411.50,16823.00
5955,955,55,3,8548.75,25646.25
5956,956,56,4,8686.00,34744.00
5957,957,57,1,8823.25,8823.25
5958,958,58,2,8960.50,17921.00
5959,959,59,3,9097.75,27293.25
5960,960,60,4,9235.00,36940.00
5961,961,61,1,9372.25,9372.25
5962,962,62,2,9509.50,19019.00
5963,963,63,3,9646.75,28940.25
5964,964,64,4,9784.00,39136.00
5965,965,65,1,9921.25,9921.25
5966,966,66,2,10058.50,20117.00
5967,967,67,3,10195.75,30587.25
5968,968,68,4,10333.00,41332.00
5969,969,69,1,10470.25,10470.25
5970,970,70,2,10607.50,21215.00
5971,971,71,3,10744.75,32234.25
5972,972,72,4,10882.00,43528.00
5973,973,73,1,11019.25,11019.25
5974,974,74,2,11156.50,22313.00
5975,975,75,3,11293.75,33881.25
5976,976,76,4,11431.00,45724.00
5977,977,77,1,11568.25,11568.25
5978,978,78,2,11705.50,23411.00
5979,979,79,3,11842.75,35528.25
5980,980,80,4,11980.00,47920.00
5981,981,81,1,12117.25,12117.25
5982,982,82,2,12254.50,24509.00
5983,983,83,3,12391.75,37175.25
5984,984,84,4,12529.00,50116.00
5985,985,85,1,12666.25,12666.25
5986,986,86,2,12803.50,25607.00
5987,987,87,3,12940.75,38822.25
5988,988,88,4,13078.00,52312.00
5989,989,89,1,13215.25,13215.25
5990,990,90,2,13352.50,26705.00
5991,991,91,3,13489.75,40469.25
5992,992,92,4,13627.00,54508.00
5993,993,93,1,13764.25,13764.25
5994,994,94,2,13901.50,27803.00
5995,995,95,3,14038.75,42116.25
5996,996,96,4,14176.00,56704.00
5997,997,97,1,14313.25,14313.25
5998,998,98,2,14450.50,28901.00
5999,999,99,3,14587.75,43763.25
6000,1000,100,4,14725.00,58900.00
6001,1001,1,1,1137.25,1137.25
6002,1002,2,2,1274.50,2549.00
6003,1003,3,3,1411.75,4235.25
6004,1004,4,4,1549.00,6196.00
6005,1005,5,1,1686.25,1686.25
6006,1006,6,2,1823.50,3647.00
6007,1007,7,3,1960.75,5882.25
6008,1008,8,4,2098.00,8392.00
6009,1009,9,1,2235.25,2235.25
6010,1010,10,2,2372.50,4745.00
6011,1011,11,3,2509.75,7529.25
6012,1012,12,4,2647.00,10588.00
6013,1013,13,1,2784.25,2784.25
6014,1014,14,2,2921.50,5843.00
6015,1015,15,3,3058.75,9176.25
6016,1016,16,4,3196.00,12784.00
6017,1017,17,1,3333.25,3333.25
6018,1018,18,2,3470.50,6941.00
6019,1019,19,3,3607.75,10823.25
6020,1020,20,4,3745.00,14980.00
6021,1021,21,1,3882.25,3882.25
6022,1022,22,2,4019.50,8039.00
6023,1023,23,3,4156.75,12470.25
6024,1024,24,4,4294.00,17176.00
6025,1025,25,1,4431.25,4431.25
6026,1026,26,2,4568.50,9137.00
6027,1027,27,3,4705.75,14117.25
6028,1028,28,4,4843.00,19372.00
6029,1029,29,1,4980.25,4980.25
6030,1030,30,2,5117.50,10235.00
6031,1031,31,3,5254.75,15764.25
6032,1032,32,4,5392.00,21568.00
6033,1033,33,1,5529.25,5529.25
6034,1034,34,2,5666.50,11333.00
6035,1035,35,3,5803.75,17411.25
6036,1036,36,4,5941.00,23764.00
6037,1037,37,1,6078.25,6078.25
6038,1038,38,2,6215.50,12431.00
6039,1039,39,3,6352.75,19058.25
6040,1040,40,4,6490.00,25960.00
6041,1041,41,1,6627.25,6627.25
6042,1042,42,2,6764.50,13529.00
6043,1043,43,3,6901.75,20705.25
6044,1044,44,4,7039.00,28156.00
6045,1045,45,1,7176.25,7176.25
6046,1046,46,2,7313.50,14627.00
6047,1047,47,3,7450.75,22352.25
6048,1048,48,4,7588.00,30352.00
6049,1049,49,1,7725.25,7725.25
6050,1050,50,2,7862.50,15725.00
6051,1051,51,3,7999.75,23999.25
6052,1052,52,4,8137.00,32548.00
6053,1053,53,1,8274.25,8274.25
6054,1054,54,2,8411.50,16823.00
6055,1055,55,3,8548.75,25646.25
6056,1056,56,4,8686.00,34744.00
6057,1057,57,1,8823.25,8823.25
6058,1058,58,2,8960.50,17921.00
6059,1059,59,3,9097.75,27293.25
6060,1060,60,4,9235.00,36940.00
6061,1061,61,1,9372.25,9372.25
6062,1062,62,2,9509.50,19019.00
6063,1063,63,3,9646.75,28940.25
6064,1064,64,4,9784.00,39136.00
6065,1065,65,1,9921.25,9921.25
6066,1066,66,2,10058.50,20117.00
6067,1067,67,3,10195.75,30587.25
6068,1068,68,4,10333.00,41332.00
6069,1069,69,1,10470.25,10470.25
6070,1070,70,2,10607.50,21215.00
6071,1071,71,3,10744.75,32234.25
6072,1072,72,4,10882.00,43528.00
6073,1073,73,1,11019.25,11019.25
6074,1074,74,2,11156.50,22313.00
6075,1075,75,3,11293.75,33881.25
6076,1076,76,4,11431.00,45724.00
6077,1077,77,1,11568.25,11568.25
6078,1078,78,2,11705.50,23411.00
6079,1079,79,3,11842.75,35528.25
6080,1080,80,4,11980.00,47920.00
6081,1081,81,1,12117.25,12117.25
6082,1082,82,2,12254.50,24509.00
6083,1083,83,3,12391.75,37175.25
6084,1084,84,4,12529.00,50116.00
6085,1085,85,1,12666.25,12666.25
6086,1086,86,2,12803.50,25607.00
6087,1087,87,3,12940.75,38822.25
6088,1088,88,4,13078.00,52312.00
6089,1089,89,1,13215.25,13215.25
6090,1090,90,2,13352.50,26705.00
6091,1091,91,3,13489.75,40469.25
6092,1092,92,4,13627.00,54508.00
6093,1093,93,1,13764.25,13764.25
6094,1094,94,2,13901.50,27803.00
6095,1095,95,3,14038.75,42116.25
6096,1096,96,4,14176.00,56704.00
6097,1097,97,1,14313.25,14313.25
6098,1098,98,2,14450.50,28901.00
6099,1099,99,3,14587.75,43763.25
6100,1100,100,4,14725.00,58900.00
6101,1101,1,1,1137.25,1137.25
6102,1102,2,2,1274.50,2549.00
6103,1103,3,3,1411.75,4235.25
6104,1104,4,4,1549.00,6196.00
6105,1105,5,1,1686.25,1686.25
6106,1106,6,2,1823.50,3647.00
6107,1107,7,3,1960.75,5882.25
6108,1108,8,4,2098.00,8392.00
6109,1109,9,1,2235.25,2235.25
6110,1110,10,2,2372.50,4745.00
6111,1111,11,3,2509.75,7529.25
6112,1112,12,4,2647.00,10588.00
6113,1113,13,1,2784.25,2784.25
6114,1114,14,2,2921.50,5843.00
6115,1115,15,3,3058.75,9176.25
6116,1116,16,4,3196.00,12784.00
6117,1117,17,1,3333.25,3333.25
6118,1118,18,2,3470.50,6941.00
6119,1119,19,3,3607.75,10823.25
6120,1120,20,4,3745.00,14980.00
6121,1121,21,1,3882.25,3882.25
6122,1122,22,2,4019.50,8039.00
6123,1123,23,3,4156.75,12470.25
6124,1124,24,4,4294.00,17176.00
6125,1125,25,1,4431.25,4431.25
6126,1126,26,2,4568.50,9137.00
6127,1127,27,3,4705.75,14117.25
6128,1128,28,4,4843.00,19372.00
6129,1129,29,1,4980.25,4980.25
6130,1130,30,2,5117.50,10235.00
6131,1131,31,3,5254.75,15764.25
6132,1132,32,4,5392.00,21568.00
6133,1133,33,1,5529.25,5529.25
6134,1134,34,2,5666.50,11333.00
6135,1135,35,3,5803.75,17411.25
6136,1136,36,4,5941.00,23764.00
6137,1137,37,1,6078.25,6078.25
6138,1138,38,2,6215.50,12431.00
6139,1139,39,3,6352.75,19058.25
6140,1140,40,4,6490.00,25960.00
6141,1141,41,1,6627.25,6627.25
6142,1142,42,2,6764.50,13529.00
6143,1143,43,3,6901.75,20705.25
6144,1144,44,4,7039.00,28156.00
6145,1145,45,1,7176.25,7176.25
6146,1146,46,2,7313.50,14627.00
6147,1147,47,3,7450.75,22352.25
6148,1148,48,4,7588.00,30352.00
6149,1149,49,1,7725.25,7725.25
6150,1150,50,2,7862.50,15725.00
6151,1151,51,3,7999.75,23999.25
6152,1152,52,4,8137.00,32548.00
6153,1153,53,1,8274.25,8274.25
6154,1154,54,2,8411.50,16823.00
6155,1155,55,3,8548.75,25646.25
6156,1156,56,4,8686.00,34744.00
6157,1157,57,1,8823.25,8823.25
6158,1158,58,2,8960.50,17921.00
6159,1159,59,3,9097.75,27293.25
6160,1160,60,4,9235.00,36940.00
6161,1161,61,1,9372.25,9372.25
6162,1162,62,2,9509.50,19019.00
6163,1163,63,3,9646.75,28940.25
6164,1164,64,4,9784.00,39136.00
6165,1165,65,1,9921.25,9921.25
6166,1166,66,2,10058.50,20117.00
6167,1167,67,3,10195.75,30587.25
6168,1168,68,4,10333.00,41332.00
6169,1169,69,1,10470.25,10470.25
6170,1170,70,2,10607.50,21215.00
6171,1171,71,3,10744.75,32234.25
6172,1172,72,4,10882.00,43528.00
6173,1173,73,1,11019.25,11019.25
6174,1174,74,2,11156.50,22313.00
6175,1175,75,3,11293.75,33881.25
6176,1176,76,4,11431.00,45724.00
6177,1177,77,1,11568.25,11568.25
6178,1178,78,2,11705.50,23411.00
6179,1179,79,3,11842.75,35528.25
6180,1180,80,4,11980.00,47920.00
6181,1181,81,1,12117.25,12117.25
6182,1182,82,2,12254.50,24509.00
6183,1183,83,3,12391.75,37175.25
6184,1184,84,4,12529.00,50116.00
6185,1185,85,1,12666.25,12666.25
6186,1186,86,2,12803.50,25607.00
6187,1187,87,3,12940.75,38822.25
6188,1188,88,4,13078.00,52312.00
6189,1189,89,1,13215.25,13215.25
6190,1190,90,2,13352.50,26705.00
6191,1191,91,3,13489.75,40469.25
6192,1192,92,4,13627.00,54508.00
6193,1193,93,1,13764.25,13764.25
6194,1194,94,2,13901.50,27803.00
6195,1195,95,3,14038.75,42116.25
6196,1196,96,4,14176.00,56704.00
6197,1197,97,1,14313.25,14313.25
6198,1198,98,2,14450.50,28901.00
6199,1199,99,3,14587.75,43763.25
6200,1200,100,4,14725.00,58900.00
6201,1201,1,1,1137.25,1137.25
6202,1202,2,2,1274.50,2549.00
6203,1203,3,3,1411.75,4235.25
6204,1204,4,4,1549.00,6196.00
6205,1205,5,1,1686.25,1686.25
6206,1206,6,2,1823.50,3647.00
6207,1207,7,3,1960.75,5882.25
6208,1208,8,4,2098.00,8392.00
6209,1209,9,1,2235.25,2235.25
6210,1210,10,2,2372.50,4745.00
6211,1211,11,3,2509.75,7529.25
6212,1212,12,4,2647.00,10588.00
6213,1213,13,1,2784.25,2784.25
6214,1214,14,2,2921.50,5843.00
6215,1215,15,3,3058.75,9176.25
6216,1216,16,4,3196.00,12784.00
6217,1217,17,1,3333.25,3333.25
6218,1218,18,2,3470.50,6941.00
6219,1219,19,3,3607.75,10823.25
6220,1220,20,4,3745.00,14980.00
6221,1221,21,1,3882.25,3882.25
6222,1222,22,2,4019.50,8039.00
6223,1223,23,3,4156.75,12470.25
6224,1224,24,4,4294.00,17176.00
6225,1225,25,1,4431.25,4431.25
6226,1226,26,2,4568.50,9137.00
6227,1227,27,3,4705.75,14117.25
6228,1228,28,4,4843.00,19372.00
6229,1229,29,1,4980.25,4980.25
6230,1230,30,2,5117.50,10235.00
6231,1231,31,3,5254.75,15764.25
6232,1232,32,4,5392.00,21568.00
6233,1233,33,1,5529.25,5529.25
6234,1234,34,2,5666.50,11333.00
6235,1235,35,3,5803.75,17411.25
6236,1236,36,4,5941.00,23764.00
6237,1237,37,1,6078.25,6078.25
6238,1238,38,2,6215.50,12431.00
6239,1239,39,3,6352.75,19058.25
6240,1240,40,4,6490.00,25960.00
6241,1241,41,1,6627.25,6627.25
6242,1242,42,2,6764.50,13529.00
6243,1243,43,3,6901.75,20705.25
6244,1244,44,4,7039.00,28156.00
6245,1245,45,1,7176.25,7176.25
6246,1246,46,2,7313.50,14627.00
6247,1247,47,3,7450.75,22352.25
6248,1248,48,4,7588.00,30352.00
6249,1249,49,1,7725.25,7725.25
6250,1250,50,2,7862.50,15725.00
6251,1251,51,3,7999.75,23999.25
6252,1252,52,4,8137.00,32548.00
6253,1253,53,1,8274.25,8274.25
6254,1254,54,2,8411.50,16823.00
6255,1255,55,3,8548.75,25646.25
6256,1256,56,4,8686.00,34744.00
6257,1257,57,1,8823.25,8823.25
6258,1258,58,2,8960.50,17921.00
6259,1259,59,3,9097.75,27293.25
6260,1260,60,4,9235.00,36940.00
6261,1261,61,1,9372.25,9372.25
6262,1262,62,2,9509.50,19019.00
6263,1263,63,3,9646.75,28940.25
6264,1264,64,4,9784.00,39136.00
6265,1265,65,1,9921.25,9921.25
6266,1266,66,2,10058.50,20117.00
6267,1267,67,3,10195.75,30587.25
6268,1268,68,4,10333.00,41332.00
6269,1269,69,1,10470.25,10470.25
6270,1270,70,2,10607.50,21215.00
6271,1271,71,3,10744.75,32234.25
6272,1272,72,4,10882.00,43528.00
6273,1273,73,1,11019.25,11019.25
6274,1274,74,2,11156.50,22313.00
6275,1275,75,3,11293.75,33881.25
6276,1276,76,4,11431.00,45724.00
6277,1277,77,1,11568.25,11568.25
6278,1278,78,2,11705.50,23411.00
6279,1279,79,3,11842.75,35528.25
6280,1280,80,4,11980.00,47920.00
6281,1281,81,1,12117.25,12117.25
6282,1282,82,2,12254.50,24509.00
6283,1283,83,3,12391.75,37175.25
6284,1284,84,4,12529.00,50116.00
6285,1285,85,1,12666.25,12666.25
6286,1286,86,2,12803.50,25607.00
6287,1287,87,3,12940.75,38822.25
6288,1288,88,4,13078.00,52312.00
6289,1289,89,1,13215.25,13215.25
6290,1290,90,2,13352.50,26705.00
6291,1291,91,3,13489.75,40469.25
6292,1292,92,4,13627.00,54508.00
6293,1293,93,1,13764.25,13764.25
6294,1294,94,2,13901.50,27803.00
6295,1295,95,3,14038.75,42116.25
6296,1296,96,4,14176.00,56704.00
6297,1297,97,1,14313.25,14313.25
6298,1298,98,2,14450.50,28901.00
6299,1299,99,3,14587.75,43763.25
6300,1300,100,4,14725.00,58900.00
6301,1301,1,1,1137.25,1137.25
6302,1302,2,2,1274.50,2549.00
6303,1303,3,3,1411.75,4235.25
6304,1304,4,4,1549.00,6196.00
6305,1305,5,1,1686.25,1686.25
6306,1306,6,2,1823.50,3647.00
6307,1307,7,3,1960.75,5882.25
6308,1308,8,4,2098.00,8392.00
6309,1309,9,1,2235.25,2235.25
6310,1310,10,2,2372.50,4745.00
6311,1311,11,3,2509.75,7529.25
6312,1312,12,4,2647.00,10588.00
6313,1313,13,1,2784.25,2784.25
6314,1314,14,2,2921.50,5843.00
6315,1315,15,3,3058.75,9176.25
6316,1316,16,4,3196.00,12784.00
6317,1317,17,1,3333.25,3333.25
6318,1318,18,2,3470.50,6941.00
6319,1319,19,3,3607.75,10823.25
6320,1320,20,4,3745.00,14980.00
6321,1321,21,1,3882.25,3882.25
6322,1322,22,2,4019.50,8039.00
6323,1323,23,3,4156.75,12470.25
6324,1324,24,4,4294.00,17176.00
6325,1325,25,1,4431.25,4431.25
6326,1326,26,2,4568.50,9137.00
6327,1327,27,3,4705.75,14117.25
6328,1328,28,4,4843.00,19372.00
6329,1329,29,1,4980.25,4980.25
6330,1330,30,2,5117.50,10235.00
6331,1331,31,3,5254.75,15764.25
6332,1332,32,4,5392.00,21568.00
6333,1333,33,1,5529.25,5529.25
6334,1334,34,2,5666.50,11333.00
6335,1335,35,3,5803.75,17411.25
6336,1336,36,4,5941.00,23764.00
6337,1337,37,1,6078.25,6078.25
6338,1338,38,2,6215.50,12431.00
6339,1339,39,3,6352.75,19058.25
6340,1340,40,4,6490.00,25960.00
6341,1341,41,1,6627.25,6627.25
6342,1342,42,2,6764.50,13529.00
6343,1343,43,3,6901.75,20705.25
6344,1344,44,4,7039.00,28156.00
6345,1345,45,1,7176.25,7176.25
6346,1346,46,2,7313.50,14627.00
6347,1347,47,3,7450.75,22352.25
6348,1348,48,4,7588.00,30352.00
6349,1349,49,1,7725.25,7725.25
6350,1350,50,2,7862.50,15725.00
6351,1351,51,3,7999.75,23999.25
6352,1352,52,4,8137.00,32548.00
6353,1353,53,1,8274.25,8274.25
6354,1354,54,2,8411.50,16823.00
6355,1355,55,3,8548.75,25646.25
6356,1356,56,4,8686.00,34744.00
6357,1357,57,1,8823.25,8823.25
6358,1358,58,2,8960.50,17921.00
6359,1359,59,3,9097.75,27293.25
6360,1360,60,4,9235.00,36940.00
6361,1361,61,1,9372.25,9372.25
6362,1362,62,2,9509.50,19019.00
6363,1363,63,3,9646.75,28940.25
6364,1364,64,4,9784.00,39136.00
6365,1365,65,1,9921.25,9921.25
6366,1366,66,2,10058.50,20117.00
6367,1367,67,3,10195.75,30587.25
6368,1368,68,4,10333.00,41332.00
6369,1369,69,1,10470.25,10470.25
6370,1370,70,2,10607.50,21215.00
6371,1371,71,3,10744.75,32234.25
6372,1372,72,4,10882.00,43528.00
6373,1373,73,1,11019.25,11019.25
6374,1374,74,2,11156.50,22313.00
6375,1375,75,3,11293.75,33881.25
6376,1376,76,4,11431.00,45724.00
6377,1377,77,1,11568.25,11568.25
6378,1378,78,2,11705.50,23411.00
6379,1379,79,3,11842.75,35528.25
6380,1380,80,4,11980.00,47920.00
6381,1381,81,1,12117.25,12117.25
6382,1382,82,2,12254.50,24509.00
6383,1383,83,3,12391.75,37175.25
6384,1384,84,4,12529.00,50116.00
6385,1385,85,1,12666.25,12666.25
6386,1386,86,2,12803.50,25607.00
6387,1387,87,3,12940.75,38822.25
6388,1388,88,4,13078.00,52312.00
6389,1389,89,1,13215.25,13215.25
6390,1390,90,2,13352.50,26705.00
6391,1391,91,3,13489.75,40469.25
6392,1392,92,4,13627.00,54508.00
6393,1393,93,1,13764.25,13764.25
6394,1394,94,2,13901.50,27803.00
6395,1395,95,3,14038.75,42116.25
6396,1396,96,4,14176.00,56704.00
6397,1397,97,1,14313.25,14313.25
6398,1398,98,2,14450.50,28901.00
6399,1399,99,3,14587.75,43763.25
6400,1400,100,4,14725.00,58900.00
6401,1401,1,1,1137.25,1137.25
6402,1402,2,2,1274.50,2549.00
6403,1403,3,3,1411.75,4235.25
6404,1404,4,4,1549.00,6196.00
6405,1405,5,1,1686.25,1686.25
6406,1406,6,2,1823.50,3647.00
6407,1407,7,3,1960.75,5882.25
6408,1408,8,4,2098.00,8392.00
6409,1409,9,1,2235.25,2235.25
6410,1410,10,2,2372.50,4745.00
6411,1411,11,3,2509.75,7529.25
6412,1412,12,4,2647.00,10588.00
6413,1413,13,1,2784.25,2784.25
6414,1414,14,2,2921.50,5843.00
6415,1415,15,3,3058.75,9176.25
6416,1416,16,4,3196.00,12784.00
6417,1417,17,1,3333.25,3333.25
6418,1418,18,2,3470.50,6941.00
6419,1419,19,3,3607.75,10823.25
6420,1420,20,4,3745.00,14980.00
6421,1421,21,1,3882.25,3882.25
6422,1422,22,2,4019.50,8039.00
6423,1423,23,3,4156.75,12470.25
6424,1424,24,4,4294.00,17176.00
6425,1425,25,1,4431.25,4431.25
6426,1426,26,2,4568.50,9137.00
6427,1427,27,3,4705.75,14117.25
6428,1428,28,4,4843.00,19372.00
6429,1429,29,1,4980.25,4980.25
6430,1430,30,2,5117.50,10235.00
6431,1431,31,3,5254.75,15764.25
6432,1432,32,4,5392.00,21568.00
6433,1433,33,1,5529.25,5529.25
6434,1434,34,2,5666.50,11333.00
6435,1435,35,3,5803.75,17411.25
6436,1436,36,4,5941.00,23764.00
6437,1437,37,1,6078.25,6078.25
6438,1438,38,2,6215.50,12431.00
6439,1439,39,3,6352.75,19058.25
6440,1440,40,4,6490.00,25960.00
6441,1441,41,1,6627.25,6627.25
6442,1442,42,2,6764.50,13529.00
6443,1443,43,3,6901.75,20705.25
6444,1444,44,4,7039.00,28156.00
6445,1445,45,1,7176.25,7176.25
6446,1446,46,2,7313.50,14627.00
6447,1447,47,3,7450.75,22352.25
6448,1448,48,4,7588.00,30352.00
6449,1449,49,1,7725.25,7725.25
6450,1450,50,2,7862.50,15725.00
6451,1451,51,3,7999.75,23999.25
6452,1452,52,4,8137.00,32548.00
6453,1453,53,1,8274.25,8274.25
6454,1454,54,2,8411.50,16823.00
6455,1455,55,3,8548.75,25646.25
6456,1456,56,4,8686.00,34744.00
6457,1457,57,1,8823.25,8823.25
6458,1458,58,2,8960.50,17921.00
6459,1459,59,3,9097.75,27293.25
6460,1460,60,4,9235.00,36940.00
6461,1461,61,1,9372.25,9372.25
6462,1462,62,2,9509.50,19019.00
6463,1463,63,3,9646.75,28940.25
6464,1464,64,4,9784.00,39136.00
6465,1465,65,1,9921.25,9921.25
6466,1466,66,2,10058.50,20117.00
6467,1467,67,3,10195.75,30587.25
6468,1468,68,4,10333.00,41332.00
6469,1469,69,1,10470.25,10470.25
6470,1470,70,2,10607.50,21215.00
6471,1471,71,3,10744.75,32234.25
6472,1472,72,4,10882.00,43528.00
6473,1473,73,1,11019.25,11019.25
6474,1474,74,2,11156.50,22313.00
6475,1475,75,3,11293.75,33881.25
6476,1476,76,4,11431.00,45724.00
6477,1477,77,1,11568.25,11568.25
6478,1478,78,2,11705.50,23411.00
6479,1479,79,3,11842.75,35528.25
6480,1480,80,4,11980.00,47920.00
6481,1481,81,1,12117.25,12117.25
6482,1482,82,2,12254.50,24509.00
6483,1483,83,3,12391.75,37175.25
6484,1484,84,4,12529.00,50116.00
6485,1485,85,1,12666.25,12666.25
6486,1486,86,2,12803.50,25607.00
6487,1487,87,3,12940.75,38822.25
6488,1488,88,4,13078.00,52312.00
6489,1489,89,1,13215.25,13215.25
6490,1490,90,2,13352.50,26705.00
6491,1491,91,3,13489.75,40469.25
6492,1492,92,4,13627.00,54508.00
6493,1493,93,1,13764.25,13764.25
6494,1494,94,2,13901.50,27803.00
6495,1495,95,3,14038.75,42116.25
6496,1496,96,4,14176.00,56704.00
6497,1497,97,1,14313.25,14313.25
6498,1498,98,2,14450.50,28901.00
6499,1499,99,3,14587.75,43763.25
6500,1500,100,4,14725.00,58900.00
6501,1501,1,1,1137.25,1137.25
6502,1502,2,2,1274.50,2549.00
6503,1503,3,3,1411.75,4235.25
6504,1504,4,4,1549.00,6196.00
6505,1505,5,1,1686.25,1686.25
6506,1506,6,2,1823.50,3647.00
6507,1507,7,3,1960.75,5882.25
6508,1508,8,4,2098.00,8392.00
6509,1509,9,1,2235.25,2235.25
6510,1510,10,2,2372.50,4745.00
6511,1511,11,3,2509.75,7529.25
6512,1512,12,4,2647.00,10588.00
6513,1513,13,1,2784.25,2784.25
6514,1514,14,2,2921.50,5843.00
6515,1515,15,3,3058.75,9176.25
6516,1516,16,4,3196.00,12784.00
6517,1517,17,1,3333.25,3333.25
6518,1518,18,2,3470.50,6941.00
6519,1519,19,3,3607.75,10823.25
6520,1520,20,4,3745.00,14980.00
6521,1521,21,1,3882.25,3882.25
6522,1522,22,2,4019.50,8039.00
6523,1523,23,3,4156.75,12470.25
6524,1524,24,4,4294.00,17176.00
6525,1525,25,1,4431.25,4431.25
6526,1526,26,2,4568.50,9137.00
6527,1527,27,3,4705.75,14117.25
6528,1528,28,4,4843.00,19372.00
6529,1529,29,1,4980.25,4980.25
6530,1530,30,2,5117.50,10235.00
6531,1531,31,3,5254.75,15764.25
6532,1532,32,4,5392.00,21568.00
6533,1533,33,1,5529.25,5529.25
6534,1534,34,2,5666.50,11333.00
6535,1535,35,3,5803.75,17411.25
6536,1536,36,4,5941.00,23764.00
6537,1537,37,1,6078.25,6078.25
6538,1538,38,2,6215.50,12431.00
6539,1539,39,3,6352.75,19058.25
6540,1540,40,4,6490.00,25960.00
6541,1541,41,1,6627.25,6627.25
6542,1542,42,2,6764.50,13529.00
6543,1543,43,3,6901.75,20705.25
6544,1544,44,4,7039.00,28156.00
6545,1545,45,1,7176.25,7176.25
6546,1546,46,2,7313.50,14627.00
6547,1547,47,3,7450.75,22352.25
6548,1548,48,4,7588.00,30352.00
6549,1549,49,1,7725.25,7725.25
6550,1550,50,2,7862.50,15725.00
6551,1551,51,3,7999.75,23999.25
6552,1552,52,4,8137.00,32548.00
6553,1553,53,1,8274.25,8274.25
6554,1554,54,2,8411.50,16823.00
6555,1555,55,3,8548.75,25646.25
6556,1556,56,4,8686.00,34744.00
6557,1557,57,1,8823.25,8823.25
6558,1558,58,2,8960.50,17921.00
6559,1559,59,3,9097.75,27293.25
6560,1560,60,4,9235.00,36940.00
6561,1561,61,1,9372.25,9372.25
6562,1562,62,2,9509.50,19019.00
6563,1563,63,3,9646.75,28940.25
6564,1564,64,4,9784.00,39136.00
6565,1565,65,1,9921.25,9921.25
6566,1566,66,2,10058.50,20117.00
6567,1567,67,3,10195.75,30587.25
6568,1568,68,4,10333.00,41332.00
6569,1569,69,1,10470.25,10470.25
6570,1570,70,2,10607.50,21215.00
6571,1571,71,3,10744.75,32234.25
6572,1572,72,4,10882.00,43528.00
6573,1573,73,1,11019.25,11019.25
6574,1574,74,2,11156.50,22313.00
6575,1575,75,3,11293.75,33881.25
6576,1576,76,4,11431.00,45724.00
6577,1577,77,1,11568.25,11568.25
6578,1578,78,2,11705.50,23411.00
6579,1579,79,3,11842.75,35528.25
6580,1580,80,4,11980.00,47920.00
6581,1581,81,1,12117.25,12117.25
6582,1582,82,2,12254.50,24509.00
6583,1583,83,3,12391.75,37175.25
6584,1584,84,4,12529.00,50116.00
6585,1585,85,1,12666.25,12666.25
6586,1586,86,2,12803.50,25607.00
6587,1587,87,3,12940.75,38822.25
6588,1588,88,4,13078.00,52312.00
6589,1589,89,1,13215.25,13215.25
6590,1590,90,2,13352.50,26705.00
6591,1591,91,3,13489.75,40469.25
6592,1592,92,4,13627.00,54508.00
6593,1593,93,1,13764.25,13764.25
6594,1594,94,2,13901.50,27803.00
6595,1595,95,3,14038.75,42116.25
6596,1596,96,4,14176.00,56704.00
6597,1597,97,1,14313.25,14313.25
6598,1598,98,2,14450.50,28901.00
6599,1599,99,3,14587.75,43763.25
6600,1600,100,4,14725.00,58900.00
6601,1601,1,1,1137.25,1137.25
6602,1602,2,2,1274.50,2549.00
6603,1603,3,3,1411.75,4235.25
6604,1604,4,4,1549.00,6196.00
6605,1605,5,1,1686.25,1686.25
6606,1606,6,2,1823.50,3647.00
6607,1607,7,3,1960.75,5882.25
6608,1608,8,4,2098.00,8392.00
6609,1609,9,1,2235.25,2235.25
6610,1610,10,2,2372.50,4745.00
6611,1611,11,3,2509.75,7529.25
6612,1612,12,4,2647.00,10588.00
6613,1613,13,1,2784.25,2784.25
6614,1614,14,2,2921.50,5843.00
6615,1615,15,3,3058.75,9176.25
6616,1616,16,4,3196.00,12784.00
6617,1617,17,1,3333.25,3333.25
6618,1618,18,2,3470.50,6941.00
6619,1619,19,3,3607.75,10823.25
6620,1620,20,4,3745.00,14980.00
6621,1621,21,1,3882.25,3882.25
6622,1622,22,2,4019.50,8039.00
6623,1623,23,3,4156.75,12470.25
6624,1624,24,4,4294.00,17176.00
6625,1625,25,1,4431.25,4431.25
6626,1626,26,2,4568.50,9137.00
6627,1627,27,3,4705.75,14117.25
6628,1628,28,4,4843.00,19372.00
6629,1629,29,1,4980.25,4980.25
6630,1630,30,2,5117.50,10235.00
6631,1631,31,3,5254.75,15764.25
6632,1632,32,4,5392.00,21568.00
6633,1633,33,1,5529.25,5529.25
6634,1634,34,2,5666.50,11333.00
6635,1635,35,3,5803.75,17411.25
6636,1636,36,4,5941.00,23764.00
6637,1637,37,1,6078.25,6078.25
6638,1638,38,2,6215.50,12431.00
6639,1639,39,3,6352.75,19058.25
6640,1640,40,4,6490.00,25960.00
6641,1641,41,1,6627.25,6627.25
6642,1642,42,2,6764.50,13529.00
6643,1643,43,3,6901.75,20705.25
6644,1644,44,4,7039.00,28156.00
6645,1645,45,1,7176.25,7176.25
6646,1646,46,2,7313.50,14627.00
6647,1647,47,3,7450.75,22352.25
6648,1648,48,4,7588.00,30352.00
6649,1649,49,1,7725.25,7725.25
6650,1650,50,2,7862.50,15725.00
6651,1651,51,3,7999.75,23999.25
6652,1652,52,4,8137.00,32548.00
6653,1653,53,1,8274.25,8274.25
6654,1654,54,2,8411.50,16823.00
6655,1655,55,3,8548.75,25646.25
6656,1656,56,4,8686.00,34744.00
6657,1657,57,1,8823.25,8823.25
6658,1658,58,2,8960.50,17921.00
6659,1659,59,3,9097.75,27293.25
6660,1660,60,4,9235.00,36940.00
6661,1661,61,1,9372.25,9372.25
6662,1662,62,2,9509.50,19019.00
6663,1663,63,3,9646.75,28940.25
6664,1664,64,4,9784.00,39136.00
6665,1665,65,1,9921.25,9921.25
6666,1666,66,2,10058.50,20117.00
6667,1667,67,3,10195.75,30587.25
6668,1668,68,4,10333.00,41332.00
6669,1669,69,1,10470.25,10470.25
6670,1670,70,2,10607.50,21215.00
6671,1671,71,3,10744.75,32234.25
6672,1672,72,4,10882.00,43528.00
6673,1673,73,1,11019.25,11019.25
6674,1674,74,2,11156.50,22313.00
6675,1675,75,3,11293.75,33881.25
6676,1676,76,4,11431.00,45724.00
6677,1677,77,1,11568.25,11568.25
6678,1678,78,2,11705.50,23411.00
6679,1679,79,3,11842.75,35528.25
6680,1680,80,4,11980.00,47920.00
6681,1681,81,1,12117.25,12117.25
6682,1682,82,2,12254.50,24509.00
6683,1683,83,3,12391.75,37175.25
6684,1684,84,4,12529.00,50116.00
6685,1685,85,1,12666.25,12666.25
6686,1686,86,2,12803.50,25607.00
6687,1687,87,3,12940.75,38822.25
6688,1688,88,4,13078.00,52312.00
6689,1689,89,1,13215.25,13215.25
6690,1690,90,2,13352.50,26705.00
6691,1691,91,3,13489.75,40469.25
6692,1692,92,4,13627.00,54508.00
6693,1693,93,1,13764.25,13764.25
6694,1694,94,2,13901.50,27803.00
6695,1695,95,3,14038.75,42116.25
6696,1696,96,4,14176.00,56704.00
6697,1697,97,1,14313.25,14313.25
6698,1698,98,2,14450.50,28901.00
6699,1699,99,3,14587.75,43763.25
6700,1700,100,4,14725.00,58900.00
6701,1701,1,1,1137.25,1137.25
6702,1702,2,2,1274.50,2549.00
6703,1703,3,3,1411.75,4235.25
6704,1704,4,4,1549.00,6196.00
6705,1705,5,1,1686.25,1686.25
6706,1706,6,2,1823.50,3647.00
6707,1707,7,3,1960.75,5882.25
6708,1708,8,4,2098.00,8392.00
6709,1709,9,1,2235.25,2235.25
6710,1710,10,2,2372.50,4745.00
6711,1711,11,3,2509.75,7529.25
6712,1712,12,4,2647.00,10588.00
6713,1713,13,1,2784.25,2784.25
6714,1714,14,2,2921.50,5843.00
6715,1715,15,3,3058.75,9176.25
6716,1716,16,4,3196.00,12784.00
6717,1717,17,1,3333.25,3333.25
6718,1718,18,2,3470.50,6941.00
6719,1719,19,3,3607.75,10823.25
6720,1720,20,4,3745.00,14980.00
6721,1721,21,1,3882.25,3882.25
6722,1722,22,2,4019.50,8039.00
6723,1723,23,3,4156.75,12470.25
6724,1724,24,4,4294.00,17176.00
6725,1725,25,1,4431.25,4431.25
6726,1726,26,2,4568.50,9137.00
6727,1727,27,3,4705.75,14117.25
6728,1728,28,4,4843.00,19372.00
6729,1729,29,1,4980.25,4980.25
6730,1730,30,2,5117.50,10235.00
6731,1731,31,3,5254.75,15764.25
6732,1732,32,4,5392.00,21568.00
6733,1733,33,1,5529.25,5529.25
6734,1734,34,2,5666.50,11333.00
6735,1735,35,3,5803.75,17411.25
6736,1736,36,4,5941.00,23764.00
6737,1737,37,1,6078.25,6078.25
6738,1738,38,2,6215.50,12431.00
6739,1739,39,3,6352.75,19058.25
6740,1740,40,4,6490.00,25960.00
6741,1741,41,1,6627.25,6627.25
6742,1742,42,2,6764.50,13529.00
6743,1743,43,3,6901.75,20705.25
6744,1744,44,4,7039.00,28156.00
6745,1745,45,1,7176.25,7176.25
6746,1746,46,2,7313.50,14627.00
6747,1747,47,3,7450.75,22352.25
6748,1748,48,4,7588.00,30352.00
6749,1749,49,1,7725.25,7725.25
6750,1750,50,2,7862.50,15725.00
6751,1751,51,3,7999.75,23999.25
6752,1752,52,4,8137.00,32548.00
6753,1753,53,1,8274.25,8274.25
6754,1754,54,2,8411.50,16823.00
6755,1755,55,3,8548.75,25646.25
6756,1756,56,4,8686.00,34744.00
6757,1757,57,1,8823.25,8823.25
6758,1758,58,2,8960.50,17921.00
6759,1759,59,3,9097.75,27293.25
6760,1760,60,4,9235.00,36940.00
6761,1761,61,1,9372.25,9372.25
6762,1762,62,2,9509.50,19019.00
6763,1763,63,3,9646.75,28940.25
6764,1764,64,4,9784.00,39136.00
6765,1765,65,1,9921.25,9921.25
6766,1766,66,2,10058.50,20117.00
6767,1767,67,3,10195.75,30587.25
6768,1768,68,4,10333.00,41332.00
6769,1769,69,1,10470.25,10470.25
6770,1770,70,2,10607.50,21215.00
6771,1771,71,3,10744.75,32234.25
6772,1772,72,4,10882.00,43528.00
6773,1773,73,1,11019.25,11019.25
6774,1774,74,2,11156.50,22313.00
6775,1775,75,3,11293.75,33881.25
6776,1776,76,4,11431.00,45724.00
6777,1777,77,1,11568.25,11568.25
6778,1778,78,2,11705.50,23411.00
6779,1779,79,3,11842.75,35528.25
6780,1780,80,4,11980.00,47920.00
6781,1781,81,1,12117.25,12117.25
6782,1782,82,2,12254.50,24509.00
6783,1783,83,3,12391.75,37175.25
6784,1784,84,4,12529.00,50116.00
6785,1785,85,1,12666.25,12666.25
6786,1786,86,2,12803.50,25607.00
6787,1787,87,3,12940.75,38822.25
6788,1788,88,4,13078.00,52312.00
6789,1789,89,1,13215.25,13215.25
6790,1790,90,2,13352.50,26705.00
6791,1791,91,3,13489.75,40469.25
6792,1792,92,4,13627.00,54508.00
6793,1793,93,1,13764.25,13764.25
6794,1794,94,2,13901.50,27803.00
6795,1795,95,3,14038.75,42116.25
6796,1796,96,4,14176.00,56704.00
6797,1797,97,1,14313.25,14313.25
6798,1798,98,2,14450.50,28901.00
6799,1799,99,3,14587.75,43763.25
6800,1800,100,4,14725.00,58900.00
6801,1801,1,1,1137.25,1137.25
6802,1802,2,2,1274.50,2549.00
6803,1803,3,3,1411.75,4235.25
6804,1804,4,4,1549.00,6196.00
6805,1805,5,1,1686.25,1686.25
6806,1806,6,2,1823.50,3647.00
6807,1807,7,3,1960.75,5882.25
6808,1808,8,4,2098.00,8392.00
6809,1809,9,1,2235.25,2235.25
6810,1810,10,2,2372.50,4745.00
6811,1811,11,3,2509.75,7529.25
6812,1812,12,4,2647.00,10588.00
6813,1813,13,1,2784.25,2784.25
6814,1814,14,2,2921.50,5843.00
6815,1815,15,3,3058.75,9176.25
6816,1816,16,4,3196.00,12784.00
6817,1817,17,1,3333.25,3333.25
6818,1818,18,2,3470.50,6941.00
6819,1819,19,3,3607.75,10823.25
6820,1820,20,4,3745.00,14980.00
6821,1821,21,1,3882.25,3882.25
6822,1822,22,2,4019.50,8039.00
6823,1823,23,3,4156.75,12470.25
6824,1824,24,4,4294.00,17176.00
6825,1825,25,1,4431.25,4431.25
6826,1826,26,2,4568.50,9137.00
6827,1827,27,3,4705.75,14117.25
6828,1828,28,4,4843.00,19372.00
6829,1829,29,1,4980.25,4980.25
6830,1830,30,2,5117.50,10235.00
6831,1831,31,3,5254.75,15764.25
6832,1832,32,4,5392.00,21568.00
6833,1833,33,1,5529.25,5529.25
6834,1834,34,2,5666.50,11333.00
6835,1835,35,3,5803.75,17411.25
6836,1836,36,4,5941.00,23764.00
6837,1837,37,1,6078.25,6078.25
6838,1838,38,2,6215.50,12431.00
6839,1839,39,3,6352.75,19058.25
6840,1840,40,4,6490.00,25960.00
6841,1841,41,1,6627.25,6627.25
6842,1842,42,2,6764.50,13529.00
6843,1843,43,3,6901.75,20705.25
6844,1844,44,4,7039.00,28156.00
6845,1845,45,1,7176.25,7176.25
6846,1846,46,2,7313.50,14627.00
6847,1847,47,3,7450.75,22352.25
6848,1848,48,4,7588.00,30352.00
6849,1849,49,1,7725.25,7725.25
6850,1850,50,2,7862.50,15725.00
6851,1851,51,3,7999.75,23999.25
6852,1852,52,4,8137.00,32548.00
6853,1853,53,1,8274.25,8274.25
6854,1854,54,2,8411.50,16823.00
6855,1855,55,3,8548.75,25646.25
6856,1856,56,4,8686.00,34744.00
6857,1857,57,1,8823.25,8823.25
6858,1858,58,2,8960.50,17921.00
6859,1859,59,3,9097.75,27293.25
6860,1860,60,4,9235.00,36940.00
6861,1861,61,1,9372.25,9372.25
6862,1862,62,2,9509.50,19019.00
6863,1863,63,3,9646.75,28940.25
6864,1864,64,4,9784.00,39136.00
6865,1865,65,1,9921.25,9921.25
6866,1866,66,2,10058.50,20117.00
6867,1867,67,3,10195.75,30587.25
6868,1868,68,4,10333.00,41332.00
6869,1869,69,1,10470.25,10470.25
6870,1870,70,2,10607.50,21215.00
6871,1871,71,3,10744.75,32234.25
6872,1872,72,4,10882.00,43528.00
6873,1873,73,1,11019.25,11019.25
6874,1874,74,2,11156.50,22313.00
6875,1875,75,3,11293.75,33881.25
6876,1876,76,4,11431.00,45724.00
6877,1877,77,1,11568.25,11568.25
6878,1878,78,2,11705.50,23411.00
6879,1879,79,3,11842.75,35528.25
6880,1880,80,4,11980.00,47920.00
6881,1881,81,1,12117.25,12117.25
6882,1882,82,2,12254.50,24509.00
6883,1883,83,3,12391.75,37175.25
6884,1884,84,4,12529.00,50116.00
6885,1885,85,1,12666.25,12666.25
6886,1886,86,2,12803.50,25607.00
6887,1887,87,3,12940.75,38822.25
6888,1888,88,4,13078.00,52312.00
6889,1889,89,1,13215.25,13215.25
6890,1890,90,2,13352.50,26705.00
6891,1891,91,3,13489.75,40469.25
6892,1892,92,4,13627.00,54508.00
6893,1893,93,1,13764.25,13764.25
6894,1894,94,2,13901.50,27803.00
6895,1895,95,3,14038.75,42116.25
6896,1896,96,4,14176.00,56704.00
6897,1897,97,1,14313.25,14313.25
6898,1898,98,2,14450.50,28901.00
6899,1899,99,3,14587.75,43763.25
6900,1900,100,4,14725.00,58900.00
6901,1901,1,1,1137.25,1137.25
6902,1902,2,2,1274.50,2549.00
6903,1903,3,3,1411.75,4235.25
6904,1904,4,4,1549.00,6196.00
6905,1905,5,1,1686.25,1686.25
6906,1906,6,2,1823.50,3647.00
6907,1907,7,3,1960.75,5882.25
6908,1908,8,4,2098.00,8392.00
6909,1909,9,1,2235.25,2235.25
6910,1910,10,2,2372.50,4745.00
6911,1911,11,3,2509.75,7529.25
6912,1912,12,4,2647.00,10588.00
6913,1913,13,1,2784.25,2784.25
6914,1914,14,2,2921.50,5843.00
6915,1915,15,3,3058.75,9176.25
6916,1916,16,4,3196.00,12784.00
6917,1917,17,1,3333.25,3333.25
6918,1918,18,2,3470.50,6941.00
6919,1919,19,3,3607.75,10823.25
6920,1920,20,4,3745.00,14980.00
6921,1921,21,1,3882.25,3882.25
6922,1922,22,2,4019.50,8039.00
6923,1923,23,3,4156.75,12470.25
6924,1924,24,4,4294.00,17176.00
6925,1925,25,1,4431.25,4431.25
6926,1926,26,2,4568.50,9137.00
6927,1927,27,3,4705.75,14117.25
6928,1928,28,4,4843.00,19372.00
6929,1929,29,1,4980.25,4980.25
6930,1930,30,2,5117.50,10235.00
6931,1931,31,3,5254.75,15764.25
6932,1932,32,4,5392.00,21568.00
6933,1933,33,1,5529.25,5529.25
6934,1934,34,2,5666.50,11333.00
6935,1935,35,3,5803.75,17411.25
6936,1936,36,4,5941.00,23764.00
6937,1937,37,1,6078.25,6078.25
6938,1938,38,2,6215.50,12431.00
6939,1939,39,3,6352.75,19058.25
6940,1940,40,4,6490.00,25960.00
6941,1941,41,1,6627.25,6627.25
6942,1942,42,2,6764.50,13529.00
6943,1943,43,3,6901.75,20705.25
6944,1944,44,4,7039.00,28156.00
6945,1945,45,1,7176.25,7176.25
6946,1946,46,2,7313.50,14627.00
6947,1947,47,3,7450.75,22352.25
6948,1948,48,4,7588.00,30352.00
6949,1949,49,1,7725.25,7725.25
6950,1950,50,2,7862.50,15725.00
6951,1951,51,3,7999.75,23999.25
6952,1952,52,4,8137.00,32548.00
6953,1953,53,1,8274.25,8274.25
6954,1954,54,2,8411.50,16823.00
6955,1955,55,3,8548.75,25646.25
6956,1956,56,4,8686.00,34744.00
6957,1957,57,1,8823.25,8823.25
6958,1958,58,2,8960.50,17921.00
6959,1959,59,3,9097.75,27293.25
6960,1960,60,4,9235.00,36940.00
6961,1961,61,1,9372.25,9372.25
6962,1962,62,2,9509.50,19019.00
6963,1963,63,3,9646.75,28940.25
6964,1964,64,4,9784.00,39136.00
6965,1965,65,1,9921.25,9921.25
6966,1966,66,2,10058.50,20117.00
6967,1967,67,3,10195.75,30587.25
6968,1968,68,4,10333.00,41332.00
6969,1969,69,1,10470.25,10470.25
6970,1970,70,2,10607.50,21215.00
6971,1971,71,3,10744.75,32234.25
6972,1972,72,4,10882.00,43528.00
6973,1973,73,1,11019.25,11019.25
6974,1974,74,2,11156.50,22313.00
6975,1975,75,3,11293.75,33881.25
6976,1976,76,4,11431.00,45724.00
6977,1977,77,1,11568.25,11568.25
6978,1978,78,2,11705.50,23411.00
6979,1979,79,3,11842.75,35528.25
6980,1980,80,4,11980.00,47920.00
6981,1981,81,1,12117.25,12117.25
6982,1982,82,2,12254.50,24509.00
6983,1983,83,3,12391.75,37175.25
6984,1984,84,4,12529.00,50116.00
6985,1985,85,1,12666.25,12666.25
6986,1986,86,2,12803.50,25607.00
6987,1987,87,3,12940.75,38822.25
6988,1988,88,4,13078.00,52312.00
6989,1989,89,1,13215.25,13215.25
6990,1990,90,2,13352.50,26705.00
6991,1991,91,3,13489.75,40469.25
6992,1992,92,4,13627.00,54508.00
6993,1993,93,1,13764.25,13764.25
6994,1994,94,2,13901.50,27803.00
6995,1995,95,3,14038.75,42116.25
6996,1996,96,4,14176.00,56704.00
6997,1997,97,1,14313.25,14313.25
6998,1998,98,2,14450.50,28901.00
6999,1999,99,3,14587.75,43763.25
7000,2000,100,4,14725.00,58900.00
7001,2001,1,1,1137.25,1137.25
7002,2002,2,2,1274.50,2549.00
7003,2003,3,3,1411.75,4235.25
7004,2004,4,4,1549.00,6196.00
7005,2005,5,1,1686.25,1686.25
7006,2006,6,2,1823.50,3647.00
7007,2007,7,3,1960.75,5882.25
7008,2008,8,4,2098.00,8392.00
7009,2009,9,1,2235.25,2235.25
7010,2010,10,2,2372.50,4745.00
7011,2011,11,3,2509.75,7529.25
7012,2012,12,4,2647.00,10588.00
7013,2013,13,1,2784.25,2784.25
7014,2014,14,2,2921.50,5843.00
7015,2015,15,3,3058.75,9176.25
7016,2016,16,4,3196.00,12784.00
7017,2017,17,1,3333.25,3333.25
7018,2018,18,2,3470.50,6941.00
7019,2019,19,3,3607.75,10823.25
7020,2020,20,4,3745.00,14980.00
7021,2021,21,1,3882.25,3882.25
7022,2022,22,2,4019.50,8039.00
7023,2023,23,3,4156.75,12470.25
7024,2024,24,4,4294.00,17176.00
7025,2025,25,1,4431.25,4431.25
7026,2026,26,2,4568.50,9137.00
7027,2027,27,3,4705.75,14117.25
7028,2028,28,4,4843.00,19372.00
7029,2029,29,1,4980.25,4980.25
7030,2030,30,2,5117.50,10235.00
7031,2031,31,3,5254.75,15764.25
7032,2032,32,4,5392.00,21568.00
7033,2033,33,1,5529.25,5529.25
7034,2034,34,2,5666.50,11333.00
7035,2035,35,3,5803.75,17411.25
7036,2036,36,4,5941.00,23764.00
7037,2037,37,1,6078.25,6078.25
7038,2038,38,2,6215.50,12431.00
7039,2039,39,3,6352.75,19058.25
7040,2040,40,4,6490.00,25960.00
7041,2041,41,1,6627.25,6627.25
7042,2042,42,2,6764.50,13529.00
7043,2043,43,3,6901.75,20705.25
7044,2044,44,4,7039.00,28156.00
7045,2045,45,1,7176.25,7176.25
7046,2046,46,2,7313.50,14627.00
7047,2047,47,3,7450.75,22352.25
7048,2048,48,4,7588.00,30352.00
7049,2049,49,1,7725.25,7725.25
7050,2050,50,2,7862.50,15725.00
7051,2051,51,3,7999.75,23999.25
7052,2052,52,4,8137.00,32548.00
7053,2053,53,1,8274.25,8274.25
7054,2054,54,2,8411.50,16823.00
7055,2055,55,3,8548.75,25646.25
7056,2056,56,4,8686.00,34744.00
7057,2057,57,1,8823.25,8823.25
7058,2058,58,2,8960.50,17921.00
7059,2059,59,3,9097.75,27293.25
7060,2060,60,4,9235.00,36940.00
7061,2061,61,1,9372.25,9372.25
7062,2062,62,2,9509.50,19019.00
7063,2063,63,3,9646.75,28940.25
7064,2064,64,4,9784.00,39136.00
7065,2065,65,1,9921.25,9921.25
7066,2066,66,2,10058.50,20117.00
7067,2067,67,3,10195.75,30587.25
7068,2068,68,4,10333.00,41332.00
7069,2069,69,1,10470.25,10470.25
7070,2070,70,2,10607.50,21215.00
7071,2071,71,3,10744.75,32234.25
7072,2072,72,4,10882.00,43528.00
7073,2073,73,1,11019.25,11019.25
7074,2074,74,2,11156.50,22313.00
7075,2075,75,3,11293.75,33881.25
7076,2076,76,4,11431.00,45724.00
7077,2077,77,1,11568.25,11568.25
7078,2078,78,2,11705.50,23411.00
7079,2079,79,3,11842.75,35528.25
7080,2080,80,4,11980.00,47920.00
7081,2081,81,1,12117.25,12117.25
7082,2082,82,2,12254.50,24509.00
7083,2083,83,3,12391.75,37175.25
7084,2084,84,4,12529.00,50116.00
7085,2085,85,1,12666.25,12666.25
7086,2086,86,2,12803.50,25607.00
7087,2087,87,3,12940.75,38822.25
7088,2088,88,4,13078.00,52312.00
7089,2089,89,1,13215.25,13215.25
7090,2090,90,2,13352.50,26705.00
7091,2091,91,3,13489.75,40469.25
7092,2092,92,4,13627.00,54508.00
7093,2093,93,1,13764.25,13764.25
7094,2094,94,2,13901.50,27803.00
7095,2095,95,3,14038.75,42116.25
7096,2096,96,4,14176.00,56704.00
7097,2097,97,1,14313.25,14313.25
7098,2098,98,2,14450.50,28901.00
7099,2099,99,3,14587.75,43763.25
7100,2100,100,4,14725.00,58900.00
7101,2101,1,1,1137.25,1137.25
7102,2102,2,2,1274.50,2549.00
7103,2103,3,3,1411.75,4235.25
7104,2104,4,4,1549.00,6196.00
7105,2105,5,1,1686.25,1686.25
7106,2106,6,2,1823.50,3647.00
7107,2107,7,3,1960.75,5882.25
7108,2108,8,4,2098.00,8392.00
7109,2109,9,1,2235.25,2235.25
7110,2110,10,2,2372.50,4745.00
7111,2111,11,3,2509.75,7529.25
7112,2112,12,4,2647.00,10588.00
7113,2113,13,1,2784.25,2784.25
7114,2114,14,2,2921.50,5843.00
7115,2115,15,3,3058.75,9176.25
7116,2116,16,4,3196.00,12784.00
7117,2117,17,1,3333.25,3333.25
7118,2118,18,2,3470.50,6941.00
7119,2119,19,3,3607.75,10823.25
7120,2120,20,4,3745.00,14980.00
7121,2121,21,1,3882.25,3882.25
7122,2122,22,2,4019.50,8039.00
7123,2123,23,3,4156.75,12470.25
7124,2124,24,4,4294.00,17176.00
7125,2125,25,1,4431.25,4431.25
7126,2126,26,2,4568.50,9137.00
7127,2127,27,3,4705.75,14117.25
7128,2128,28,4,4843.00,19372.00
7129,2129,29,1,4980.25,4980.25
7130,2130,30,2,5117.50,10235.00
7131,2131,31,3,5254.75,15764.25
7132,2132,32,4,5392.00,21568.00
7133,2133,33,1,5529.25,5529.25
7134,2134,34,2,5666.50,11333.00
7135,2135,35,3,5803.75,17411.25
7136,2136,36,4,5941.00,23764.00
7137,2137,37,1,6078.25,6078.25
7138,2138,38,2,6215.50,12431.00
7139,2139,39,3,6352.75,19058.25
7140,2140,40,4,6490.00,25960.00
7141,2141,41,1,6627.25,6627.25
7142,2142,42,2,6764.50,13529.00
7143,2143,43,3,6901.75,20705.25
7144,2144,44,4,7039.00,28156.00
7145,2145,45,1,7176.25,7176.25
7146,2146,46,2,7313.50,14627.00
7147,2147,47,3,7450.75,22352.25
7148,2148,48,4,7588.00,30352.00
7149,2149,49,1,7725.25,7725.25
7150,2150,50,2,7862.50,15725.00
7151,2151,51,3,7999.75,23999.25
7152,2152,52,4,8137.00,32548.00
7153,2153,53,1,8274.25,8274.25
7154,2154,54,2,8411.50,16823.00
7155,2155,55,3,8548.75,25646.25
7156,2156,56,4,8686.00,34744.00
7157,2157,57,1,8823.25,8823.25
7158,2158,58,2,8960.50,17921.00
7159,2159,59,3,9097.75,27293.25
7160,2160,60,4,9235.00,36940.00
7161,2161,61,1,9372.25,9372.25
7162,2162,62,2,9509.50,19019.00
7163,2163,63,3,9646.75,28940.25
7164,2164,64,4,9784.00,39136.00
7165,2165,65,1,9921.25,9921.25
7166,2166,66,2,10058.50,20117.00
7167,2167,67,3,10195.75,30587.25
7168,2168,68,4,10333.00,41332.00
7169,2169,69,1,10470.25,10470.25
7170,2170,70,2,10607.50,21215.00
7171,2171,71,3,10744.75,32234.25
7172,2172,72,4,10882.00,43528.00
7173,2173,73,1,11019.25,11019.25
7174,2174,74,2,11156.50,22313.00
7175,2175,75,3,11293.75,33881.25
7176,2176,76,4,11431.00,45724.00
7177,2177,77,1,11568.25,11568.25
7178,2178,78,2,11705.50,23411.00
7179,2179,79,3,11842.75,35528.25
7180,2180,80,4,11980.00,47920.00
7181,2181,81,1,12117.25,12117.25
7182,2182,82,2,12254.50,24509.00
7183,2183,83,3,12391.75,37175.25
7184,2184,84,4,12529.00,50116.00
7185,2185,85,1,12666.25,12666.25
7186,2186,86,2,12803.50,25607.00
7187,2187,87,3,12940.75,38822.25
7188,2188,88,4,13078.00,52312.00
7189,2189,89,1,13215.25,13215.25
7190,2190,90,2,13352.50,26705.00
7191,2191,91,3,13489.75,40469.25
7192,2192,92,4,13627.00,54508.00
7193,2193,93,1,13764.25,13764.25
7194,2194,94,2,13901.50,27803.00
7195,2195,95,3,14038.75,42116.25
7196,2196,96,4,14176.00,56704.00
7197,2197,97,1,14313.25,14313.25
7198,2198,98,2,14450.50,28901.00
7199,2199,99,3,14587.75,43763.25
7200,2200,100,4,14725.00,58900.00
7201,2201,1,1,1137.25,1137.25
7202,2202,2,2,1274.50,2549.00
7203,2203,3,3,1411.75,4235.25
7204,2204,4,4,1549.00,6196.00
7205,2205,5,1,1686.25,1686.25
7206,2206,6,2,1823.50,3647.00
7207,2207,7,3,1960.75,5882.25
7208,2208,8,4,2098.00,8392.00
7209,2209,9,1,2235.25,2235.25
7210,2210,10,2,2372.50,4745.00
7211,2211,11,3,2509.75,7529.25
7212,2212,12,4,2647.00,10588.00
7213,2213,13,1,2784.25,2784.25
7214,2214,14,2,2921.50,5843.00
7215,2215,15,3,3058.75,9176.25
7216,2216,16,4,3196.00,12784.00
7217,2217,17,1,3333.25,3333.25
7218,2218,18,2,3470.50,6941.00
7219,2219,19,3,3607.75,10823.25
7220,2220,20,4,3745.00,14980.00
7221,2221,21,1,3882.25,3882.25
7222,2222,22,2,4019.50,8039.00
7223,2223,23,3,4156.75,12470.25
7224,2224,24,4,4294.00,17176.00
7225,2225,25,1,4431.25,4431.25
7226,2226,26,2,4568.50,9137.00
7227,2227,27,3,4705.75,14117.25
7228,2228,28,4,4843.00,19372.00
7229,2229,29,1,4980.25,4980.25
7230,2230,30,2,5117.50,10235.00
7231,2231,31,3,5254.75,15764.25
7232,2232,32,4,5392.00,21568.00
7233,2233,33,1,5529.25,5529.25
7234,2234,34,2,5666.50,11333.00
7235,2235,35,3,5803.75,17411.25
7236,2236,36,4,5941.00,23764.00
7237,2237,37,1,6078.25,6078.25
7238,2238,38,2,6215.50,12431.00
7239,2239,39,3,6352.75,19058.25
7240,2240,40,4,6490.00,25960.00
7241,2241,41,1,6627.25,6627.25
7242,2242,42,2,6764.50,13529.00
7243,2243,43,3,6901.75,20705.25
7244,2244,44,4,7039.00,28156.00
7245,2245,45,1,7176.25,7176.25
7246,2246,46,2,7313.50,14627.00
7247,2247,47,3,7450.75,22352.25
7248,2248,48,4,7588.00,30352.00
7249,2249,49,1,7725.25,7725.25
7250,2250,50,2,7862.50,15725.00
7251,2251,51,3,7999.75,23999.25
7252,2252,52,4,8137.00,32548.00
7253,2253,53,1,8274.25,8274.25
7254,2254,54,2,8411.50,16823.00
7255,2255,55,3,8548.75,25646.25
7256,2256,56,4,8686.00,34744.00
7257,2257,57,1,8823.25,8823.25
7258,2258,58,2,8960.50,17921.00
7259,2259,59,3,9097.75,27293.25
7260,2260,60,4,9235.00,36940.00
7261,2261,61,1,9372.25,9372.25
7262,2262,62,2,9509.50,19019.00
7263,2263,63,3,9646.75,28940.25
7264,2264,64,4,9784.00,39136.00
7265,2265,65,1,9921.25,9921.25
7266,2266,66,2,10058.50,20117.00
7267,2267,67,3,10195.75,30587.25
7268,2268,68,4,10333.00,41332.00
7269,2269,69,1,10470.25,10470.25
7270,2270,70,2,10607.50,21215.00
7271,2271,71,3,10744.75,32234.25
7272,2272,72,4,10882.00,43528.00
7273,2273,73,1,11019.25,11019.25
7274,2274,74,2,11156.50,22313.00
7275,2275,75,3,11293.75,33881.25
7276,2276,76,4,11431.00,45724.00
7277,2277,77,1,11568.25,11568.25
7278,2278,78,2,11705.50,23411.00
7279,2279,79,3,11842.75,35528.25
7280,2280,80,4,11980.00,47920.00
7281,2281,81,1,12117.25,12117.25
7282,2282,82,2,12254.50,24509.00
7283,2283,83,3,12391.75,37175.25
7284,2284,84,4,12529.00,50116.00
7285,2285,85,1,12666.25,12666.25
7286,2286,86,2,12803.50,25607.00
7287,2287,87,3,12940.75,38822.25
7288,2288,88,4,13078.00,52312.00
7289,2289,89,1,13215.25,13215.25
7290,2290,90,2,13352.50,26705.00
7291,2291,91,3,13489.75,40469.25
7292,2292,92,4,13627.00,54508.00
7293,2293,93,1,13764.25,13764.25
7294,2294,94,2,13901.50,27803.00
7295,2295,95,3,14038.75,42116.25
7296,2296,96,4,14176.00,56704.00
7297,2297,97,1,14313.25,14313.25
7298,2298,98,2,14450.50,28901.00
7299,2299,99,3,14587.75,43763.25
7300,2300,100,4,14725.00,58900.00
7301,2301,1,1,1137.25,1137.25
7302,2302,2,2,1274.50,2549.00
7303,2303,3,3,1411.75,4235.25
7304,2304,4,4,1549.00,6196.00
7305,2305,5,1,1686.25,1686.25
7306,2306,6,2,1823.50,3647.00
7307,2307,7,3,1960.75,5882.25
7308,2308,8,4,2098.00,8392.00
7309,2309,9,1,2235.25,2235.25
7310,2310,10,2,2372.50,4745.00
7311,2311,11,3,2509.75,7529.25
7312,2312,12,4,2647.00,10588.00
7313,2313,13,1,2784.25,2784.25
7314,2314,14,2,2921.50,5843.00
7315,2315,15,3,3058.75,9176.25
7316,2316,16,4,3196.00,12784.00
7317,2317,17,1,3333.25,3333.25
7318,2318,18,2,3470.50,6941.00
7319,2319,19,3,3607.75,10823.25
7320,2320,20,4,3745.00,14980.00
7321,2321,21,1,3882.25,3882.25
7322,2322,22,2,4019.50,8039.00
7323,2323,23,3,4156.75,12470.25
7324,2324,24,4,4294.00,17176.00
7325,2325,25,1,4431.25,4431.25
7326,2326,26,2,4568.50,9137.00
7327,2327,27,3,4705.75,14117.25
7328,2328,28,4,4843.00,19372.00
7329,2329,29,1,4980.25,4980.25
7330,2330,30,2,5117.50,10235.00
7331,2331,31,3,5254.75,15764.25
7332,2332,32,4,5392.00,21568.00
7333,2333,33,1,5529.25,5529.25
7334,2334,34,2,5666.50,11333.00
7335,2335,35,3,5803.75,17411.25
7336,2336,36,4,5941.00,23764.00
7337,2337,37,1,6078.25,6078.25
7338,2338,38,2,6215.50,12431.00
7339,2339,39,3,6352.75,19058.25
7340,2340,40,4,6490.00,25960.00
7341,2341,41,1,6627.25,6627.25
7342,2342,42,2,6764.50,13529.00
7343,2343,43,3,6901.75,20705.25
7344,2344,44,4,7039.00,28156.00
7345,2345,45,1,7176.25,7176.25
7346,2346,46,2,7313.50,14627.00
7347,2347,47,3,7450.75,22352.25
7348,2348,48,4,7588.00,30352.00
7349,2349,49,1,7725.25,7725.25
7350,2350,50,2,7862.50,15725.00
7351,2351,51,3,7999.75,23999.25
7352,2352,52,4,8137.00,32548.00
7353,2353,53,1,8274.25,8274.25
7354,2354,54,2,8411.50,16823.00
7355,2355,55,3,8548.75,25646.25
7356,2356,56,4,8686.00,34744.00
7357,2357,57,1,8823.25,8823.25
7358,2358,58,2,8960.50,17921.00
7359,2359,59,3,9097.75,27293.25
7360,2360,60,4,9235.00,36940.00
7361,2361,61,1,9372.25,9372.25
7362,2362,62,2,9509.50,19019.00
7363,2363,63,3,9646.75,28940.25
7364,2364,64,4,9784.00,39136.00
7365,2365,65,1,9921.25,9921.25
7366,2366,66,2,10058.50,20117.00
7367,2367,67,3,10195.75,30587.25
7368,2368,68,4,10333.00,41332.00
7369,2369,69,1,10470.25,10470.25
7370,2370,70,2,10607.50,21215.00
7371,2371,71,3,10744.75,32234.25
7372,2372,72,4,10882.00,43528.00
7373,2373,73,1,11019.25,11019.25
7374,2374,74,2,11156.50,22313.00
7375,2375,75,3,11293.75,33881.25
7376,2376,76,4,11431.00,45724.00
7377,2377,77,1,11568.25,11568.25
7378,2378,78,2,11705.50,23411.00
7379,2379,79,3,11842.75,35528.25
7380,2380,80,4,11980.00,47920.00
7381,2381,81,1,12117.25,12117.25
7382,2382,82,2,12254.50,24509.00
7383,2383,83,3,12391.75,37175.25
7384,2384,84,4,12529.00,50116.00
7385,2385,85,1,12666.25,12666.25
7386,2386,86,2,12803.50,25607.00
7387,2387,87,3,12940.75,38822.25
7388,2388,88,4,13078.00,52312.00
7389,2389,89,1,13215.25,13215.25
7390,2390,90,2,13352.50,26705.00
7391,2391,91,3,13489.75,40469.25
7392,2392,92,4,13627.00,54508.00
7393,2393,93,1,13764.25,13764.25
7394,2394,94,2,13901.50,27803.00
7395,2395,95,3,14038.75,42116.25
7396,2396,96,4,14176.00,56704.00
7397,2397,97,1,14313.25,14313.25
7398,2398,98,2,14450.50,28901.00
7399,2399,99,3,14587.75,43763.25
7400,2400,100,4,14725.00,58900.00
7401,2401,1,1,1137.25,1137.25
7402,2402,2,2,1274.50,2549.00
7403,2403,3,3,1411.75,4235.25
7404,2404,4,4,1549.00,6196.00
7405,2405,5,1,1686.25,1686.25
7406,2406,6,2,1823.50,3647.00
7407,2407,7,3,1960.75,5882.25
7408,2408,8,4,2098.00,8392.00
7409,2409,9,1,2235.25,2235.25
7410,2410,10,2,2372.50,4745.00
7411,2411,11,3,2509.75,7529.25
7412,2412,12,4,2647.00,10588.00
7413,2413,13,1,2784.25,2784.25
7414,2414,14,2,2921.50,5843.00
7415,2415,15,3,3058.75,9176.25
7416,2416,16,4,3196.00,12784.00
7417,2417,17,1,3333.25,3333.25
7418,2418,18,2,3470.50,6941.00
7419,2419,19,3,3607.75,10823.25
7420,2420,20,4,3745.00,14980.00
7421,2421,21,1,3882.25,3882.25
7422,2422,22,2,4019.50,8039.00
7423,2423,23,3,4156.75,12470.25
7424,2424,24,4,4294.00,17176.00
7425,2425,25,1,4431.25,4431.25
7426,2426,26,2,4568.50,9137.00
7427,2427,27,3,4705.75,14117.25
7428,2428,28,4,4843.00,19372.00
7429,2429,29,1,4980.25,4980.25
7430,2430,30,2,5117.50,10235.00
7431,2431,31,3,5254.75,15764.25
7432,2432,32,4,5392.00,21568.00
7433,2433,33,1,5529.25,5529.25
7434,2434,34,2,5666.50,11333.00
7435,2435,35,3,5803.75,17411.25
7436,2436,36,4,5941.00,23764.00
7437,2437,37,1,6078.25,6078.25
7438,2438,38,2,6215.50,12431.00
7439,2439,39,3,6352.75,19058.25
7440,2440,40,4,6490.00,25960.00
7441,2441,41,1,6627.25,6627.25
7442,2442,42,2,6764.50,13529.00
7443,2443,43,3,6901.75,20705.25
7444,2444,44,4,7039.00,28156.00
7445,2445,45,1,7176.25,7176.25
7446,2446,46,2,7313.50,14627.00
7447,2447,47,3,7450.75,22352.25
7448,2448,48,4,7588.00,30352.00
7449,2449,49,1,7725.25,7725.25
7450,2450,50,2,7862.50,15725.00
7451,2451,51,3,7999.75,23999.25
7452,2452,52,4,8137.00,32548.00
7453,2453,53,1,8274.25,8274.25
7454,2454,54,2,8411.50,16823.00
7455,2455,55,3,8548.75,25646.25
7456,2456,56,4,8686.00,34744.00
7457,2457,57,1,8823.25,8823.25
7458,2458,58,2,8960.50,17921.00
7459,2459,59,3,9097.75,27293.25
7460,2460,60,4,9235.00,36940.00
7461,2461,61,1,9372.25,9372.25
7462,2462,62,2,9509.50,19019.00
7463,2463,63,3,9646.75,28940.25
7464,2464,64,4,9784.00,39136.00
7465,2465,65,1,9921.25,9921.25
7466,2466,66,2,10058.50,20117.00
7467,2467,67,3,10195.75,30587.25
7468,2468,68,4,10333.00,41332.00
7469,2469,69,1,10470.25,10470.25
7470,2470,70,2,10607.50,21215.00
7471,2471,71,3,10744.75,32234.25
7472,2472,72,4,10882.00,43528.00
7473,2473,73,1,11019.25,11019.25
7474,2474,74,2,11156.50,22313.00
7475,2475,75,3,11293.75,33881.25
7476,2476,76,4,11431.00,45724.00
7477,2477,77,1,11568.25,11568.25
7478,2478,78,2,11705.50,23411.00
7479,2479,79,3,11842.75,35528.25
7480,2480,80,4,11980.00,47920.00
7481,2481,81,1,12117.25,12117.25
7482,2482,82,2,12254.50,24509.00
7483,2483,83,3,12391.75,37175.25
7484,2484,84,4,12529.00,50116.00
7485,2485,85,1,12666.25,12666.25
7486,2486,86,2,12803.50,25607.00
7487,2487,87,3,12940.75,38822.25
7488,2488,88,4,13078.00,52312.00
7489,2489,89,1,13215.25,13215.25
7490,2490,90,2,13352.50,26705.00
7491,2491,91,3,13489.75,40469.25
7492,2492,92,4,13627.00,54508.00
7493,2493,93,1,13764.25,13764.25
7494,2494,94,2,13901.50,27803.00
7495,2495,95,3,14038.75,42116.25
7496,2496,96,4,14176.00,56704.00
7497,2497,97,1,14313.25,14313.25
7498,2498,98,2,14450.50,28901.00
7499,2499,99,3,14587.75,43763.25
7500,2500,100,4,14725.00,58900.00
7501,2501,1,1,1137.25,1137.25
7502,2502,2,2,1274.50,2549.00
7503,2503,3,3,1411.75,4235.25
7504,2504,4,4,1549.00,6196.00
7505,2505,5,1,1686.25,1686.25
7506,2506,6,2,1823.50,3647.00
7507,2507,7,3,1960.75,5882.25
7508,2508,8,4,2098.00,8392.00
7509,2509,9,1,2235.25,2235.25
7510,2510,10,2,2372.50,4745.00
7511,2511,11,3,2509.75,7529.25
7512,2512,12,4,2647.00,10588.00
7513,2513,13,1,2784.25,2784.25
7514,2514,14,2,2921.50,5843.00
7515,2515,15,3,3058.75,9176.25
7516,2516,16,4,3196.00,12784.00
7517,2517,17,1,3333.25,3333.25
7518,2518,18,2,3470.50,6941.00
7519,2519,19,3,3607.75,10823.25
7520,2520,20,4,3745.00,14980.00
7521,2521,21,1,3882.25,3882.25
7522,2522,22,2,4019.50,8039.00
7523,2523,23,3,4156.75,12470.25
7524,2524,24,4,4294.00,17176.00
7525,2525,25,1,4431.25,4431.25
7526,2526,26,2,4568.50,9137.00
7527,2527,27,3,4705.75,14117.25
7528,2528,28,4,4843.00,19372.00
7529,2529,29,1,4980.25,4980.25
7530,2530,30,2,5117.50,10235.00
7531,2531,31,3,5254.75,15764.25
7532,2532,32,4,5392.00,21568.00
7533,2533,33,1,5529.25,5529.25
7534,2534,34,2,5666.50,11333.00
7535,2535,35,3,5803.75,17411.25
7536,2536,36,4,5941.00,23764.00
7537,2537,37,1,6078.25,6078.25
7538,2538,38,2,6215.50,12431.00
7539,2539,39,3,6352.75,19058.25
7540,2540,40,4,6490.00,25960.00
7541,2541,41,1,6627.25,6627.25
7542,2542,42,2,6764.50,13529.00
7543,2543,43,3,6901.75,20705.25
7544,2544,44,4,7039.00,28156.00
7545,2545,45,1,7176.25,7176.25
7546,2546,46,2,7313.50,14627.00
7547,2547,47,3,7450.75,22352.25
7548,2548,48,4,7588.00,30352.00
7549,2549,49,1,7725.25,7725.25
7550,2550,50,2,7862.50,15725.00
7551,2551,51,3,7999.75,23999.25
7552,2552,52,4,8137.00,32548.00
7553,2553,53,1,8274.25,8274.25
7554,2554,54,2,8411.50,16823.00
7555,2555,55,3,8548.75,25646.25
7556,2556,56,4,8686.00,34744.00
7557,2557,57,1,8823.25,8823.25
7558,2558,58,2,8960.50,17921.00
7559,2559,59,3,9097.75,27293.25
7560,2560,60,4,9235.00,36940.00
7561,2561,61,1,9372.25,9372.25
7562,2562,62,2,9509.50,19019.00
7563,2563,63,3,9646.75,28940.25
7564,2564,64,4,9784.00,39136.00
7565,2565,65,1,9921.25,9921.25
7566,2566,66,2,10058.50,20117.00
7567,2567,67,3,10195.75,30587.25
7568,2568,68,4,10333.00,41332.00
7569,2569,69,1,10470.25,10470.25
7570,2570,70,2,10607.50,21215.00
7571,2571,71,3,10744.75,32234.25
7572,2572,72,4,10882.00,43528.00
7573,2573,73,1,11019.25,11019.25
7574,2574,74,2,11156.50,22313.00
7575,2575,75,3,11293.75,33881.25
7576,2576,76,4,11431.00,45724.00
7577,2577,77,1,11568.25,11568.25
7578,2578,78,2,11705.50,23411.00
7579,2579,79,3,11842.75,35528.25
7580,2580,80,4,11980.00,47920.00
7581,2581,81,1,12117.25,12117.25
7582,2582,82,2,12254.50,24509.00
7583,2583,83,3,12391.75,37175.25
7584,2584,84,4,12529.00,50116.00
7585,2585,85,1,12666.25,12666.25
7586,2586,86,2,12803.50,25607.00
7587,2587,87,3,12940.75,38822.25
7588,2588,88,4,13078.00,52312.00
7589,2589,89,1,13215.25,13215.25
7590,2590,90,2,13352.50,26705.00
7591,2591,91,3,13489.75,40469.25
7592,2592,92,4,13627.00,54508.00
7593,2593,93,1,13764.25,13764.25
7594,2594,94,2,13901.50,27803.00
7595,2595,95,3,14038.75,42116.25
7596,2596,96,4,14176.00,56704.00
7597,2597,97,1,14313.25,14313.25
7598,2598,98,2,14450.50,28901.00
7599,2599,99,3,14587.75,43763.25
7600,2600,100,4,14725.00,58900.00
7601,2601,1,1,1137.25,1137.25
7602,2602,2,2,1274.50,2549.00
7603,2603,3,3,1411.75,4235.25
7604,2604,4,4,1549.00,6196.00
7605,2605,5,1,1686.25,1686.25
7606,2606,6,2,1823.50,3647.00
7607,2607,7,3,1960.75,5882.25
7608,2608,8,4,2098.00,8392.00
7609,2609,9,1,2235.25,2235.25
7610,2610,10,2,2372.50,4745.00
7611,2611,11,3,2509.75,7529.25
7612,2612,12,4,2647.00,10588.00
7613,2613,13,1,2784.25,2784.25
7614,2614,14,2,2921.50,5843.00
7615,2615,15,3,3058.75,9176.25
7616,2616,16,4,3196.00,12784.00
7617,2617,17,1,3333.25,3333.25
7618,2618,18,2,3470.50,6941.00
7619,2619,19,3,3607.75,10823.25
7620,2620,20,4,3745.00,14980.00
7621,2621,21,1,3882.25,3882.25
7622,2622,22,2,4019.50,8039.00
7623,2623,23,3,4156.75,12470.25
7624,2624,24,4,4294.00,17176.00
7625,2625,25,1,4431.25,4431.25
7626,2626,26,2,4568.50,9137.00
7627,2627,27,3,4705.75,14117.25
7628,2628,28,4,4843.00,19372.00
7629,2629,29,1,4980.25,4980.25
7630,2630,30,2,5117.50,10235.00
7631,2631,31,3,5254.75,15764.25
7632,2632,32,4,5392.00,21568.00
7633,2633,33,1,5529.25,5529.25
7634,2634,34,2,5666.50,11333.00
7635,2635,35,3,5803.75,17411.25
7636,2636,36,4,5941.00,23764.00
7637,2637,37,1,6078.25,6078.25
7638,2638,38,2,6215.50,12431.00
7639,2639,39,3,6352.75,19058.25
7640,2640,40,4,6490.00,25960.00
7641,2641,41,1,6627.25,6627.25
7642,2642,42,2,6764.50,13529.00
7643,2643,43,3,6901.75,20705.25
7644,2644,44,4,7039.00,28156.00
7645,2645,45,1,7176.25,7176.25
7646,2646,46,2,7313.50,14627.00
7647,2647,47,3,7450.75,22352.25
7648,2648,48,4,7588.00,30352.00
7649,2649,49,1,7725.25,7725.25
7650,2650,50,2,7862.50,15725.00
7651,2651,51,3,7999.75,23999.25
7652,2652,52,4,8137.00,32548.00
7653,2653,53,1,8274.25,8274.25
7654,2654,54,2,8411.50,16823.00
7655,2655,55,3,8548.75,25646.25
7656,2656,56,4,8686.00,34744.00
7657,2657,57,1,8823.25,8823.25
7658,2658,58,2,8960.50,17921.00
7659,2659,59,3,9097.75,27293.25
7660,2660,60,4,9235.00,36940.00
7661,2661,61,1,9372.25,9372.25
7662,2662,62,2,9509.50,19019.00
7663,2663,63,3,9646.75,28940.25
7664,2664,64,4,9784.00,39136.00
7665,2665,65,1,9921.25,9921.25
7666,2666,66,2,10058.50,20117.00
7667,2667,67,3,10195.75,30587.25
7668,2668,68,4,10333.00,41332.00
7669,2669,69,1,10470.25,10470.25
7670,2670,70,2,10607.50,21215.00
7671,2671,71,3,10744.75,32234.25
7672,2672,72,4,10882.00,43528.00
7673,2673,73,1,11019.25,11019.25
7674,2674,74,2,11156.50,22313.00
7675,2675,75,3,11293.75,33881.25
7676,2676,76,4,11431.00,45724.00
7677,2677,77,1,11568.25,11568.25
7678,2678,78,2,11705.50,23411.00
7679,2679,79,3,11842.75,35528.25
7680,2680,80,4,11980.00,47920.00
7681,2681,81,1,12117.25,12117.25
7682,2682,82,2,12254.50,24509.00
7683,2683,83,3,12391.75,37175.25
7684,2684,84,4,12529.00,50116.00
7685,2685,85,1,12666.25,12666.25
7686,2686,86,2,12803.50,25607.00
7687,2687,87,3,12940.75,38822.25
7688,2688,88,4,13078.00,52312.00
7689,2689,89,1,13215.25,13215.25
7690,2690,90,2,13352.50,26705.00
7691,2691,91,3,13489.75,40469.25
7692,2692,92,4,13627.00,54508.00
7693,2693,93,1,13764.25,13764.25
7694,2694,94,2,13901.50,27803.00
7695,2695,95,3,14038.75,42116.25
7696,2696,96,4,14176.00,56704.00
7697,2697,97,1,14313.25,14313.25
7698,2698,98,2,14450.50,28901.00
7699,2699,99,3,14587.75,43763.25
7700,2700,100,4,14725.00,58900.00
7701,2701,1,1,1137.25,1137.25
7702,2702,2,2,1274.50,2549.00
7703,2703,3,3,1411.75,4235.25
7704,2704,4,4,1549.00,6196.00
7705,2705,5,1,1686.25,1686.25
7706,2706,6,2,1823.50,3647.00
7707,2707,7,3,1960.75,5882.25
7708,2708,8,4,2098.00,8392.00
7709,2709,9,1,2235.25,2235.25
7710,2710,10,2,2372.50,4745.00
7711,2711,11,3,2509.75,7529.25
7712,2712,12,4,2647.00,10588.00
7713,2713,13,1,2784.25,2784.25
7714,2714,14,2,2921.50,5843.00
7715,2715,15,3,3058.75,9176.25
7716,2716,16,4,3196.00,12784.00
7717,2717,17,1,3333.25,3333.25
7718,2718,18,2,3470.50,6941.00
7719,2719,19,3,3607.75,10823.25
7720,2720,20,4,3745.00,14980.00
7721,2721,21,1,3882.25,3882.25
7722,2722,22,2,4019.50,8039.00
7723,2723,23,3,4156.75,12470.25
7724,2724,24,4,4294.00,17176.00
7725,2725,25,1,4431.25,4431.25
7726,2726,26,2,4568.50,9137.00
7727,2727,27,3,4705.75,14117.25
7728,2728,28,4,4843.00,19372.00
7729,2729,29,1,4980.25,4980.25
7730,2730,30,2,5117.50,10235.00
7731,2731,31,3,5254.75,15764.25
7732,2732,32,4,5392.00,21568.00
7733,2733,33,1,5529.25,5529.25
7734,2734,34,2,5666.50,11333.00
7735,2735,35,3,5803.75,17411.25
7736,2736,36,4,5941.00,23764.00
7737,2737,37,1,6078.25,6078.25
7738,2738,38,2,6215.50,12431.00
7739,2739,39,3,6352.75,19058.25
7740,2740,40,4,6490.00,25960.00
7741,2741,41,1,6627.25,6627.25
7742,2742,42,2,6764.50,13529.00
7743,2743,43,3,6901.75,20705.25
7744,2744,44,4,7039.00,28156.00
7745,2745,45,1,7176.25,7176.25
7746,2746,46,2,7313.50,14627.00
7747,2747,47,3,7450.75,22352.25
7748,2748,48,4,7588.00,30352.00
7749,2749,49,1,7725.25,7725.25
7750,2750,50,2,7862.50,15725.00
7751,2751,51,3,7999.75,23999.25
7752,2752,52,4,8137.00,32548.00
7753,2753,53,1,8274.25,8274.25
7754,2754,54,2,8411.50,16823.00
7755,2755,55,3,8548.75,25646.25
7756,2756,56,4,8686.00,34744.00
7757,2757,57,1,8823.25,8823.25
7758,2758,58,2,8960.50,17921.00
7759,2759,59,3,9097.75,27293.25
7760,2760,60,4,9235.00,36940.00
7761,2761,61,1,9372.25,9372.25
7762,2762,62,2,9509.50,19019.00
7763,2763,63,3,9646.75,28940.25
7764,2764,64,4,9784.00,39136.00
7765,2765,65,1,9921.25,9921.25
7766,2766,66,2,10058.50,20117.00
7767,2767,67,3,10195.75,30587.25
7768,2768,68,4,10333.00,41332.00
7769,2769,69,1,10470.25,10470.25
7770,2770,70,2,10607.50,21215.00
7771,2771,71,3,10744.75,32234.25
7772,2772,72,4,10882.00,43528.00
7773,2773,73,1,11019.25,11019.25
7774,2774,74,2,11156.50,22313.00
7775,2775,75,3,11293.75,33881.25
7776,2776,76,4,11431.00,45724.00
7777,2777,77,1,11568.25,11568.25
7778,2778,78,2,11705.50,23411.00
7779,2779,79,3,11842.75,35528.25
7780,2780,80,4,11980.00,47920.00
7781,2781,81,1,12117.25,12117.25
7782,2782,82,2,12254.50,24509.00
7783,2783,83,3,12391.75,37175.25
7784,2784,84,4,12529.00,50116.00
7785,2785,85,1,12666.25,12666.25
7786,2786,86,2,12803.50,25607.00
7787,2787,87,3,12940.75,38822.25
7788,2788,88,4,13078.00,52312.00
7789,2789,89,1,13215.25,13215.25
7790,2790,90,2,13352.50,26705.00
7791,2791,91,3,13489.75,40469.25
7792,2792,92,4,13627.00,54508.00
7793,2793,93,1,13764.25,13764.25
7794,2794,94,2,13901.50,27803.00
7795,2795,95,3,14038.75,42116.25
7796,2796,96,4,14176.00,56704.00
7797,2797,97,1,14313.25,14313.25
7798,2798,98,2,14450.50,28901.00
7799,2799,99,3,14587.75,43763.25
7800,2800,100,4,14725.00,58900.00
7801,2801,1,1,1137.25,1137.25
7802,2802,2,2,1274.50,2549.00
7803,2803,3,3,1411.75,4235.25
7804,2804,4,4,1549.00,6196.00
7805,2805,5,1,1686.25,1686.25
7806,2806,6,2,1823.50,3647.00
7807,2807,7,3,1960.75,5882.25
7808,2808,8,4,2098.00,8392.00
7809,2809,9,1,2235.25,2235.25
7810,2810,10,2,2372.50,4745.00
7811,2811,11,3,2509.75,7529.25
7812,2812,12,4,2647.00,10588.00
7813,2813,13,1,2784.25,2784.25
7814,2814,14,2,2921.50,5843.00
7815,2815,15,3,3058.75,9176.25
7816,2816,16,4,3196.00,12784.00
7817,2817,17,1,3333.25,3333.25
7818,2818,18,2,3470.50,6941.00
7819,2819,19,3,3607.75,10823.25
7820,2820,20,4,3745.00,14980.00
7821,2821,21,1,3882.25,3882.25
7822,2822,22,2,4019.50,8039.00
7823,2823,23,3,4156.75,12470.25
7824,2824,24,4,4294.00,17176.00
7825,2825,25,1,4431.25,4431.25
7826,2826,26,2,4568.50,9137.00
7827,2827,27,3,4705.75,14117.25
7828,2828,28,4,4843.00,19372.00
7829,2829,29,1,4980.25,4980.25
7830,2830,30,2,5117.50,10235.00
7831,2831,31,3,5254.75,15764.25
7832,2832,32,4,5392.00,21568.00
7833,2833,33,1,5529.25,5529.25
7834,2834,34,2,5666.50,11333.00
7835,2835,35,3,5803.75,17411.25
7836,2836,36,4,5941.00,23764.00
7837,2837,37,1,6078.25,6078.25
7838,2838,38,2,6215.50,12431.00
7839,2839,39,3,6352.75,19058.25
7840,2840,40,4,6490.00,25960.00
7841,2841,41,1,6627.25,6627.25
7842,2842,42,2,6764.50,13529.00
7843,2843,43,3,6901.75,20705.25
7844,2844,44,4,7039.00,28156.00
7845,2845,45,1,7176.25,7176.25
7846,2846,46,2,7313.50,14627.00
7847,2847,47,3,7450.75,22352.25
7848,2848,48,4,7588.00,30352.00
7849,2849,49,1,7725.25,7725.25
7850,2850,50,2,7862.50,15725.00
7851,2851,51,3,7999.75,23999.25
7852,2852,52,4,8137.00,32548.00
7853,2853,53,1,8274.25,8274.25
7854,2854,54,2,8411.50,16823.00
7855,2855,55,3,8548.75,25646.25
7856,2856,56,4,8686.00,34744.00
7857,2857,57,1,8823.25,8823.25
7858,2858,58,2,8960.50,17921.00
7859,2859,59,3,9097.75,27293.25
7860,2860,60,4,9235.00,36940.00
7861,2861,61,1,9372.25,9372.25
7862,2862,62,2,9509.50,19019.00
7863,2863,63,3,9646.75,28940.25
7864,2864,64,4,9784.00,39136.00
7865,2865,65,1,9921.25,9921.25
7866,2866,66,2,10058.50,20117.00
7867,2867,67,3,10195.75,30587.25
7868,2868,68,4,10333.00,41332.00
7869,2869,69,1,10470.25,10470.25
7870,2870,70,2,10607.50,21215.00
7871,2871,71,3,10744.75,32234.25
7872,2872,72,4,10882.00,43528.00
7873,2873,73,1,11019.25,11019.25
7874,2874,74,2,11156.50,22313.00
7875,2875,75,3,11293.75,33881.25
7876,2876,76,4,11431.00,45724.00
7877,2877,77,1,11568.25,11568.25
7878,2878,78,2,11705.50,23411.00
7879,2879,79,3,11842.75,35528.25
7880,2880,80,4,11980.00,47920.00
7881,2881,81,1,12117.25,12117.25
7882,2882,82,2,12254.50,24509.00
7883,2883,83,3,12391.75,37175.25
7884,2884,84,4,12529.00,50116.00
7885,2885,85,1,12666.25,12666.25
7886,2886,86,2,12803.50,25607.00
7887,2887,87,3,12940.75,38822.25
7888,2888,88,4,13078.00,52312.00
7889,2889,89,1,13215.25,13215.25
7890,2890,90,2,13352.50,26705.00
7891,2891,91,3,13489.75,40469.25
7892,2892,92,4,13627.00,54508.00
7893,2893,93,1,13764.25,13764.25
7894,2894,94,2,13901.50,27803.00
7895,2895,95,3,14038.75,42116.25
7896,2896,96,4,14176.00,56704.00
7897,2897,97,1,14313.25,14313.25
7898,2898,98,2,14450.50,28901.00
7899,2899,99,3,14587.75,43763.25
7900,2900,100,4,14725.00,58900.00
7901,2901,1,1,1137.25,1137.25
7902,2902,2,2,1274.50,2549.00
7903,2903,3,3,1411.75,4235.25
7904,2904,4,4,1549.00,6196.00
7905,2905,5,1,1686.25,1686.25
7906,2906,6,2,1823.50,3647.00
7907,2907,7,3,1960.75,5882.25
7908,2908,8,4,2098.00,8392.00
7909,2909,9,1,2235.25,2235.25
7910,2910,10,2,2372.50,4745.00
7911,2911,11,3,2509.75,7529.25
7912,2912,12,4,2647.00,10588.00
7913,2913,13,1,2784.25,2784.25
7914,2914,14,2,2921.50,5843.00
7915,2915,15,3,3058.75,9176.25
7916,2916,16,4,3196.00,12784.00
7917,2917,17,1,3333.25,3333.25
7918,2918,18,2,3470.50,6941.00
7919,2919,19,3,3607.75,10823.25
7920,2920,20,4,3745.00,14980.00
7921,2921,21,1,3882.25,3882.25
7922,2922,22,2,4019.50,8039.00
7923,2923,23,3,4156.75,12470.25
7924,2924,24,4,4294.00,17176.00
7925,2925,25,1,4431.25,4431.25
7926,2926,26,2,4568.50,9137.00
7927,2927,27,3,4705.75,14117.25
7928,2928,28,4,4843.00,19372.00
7929,2929,29,1,4980.25,4980.25
7930,2930,30,2,5117.50,10235.00
7931,2931,31,3,5254.75,15764.25
7932,2932,32,4,5392.00,21568.00
7933,2933,33,1,5529.25,5529.25
7934,2934,34,2,5666.50,11333.00
7935,2935,35,3,5803.75,17411.25
7936,2936,36,4,5941.00,23764.00
7937,2937,37,1,6078.25,6078.25
7938,2938,38,2,6215.50,12431.00
7939,2939,39,3,6352.75,19058.25
7940,2940,40,4,6490.00,25960.00
7941,2941,41,1,6627.25,6627.25
7942,2942,42,2,6764.50,13529.00
7943,2943,43,3,6901.75,20705.25
7944,2944,44,4,7039.00,28156.00
7945,2945,45,1,7176.25,7176.25
7946,2946,46,2,7313.50,14627.00
7947,2947,47,3,7450.75,22352.25
7948,2948,48,4,7588.00,30352.00
7949,2949,49,1,7725.25,7725.25
7950,2950,50,2,7862.50,15725.00
7951,2951,51,3,7999.75,23999.25
7952,2952,52,4,8137.00,32548.00
7953,2953,53,1,8274.25,8274.25
7954,2954,54,2,8411.50,16823.00
7955,2955,55,3,8548.75,25646.25
7956,2956,56,4,8686.00,34744.00
7957,2957,57,1,8823.25,8823.25
7958,2958,58,2,8960.50,17921.00
7959,2959,59,3,9097.75,27293.25
7960,2960,60,4,9235.00,36940.00
7961,2961,61,1,9372.25,9372.25
7962,2962,62,2,9509.50,19019.00
7963,2963,63,3,9646.75,28940.25
7964,2964,64,4,9784.00,39136.00
7965,2965,65,1,9921.25,9921.25
7966,2966,66,2,10058.50,20117.00
7967,2967,67,3,10195.75,30587.25
7968,2968,68,4,10333.00,41332.00
7969,2969,69,1,10470.25,10470.25
7970,2970,70,2,10607.50,21215.00
7971,2971,71,3,10744.75,32234.25
7972,2972,72,4,10882.00,43528.00
7973,2973,73,1,11019.25,11019.25
7974,2974,74,2,11156.50,22313.00
7975,2975,75,3,11293.75,33881.25
7976,2976,76,4,11431.00,45724.00
7977,2977,77,1,11568.25,11568.25
7978,2978,78,2,11705.50,23411.00
7979,2979,79,3,11842.75,35528.25
7980,2980,80,4,11980.00,47920.00
7981,2981,81,1,12117.25,12117.25
7982,2982,82,2,12254.50,24509.00
7983,2983,83,3,12391.75,37175.25
7984,2984,84,4,12529.00,50116.00
7985,2985,85,1,12666.25,12666.25
7986,2986,86,2,12803.50,25607.00
7987,2987,87,3,12940.75,38822.25
7988,2988,88,4,13078.00,52312.00
7989,2989,89,1,13215.25,13215.25
7990,2990,90,2,13352.50,26705.00
7991,2991,91,3,13489.75,40469.25
7992,2992,92,4,13627.00,54508.00
7993,2993,93,1,13764.25,13764.25
7994,2994,94,2,13901.50,27803.00
7995,2995,95,3,14038.75,42116.25
7996,2996,96,4,14176.00,56704.00
7997,2997,97,1,14313.25,14313.25
7998,2998,98,2,14450.50,28901.00
7999,2999,99,3,14587.75,43763.25
8000,3000,100,4,14725.00,58900.00
8001,3001,1,1,1137.25,1137.25
8002,3002,2,2,1274.50,2549.00
8003,3003,3,3,1411.75,4235.25
8004,3004,4,4,1549.00,6196.00
8005,3005,5,1,1686.25,1686.25
8006,3006,6,2,1823.50,3647.00
8007,3007,7,3,1960.75,5882.25
8008,3008,8,4,2098.00,8392.00
8009,3009,9,1,2235.25,2235.25
8010,3010,10,2,2372.50,4745.00
8011,3011,11,3,2509.75,7529.25
8012,3012,12,4,2647.00,10588.00
8013,3013,13,1,2784.25,2784.25
8014,3014,14,2,2921.50,5843.00
8015,3015,15,3,3058.75,9176.25
8016,3016,16,4,3196.00,12784.00
8017,3017,17,1,3333.25,3333.25
8018,3018,18,2,3470.50,6941.00
8019,3019,19,3,3607.75,10823.25
8020,3020,20,4,3745.00,14980.00
8021,3021,21,1,3882.25,3882.25
8022,3022,22,2,4019.50,8039.00
8023,3023,23,3,4156.75,12470.25
8024,3024,24,4,4294.00,17176.00
8025,3025,25,1,4431.25,4431.25
8026,3026,26,2,4568.50,9137.00
8027,3027,27,3,4705.75,14117.25
8028,3028,28,4,4843.00,19372.00
8029,3029,29,1,4980.25,4980.25
8030,3030,30,2,5117.50,10235.00
8031,3031,31,3,5254.75,15764.25
8032,3032,32,4,5392.00,21568.00
8033,3033,33,1,5529.25,5529.25
8034,3034,34,2,5666.50,11333.00
8035,3035,35,3,5803.75,17411.25
8036,3036,36,4,5941.00,23764.00
8037,3037,37,1,6078.25,6078.25
8038,3038,38,2,6215.50,12431.00
8039,3039,39,3,6352.75,19058.25
8040,3040,40,4,6490.00,25960.00
8041,3041,41,1,6627.25,6627.25
8042,3042,42,2,6764.50,13529.00
8043,3043,43,3,6901.75,20705.25
8044,3044,44,4,7039.00,28156.00
8045,3045,45,1,7176.25,7176.25
8046,3046,46,2,7313.50,14627.00
8047,3047,47,3,7450.75,22352.25
8048,3048,48,4,7588.00,30352.00
8049,3049,49,1,7725.25,7725.25
8050,3050,50,2,7862.50,15725.00
8051,3051,51,3,7999.75,23999.25
8052,3052,52,4,8137.00,32548.00
8053,3053,53,1,8274.25,8274.25
8054,3054,54,2,8411.50,16823.00
8055,3055,55,3,8548.75,25646.25
8056,3056,56,4,8686.00,34744.00
8057,3057,57,1,8823.25,8823.25
8058,3058,58,2,8960.50,17921.00
8059,3059,59,3,9097.75,27293.25
8060,3060,60,4,9235.00,36940.00
8061,3061,61,1,9372.25,9372.25
8062,3062,62,2,9509.50,19019.00
8063,3063,63,3,9646.75,28940.25
8064,3064,64,4,9784.00,39136.00
8065,3065,65,1,9921.25,9921.25
8066,3066,66,2,10058.50,20117.00
8067,3067,67,3,10195.75,30587.25
8068,3068,68,4,10333.00,41332.00
8069,3069,69,1,10470.25,10470.25
8070,3070,70,2,10607.50,21215.00
8071,3071,71,3,10744.75,32234.25
8072,3072,72,4,10882.00,43528.00
8073,3073,73,1,11019.25,11019.25
8074,3074,74,2,11156.50,22313.00
8075,3075,75,3,11293.75,33881.25
8076,3076,76,4,11431.00,45724.00
8077,3077,77,1,11568.25,11568.25
8078,3078,78,2,11705.50,23411.00
8079,3079,79,3,11842.75,35528.25
8080,3080,80,4,11980.00,47920.00
8081,3081,81,1,12117.25,12117.25
8082,3082,82,2,12254.50,24509.00
8083,3083,83,3,12391.75,37175.25
8084,3084,84,4,12529.00,50116.00
8085,3085,85,1,12666.25,12666.25
8086,3086,86,2,12803.50,25607.00
8087,3087,87,3,12940.75,38822.25
8088,3088,88,4,13078.00,52312.00
8089,3089,89,1,13215.25,13215.25
8090,3090,90,2,13352.50,26705.00
8091,3091,91,3,13489.75,40469.25
8092,3092,92,4,13627.00,54508.00
8093,3093,93,1,13764.25,13764.25
8094,3094,94,2,13901.50,27803.00
8095,3095,95,3,14038.75,42116.25
8096,3096,96,4,14176.00,56704.00
8097,3097,97,1,14313.25,14313.25
8098,3098,98,2,14450.50,28901.00
8099,3099,99,3,14587.75,43763.25
8100,3100,100,4,14725.00,58900.00
8101,3101,1,1,1137.25,1137.25
8102,3102,2,2,1274.50,2549.00
8103,3103,3,3,1411.75,4235.25
8104,3104,4,4,1549.00,6196.00
8105,3105,5,1,1686.25,1686.25
8106,3106,6,2,1823.50,3647.00
8107,3107,7,3,1960.75,5882.25
8108,3108,8,4,2098.00,8392.00
8109,3109,9,1,2235.25,2235.25
8110,3110,10,2,2372.50,4745.00
8111,3111,11,3,2509.75,7529.25
8112,3112,12,4,2647.00,10588.00
8113,3113,13,1,2784.25,2784.25
8114,3114,14,2,2921.50,5843.00
8115,3115,15,3,3058.75,9176.25
8116,3116,16,4,3196.00,12784.00
8117,3117,17,1,3333.25,3333.25
8118,3118,18,2,3470.50,6941.00
8119,3119,19,3,3607.75,10823.25
8120,3120,20,4,3745.00,14980.00
8121,3121,21,1,3882.25,3882.25
8122,3122,22,2,4019.50,8039.00
8123,3123,23,3,4156.75,12470.25
8124,3124,24,4,4294.00,17176.00
8125,3125,25,1,4431.25,4431.25
8126,3126,26,2,4568.50,9137.00
8127,3127,27,3,4705.75,14117.25
8128,3128,28,4,4843.00,19372.00
8129,3129,29,1,4980.25,4980.25
8130,3130,30,2,5117.50,10235.00
8131,3131,31,3,5254.75,15764.25
8132,3132,32,4,5392.00,21568.00
8133,3133,33,1,5529.25,5529.25
8134,3134,34,2,5666.50,11333.00
8135,3135,35,3,5803.75,17411.25
8136,3136,36,4,5941.00,23764.00
8137,3137,37,1,6078.25,6078.25
8138,3138,38,2,6215.50,12431.00
8139,3139,39,3,6352.75,19058.25
8140,3140,40,4,6490.00,25960.00
8141,3141,41,1,6627.25,6627.25
8142,3142,42,2,6764.50,13529.00
8143,3143,43,3,6901.75,20705.25
8144,3144,44,4,7039.00,28156.00
8145,3145,45,1,7176.25,7176.25
8146,3146,46,2,7313.50,14627.00
8147,3147,47,3,7450.75,22352.25
8148,3148,48,4,7588.00,30352.00
8149,3149,49,1,7725.25,7725.25
8150,3150,50,2,7862.50,15725.00
8151,3151,51,3,7999.75,23999.25
8152,3152,52,4,8137.00,32548.00
8153,3153,53,1,8274.25,8274.25
8154,3154,54,2,8411.50,16823.00
8155,3155,55,3,8548.75,25646.25
8156,3156,56,4,8686.00,34744.00
8157,3157,57,1,8823.25,8823.25
8158,3158,58,2,8960.50,17921.00
8159,3159,59,3,9097.75,27293.25
8160,3160,60,4,9235.00,36940.00
8161,3161,61,1,9372.25,9372.25
8162,3162,62,2,9509.50,19019.00
8163,3163,63,3,9646.75,28940.25
8164,3164,64,4,9784.00,39136.00
8165,3165,65,1,9921.25,9921.25
8166,3166,66,2,10058.50,20117.00
8167,3167,67,3,10195.75,30587.25
8168,3168,68,4,10333.00,41332.00
8169,3169,69,1,10470.25,10470.25
8170,3170,70,2,10607.50,21215.00
8171,3171,71,3,10744.75,32234.25
8172,3172,72,4,10882.00,43528.00
8173,3173,73,1,11019.25,11019.25
8174,3174,74,2,11156.50,22313.00
8175,3175,75,3,11293.75,33881.25
8176,3176,76,4,11431.00,45724.00
8177,3177,77,1,11568.25,11568.25
8178,3178,78,2,11705.50,23411.00
8179,3179,79,3,11842.75,35528.25
8180,3180,80,4,11980.00,47920.00
8181,3181,81,1,12117.25,12117.25
8182,3182,82,2,12254.50,24509.00
8183,3183,83,3,12391.75,37175.25
8184,3184,84,4,12529.00,50116.00
8185,3185,85,1,12666.25,12666.25
8186,3186,86,2,12803.50,25607.00
8187,3187,87,3,12940.75,38822.25
8188,3188,88,4,13078.00,52312.00
8189,3189,89,1,13215.25,13215.25
8190,3190,90,2,13352.50,26705.00
8191,3191,91,3,13489.75,40469.25
8192,3192,92,4,13627.00,54508.00
8193,3193,93,1,13764.25,13764.25
8194,3194,94,2,13901.50,27803.00
8195,3195,95,3,14038.75,42116.25
8196,3196,96,4,14176.00,56704.00
8197,3197,97,1,14313.25,14313.25
8198,3198,98,2,14450.50,28901.00
8199,3199,99,3,14587.75,43763.25
8200,3200,100,4,14725.00,58900.00
8201,3201,1,1,1137.25,1137.25
8202,3202,2,2,1274.50,2549.00
8203,3203,3,3,1411.75,4235.25
8204,3204,4,4,1549.00,6196.00
8205,3205,5,1,1686.25,1686.25
8206,3206,6,2,1823.50,3647.00
8207,3207,7,3,1960.75,5882.25
8208,3208,8,4,2098.00,8392.00
8209,3209,9,1,2235.25,2235.25
8210,3210,10,2,2372.50,4745.00
8211,3211,11,3,2509.75,7529.25
8212,3212,12,4,2647.00,10588.00
8213,3213,13,1,2784.25,2784.25
8214,3214,14,2,2921.50,5843.00
8215,3215,15,3,3058.75,9176.25
8216,3216,16,4,3196.00,12784.00
8217,3217,17,1,3333.25,3333.25
8218,3218,18,2,3470.50,6941.00
8219,3219,19,3,3607.75,10823.25
8220,3220,20,4,3745.00,14980.00
8221,3221,21,1,3882.25,3882.25
8222,3222,22,2,4019.50,8039.00
8223,3223,23,3,4156.75,12470.25
8224,3224,24,4,4294.00,17176.00
8225,3225,25,1,4431.25,4431.25
8226,3226,26,2,4568.50,9137.00
8227,3227,27,3,4705.75,14117.25
8228,3228,28,4,4843.00,19372.00
8229,3229,29,1,4980.25,4980.25
8230,3230,30,2,5117.50,10235.00
8231,3231,31,3,5254.75,15764.25
8232,3232,32,4,5392.00,21568.00
8233,3233,33,1,5529.25,5529.25
8234,3234,34,2,5666.50,11333.00
8235,3235,35,3,5803.75,17411.25
8236,3236,36,4,5941.00,23764.00
8237,3237,37,1,6078.25,6078.25
8238,3238,38,2,6215.50,12431.00
8239,3239,39,3,6352.75,19058.25
8240,3240,40,4,6490.00,25960.00
8241,3241,41,1,6627.25,6627.25
8242,3242,42,2,6764.50,13529.00
8243,3243,43,3,6901.75,20705.25
8244,3244,44,4,7039.00,28156.00
8245,3245,45,1,7176.25,7176.25
8246,3246,46,2,7313.50,14627.00
8247,3247,47,3,7450.75,22352.25
8248,3248,48,4,7588.00,30352.00
8249,3249,49,1,7725.25,7725.25
8250,3250,50,2,7862.50,15725.00
8251,3251,51,3,7999.75,23999.25
8252,3252,52,4,8137.00,32548.00
8253,3253,53,1,8274.25,8274.25
8254,3254,54,2,8411.50,16823.00
8255,3255,55,3,8548.75,25646.25
8256,3256,56,4,8686.00,34744.00
8257,3257,57,1,8823.25,8823.25
8258,3258,58,2,8960.50,17921.00
8259,3259,59,3,9097.75,27293.25
8260,3260,60,4,9235.00,36940.00
8261,3261,61,1,9372.25,9372.25
8262,3262,62,2,9509.50,19019.00
8263,3263,63,3,9646.75,28940.25
8264,3264,64,4,9784.00,39136.00
8265,3265,65,1,9921.25,9921.25
8266,3266,66,2,10058.50,20117.00
8267,3267,67,3,10195.75,30587.25
8268,3268,68,4,10333.00,41332.00
8269,3269,69,1,10470.25,10470.25
8270,3270,70,2,10607.50,21215.00
8271,3271,71,3,10744.75,32234.25
8272,3272,72,4,10882.00,43528.00
8273,3273,73,1,11019.25,11019.25
8274,3274,74,2,11156.50,22313.00
8275,3275,75,3,11293.75,33881.25
8276,3276,76,4,11431.00,45724.00
8277,3277,77,1,11568.25,11568.25
8278,3278,78,2,11705.50,23411.00
8279,3279,79,3,11842.75,35528.25
8280,3280,80,4,11980.00,47920.00
8281,3281,81,1,12117.25,12117.25
8282,3282,82,2,12254.50,24509.00
8283,3283,83,3,12391.75,37175.25
8284,3284,84,4,12529.00,50116.00
8285,3285,85,1,12666.25,12666.25
8286,3286,86,2,12803.50,25607.00
8287,3287,87,3,12940.75,38822.25
8288,3288,88,4,13078.00,52312.00
8289,3289,89,1,13215.25,13215.25
8290,3290,90,2,13352.50,26705.00
8291,3291,91,3,13489.75,40469.25
8292,3292,92,4,13627.00,54508.00
8293,3293,93,1,13764.25,13764.25
8294,3294,94,2,13901.50,27803.00
8295,3295,95,3,14038.75,42116.25
8296,3296,96,4,14176.00,56704.00
8297,3297,97,1,14313.25,14313.25
8298,3298,98,2,14450.50,28901.00
8299,3299,99,3,14587.75,43763.25
8300,3300,100,4,14725.00,58900.00
8301,3301,1,1,1137.25,1137.25
8302,3302,2,2,1274.50,2549.00
8303,3303,3,3,1411.75,4235.25
8304,3304,4,4,1549.00,6196.00
8305,3305,5,1,1686.25,1686.25
8306,3306,6,2,1823.50,3647.00
8307,3307,7,3,1960.75,5882.25
8308,3308,8,4,2098.00,8392.00
8309,3309,9,1,2235.25,2235.25
8310,3310,10,2,2372.50,4745.00
8311,3311,11,3,2509.75,7529.25
8312,3312,12,4,2647.00,10588.00
8313,3313,13,1,2784.25,2784.25
8314,3314,14,2,2921.50,5843.00
8315,3315,15,3,3058.75,9176.25
8316,3316,16,4,3196.00,12784.00
8317,3317,17,1,3333.25,3333.25
8318,3318,18,2,3470.50,6941.00
8319,3319,19,3,3607.75,10823.25
8320,3320,20,4,3745.00,14980.00
8321,3321,21,1,3882.25,3882.25
8322,3322,22,2,4019.50,8039.00
8323,3323,23,3,4156.75,12470.25
8324,3324,24,4,4294.00,17176.00
8325,3325,25,1,4431.25,4431.25
8326,3326,26,2,4568.50,9137.00
8327,3327,27,3,4705.75,14117.25
8328,3328,28,4,4843.00,19372.00
8329,3329,29,1,4980.25,4980.25
8330,3330,30,2,5117.50,10235.00
8331,3331,31,3,5254.75,15764.25
8332,3332,32,4,5392.00,21568.00
8333,3333,33,1,5529.25,5529.25
8334,3334,34,2,5666.50,11333.00
8335,3335,35,3,5803.75,17411.25
8336,3336,36,4,5941.00,23764.00
8337,3337,37,1,6078.25,6078.25
8338,3338,38,2,6215.50,12431.00
8339,3339,39,3,6352.75,19058.25
8340,3340,40,4,6490.00,25960.00
8341,3341,41,1,6627.25,6627.25
8342,3342,42,2,6764.50,13529.00
8343,3343,43,3,6901.75,20705.25
8344,3344,44,4,7039.00,28156.00
8345,3345,45,1,7176.25,7176.25
8346,3346,46,2,7313.50,14627.00
8347,3347,47,3,7450.75,22352.25
8348,3348,48,4,7588.00,30352.00
8349,3349,49,1,7725.25,7725.25
8350,3350,50,2,7862.50,15725.00
8351,3351,51,3,7999.75,23999.25
8352,3352,52,4,8137.00,32548.00
8353,3353,53,1,8274.25,8274.25
8354,3354,54,2,8411.50,16823.00
8355,3355,55,3,8548.75,25646.25
8356,3356,56,4,8686.00,34744.00
8357,3357,57,1,8823.25,8823.25
8358,3358,58,2,8960.50,17921.00
8359,3359,59,3,9097.75,27293.25
8360,3360,60,4,9235.00,36940.00
8361,3361,61,1,9372.25,9372.25
8362,3362,62,2,9509.50,19019.00
8363,3363,63,3,9646.75,28940.25
8364,3364,64,4,9784.00,39136.00
8365,3365,65,1,9921.25,9921.25
8366,3366,66,2,10058.50,20117.00
8367,3367,67,3,10195.75,30587.25
8368,3368,68,4,10333.00,41332.00
8369,3369,69,1,10470.25,10470.25
8370,3370,70,2,10607.50,21215.00
8371,3371,71,3,10744.75,32234.25
8372,3372,72,4,10882.00,43528.00
8373,3373,73,1,11019.25,11019.25
8374,3374,74,2,11156.50,22313.00
8375,3375,75,3,11293.75,33881.25
8376,3376,76,4,11431.00,45724.00
8377,3377,77,1,11568.25,11568.25
8378,3378,78,2,11705.50,23411.00
8379,3379,79,3,11842.75,35528.25
8380,3380,80,4,11980.00,47920.00
8381,3381,81,1,12117.25,12117.25
8382,3382,82,2,12254.50,24509.00
8383,3383,83,3,12391.75,37175.25
8384,3384,84,4,12529.00,50116.00
8385,3385,85,1,12666.25,12666.25
8386,3386,86,2,12803.50,25607.00
8387,3387,87,3,12940.75,38822.25
8388,3388,88,4,13078.00,52312.00
8389,3389,89,1,13215.25,13215.25
8390,3390,90,2,13352.50,26705.00
8391,3391,91,3,13489.75,40469.25
8392,3392,92,4,13627.00,54508.00
8393,3393,93,1,13764.25,13764.25
8394,3394,94,2,13901.50,27803.00
8395,3395,95,3,14038.75,42116.25
8396,3396,96,4,14176.00,56704.00
8397,3397,97,1,14313.25,14313.25
8398,3398,98,2,14450.50,28901.00
8399,3399,99,3,14587.75,43763.25
8400,3400,100,4,14725.00,58900.00
8401,3401,1,1,1137.25,1137.25
8402,3402,2,2,1274.50,2549.00
8403,3403,3,3,1411.75,4235.25
8404,3404,4,4,1549.00,6196.00
8405,3405,5,1,1686.25,1686.25
8406,3406,6,2,1823.50,3647.00
8407,3407,7,3,1960.75,5882.25
8408,3408,8,4,2098.00,8392.00
8409,3409,9,1,2235.25,2235.25
8410,3410,10,2,2372.50,4745.00
8411,3411,11,3,2509.75,7529.25
8412,3412,12,4,2647.00,10588.00
8413,3413,13,1,2784.25,2784.25
8414,3414,14,2,2921.50,5843.00
8415,3415,15,3,3058.75,9176.25
8416,3416,16,4,3196.00,12784.00
8417,3417,17,1,3333.25,3333.25
8418,3418,18,2,3470.50,6941.00
8419,3419,19,3,3607.75,10823.25
8420,3420,20,4,3745.00,14980.00
8421,3421,21,1,3882.25,3882.25
8422,3422,22,2,4019.50,8039.00
8423,3423,23,3,4156.75,12470.25
8424,3424,24,4,4294.00,17176.00
8425,3425,25,1,4431.25,4431.25
8426,3426,26,2,4568.50,9137.00
8427,3427,27,3,4705.75,14117.25
8428,3428,28,4,4843.00,19372.00
8429,3429,29,1,4980.25,4980.25
8430,3430,30,2,5117.50,10235.00
8431,3431,31,3,5254.75,15764.25
8432,3432,32,4,5392.00,21568.00
8433,3433,33,1,5529.25,5529.25
8434,3434,34,2,5666.50,11333.00
8435,3435,35,3,5803.75,17411.25
8436,3436,36,4,5941.00,23764.00
8437,3437,37,1,6078.25,6078.25
8438,3438,38,2,6215.50,12431.00
8439,3439,39,3,6352.75,19058.25
8440,3440,40,4,6490.00,25960.00
8441,3441,41,1,6627.25,6627.25
8442,3442,42,2,6764.50,13529.00
8443,3443,43,3,6901.75,20705.25
8444,3444,44,4,7039.00,28156.00
8445,3445,45,1,7176.25,7176.25
8446,3446,46,2,7313.50,14627.00
8447,3447,47,3,7450.75,22352.25
8448,3448,48,4,7588.00,30352.00
8449,3449,49,1,7725.25,7725.25
8450,3450,50,2,7862.50,15725.00
8451,3451,51,3,7999.75,23999.25
8452,3452,52,4,8137.00,32548.00
8453,3453,53,1,8274.25,8274.25
8454,3454,54,2,8411.50,16823.00
8455,3455,55,3,8548.75,25646.25
8456,3456,56,4,8686.00,34744.00
8457,3457,57,1,8823.25,8823.25
8458,3458,58,2,8960.50,17921.00
8459,3459,59,3,9097.75,27293.25
8460,3460,60,4,9235.00,36940.00
8461,3461,61,1,9372.25,9372.25
8462,3462,62,2,9509.50,19019.00
8463,3463,63,3,9646.75,28940.25
8464,3464,64,4,9784.00,39136.00
8465,3465,65,1,9921.25,9921.25
8466,3466,66,2,10058.50,20117.00
8467,3467,67,3,10195.75,30587.25
8468,3468,68,4,10333.00,41332.00
8469,3469,69,1,10470.25,10470.25
8470,3470,70,2,10607.50,21215.00
8471,3471,71,3,10744.75,32234.25
8472,3472,72,4,10882.00,43528.00
8473,3473,73,1,11019.25,11019.25
8474,3474,74,2,11156.50,22313.00
8475,3475,75,3,11293.75,33881.25
8476,3476,76,4,11431.00,45724.00
8477,3477,77,1,11568.25,11568.25
8478,3478,78,2,11705.50,23411.00
8479,3479,79,3,11842.75,35528.25
8480,3480,80,4,11980.00,47920.00
8481,3481,81,1,12117.25,12117.25
8482,3482,82,2,12254.50,24509.00
8483,3483,83,3,12391.75,37175.25
8484,3484,84,4,12529.00,50116.00
8485,3485,85,1,12666.25,12666.25
8486,3486,86,2,12803.50,25607.00
8487,3487,87,3,12940.75,38822.25
8488,3488,88,4,13078.00,52312.00
8489,3489,89,1,13215.25,13215.25
8490,3490,90,2,13352.50,26705.00
8491,3491,91,3,13489.75,40469.25
8492,3492,92,4,13627.00,54508.00
8493,3493,93,1,13764.25,13764.25
8494,3494,94,2,13901.50,27803.00
8495,3495,95,3,14038.75,42116.25
8496,3496,96,4,14176.00,56704.00
8497,3497,97,1,14313.25,14313.25
8498,3498,98,2,14450.50,28901.00
8499,3499,99,3,14587.75,43763.25
8500,3500,100,4,14725.00,58900.00
8501,3501,1,1,1137.25,1137.25
8502,3502,2,2,1274.50,2549.00
8503,3503,3,3,1411.75,4235.25
8504,3504,4,4,1549.00,6196.00
8505,3505,5,1,1686.25,1686.25
8506,3506,6,2,1823.50,3647.00
8507,3507,7,3,1960.75,5882.25
8508,3508,8,4,2098.00,8392.00
8509,3509,9,1,2235.25,2235.25
8510,3510,10,2,2372.50,4745.00
8511,3511,11,3,2509.75,7529.25
8512,3512,12,4,2647.00,10588.00
8513,3513,13,1,2784.25,2784.25
8514,3514,14,2,2921.50,5843.00
8515,3515,15,3,3058.75,9176.25
8516,3516,16,4,3196.00,12784.00
8517,3517,17,1,3333.25,3333.25
8518,3518,18,2,3470.50,6941.00
8519,3519,19,3,3607.75,10823.25
8520,3520,20,4,3745.00,14980.00
8521,3521,21,1,3882.25,3882.25
8522,3522,22,2,4019.50,8039.00
8523,3523,23,3,4156.75,12470.25
8524,3524,24,4,4294.00,17176.00
8525,3525,25,1,4431.25,4431.25
8526,3526,26,2,4568.50,9137.00
8527,3527,27,3,4705.75,14117.25
8528,3528,28,4,4843.00,19372.00
8529,3529,29,1,4980.25,4980.25
8530,3530,30,2,5117.50,10235.00
8531,3531,31,3,5254.75,15764.25
8532,3532,32,4,5392.00,21568.00
8533,3533,33,1,5529.25,5529.25
8534,3534,34,2,5666.50,11333.00
8535,3535,35,3,5803.75,17411.25
8536,3536,36,4,5941.00,23764.00
8537,3537,37,1,6078.25,6078.25
8538,3538,38,2,6215.50,12431.00
8539,3539,39,3,6352.75,19058.25
8540,3540,40,4,6490.00,25960.00
8541,3541,41,1,6627.25,6627.25
8542,3542,42,2,6764.50,13529.00
8543,3543,43,3,6901.75,20705.25
8544,3544,44,4,7039.00,28156.00
8545,3545,45,1,7176.25,7176.25
8546,3546,46,2,7313.50,14627.00
8547,3547,47,3,7450.75,22352.25
8548,3548,48,4,7588.00,30352.00
8549,3549,49,1,7725.25,7725.25
8550,3550,50,2,7862.50,15725.00
8551,3551,51,3,7999.75,23999.25
8552,3552,52,4,8137.00,32548.00
8553,3553,53,1,8274.25,8274.25
8554,3554,54,2,8411.50,16823.00
8555,3555,55,3,8548.75,25646.25
8556,3556,56,4,8686.00,34744.00
8557,3557,57,1,8823.25,8823.25
8558,3558,58,2,8960.50,17921.00
8559,3559,59,3,9097.75,27293.25
8560,3560,60,4,9235.00,36940.00
8561,3561,61,1,9372.25,9372.25
8562,3562,62,2,9509.50,19019.00
8563,3563,63,3,9646.75,28940.25
8564,3564,64,4,9784.00,39136.00
8565,3565,65,1,9921.25,9921.25
8566,3566,66,2,10058.50,20117.00
8567,3567,67,3,10195.75,30587.25
8568,3568,68,4,10333.00,41332.00
8569,3569,69,1,10470.25,10470.25
8570,3570,70,2,10607.50,21215.00
8571,3571,71,3,10744.75,32234.25
8572,3572,72,4,10882.00,43528.00
8573,3573,73,1,11019.25,11019.25
8574,3574,74,2,11156.50,22313.00
8575,3575,75,3,11293.75,33881.25
8576,3576,76,4,11431.00,45724.00
8577,3577,77,1,11568.25,11568.25
8578,3578,78,2,11705.50,23411.00
8579,3579,79,3,11842.75,35528.25
8580,3580,80,4,11980.00,47920.00
8581,3581,81,1,12117.25,12117.25
8582,3582,82,2,12254.50,24509.00
8583,3583,83,3,12391.75,37175.25
8584,3584,84,4,12529.00,50116.00
8585,3585,85,1,12666.25,12666.25
8586,3586,86,2,12803.50,25607.00
8587,3587,87,3,12940.75,38822.25
8588,3588,88,4,13078.00,52312.00
8589,3589,89,1,13215.25,13215.25
8590,3590,90,2,13352.50,26705.00
8591,3591,91,3,13489.75,40469.25
8592,3592,92,4,13627.00,54508.00
8593,3593,93,1,13764.25,13764.25
8594,3594,94,2,13901.50,27803.00
8595,3595,95,3,14038.75,42116.25
8596,3596,96,4,14176.00,56704.00
8597,3597,97,1,14313.25,14313.25
8598,3598,98,2,14450.50,28901.00
8599,3599,99,3,14587.75,43763.25
8600,3600,100,4,14725.00,58900.00
8601,3601,1,1,1137.25,1137.25
8602,3602,2,2,1274.50,2549.00
8603,3603,3,3,1411.75,4235.25
8604,3604,4,4,1549.00,6196.00
8605,3605,5,1,1686.25,1686.25
8606,3606,6,2,1823.50,3647.00
8607,3607,7,3,1960.75,5882.25
8608,3608,8,4,2098.00,8392.00
8609,3609,9,1,2235.25,2235.25
8610,3610,10,2,2372.50,4745.00
8611,3611,11,3,2509.75,7529.25
8612,3612,12,4,2647.00,10588.00
8613,3613,13,1,2784.25,2784.25
8614,3614,14,2,2921.50,5843.00
8615,3615,15,3,3058.75,9176.25
8616,3616,16,4,3196.00,12784.00
8617,3617,17,1,3333.25,3333.25
8618,3618,18,2,3470.50,6941.00
8619,3619,19,3,3607.75,10823.25
8620,3620,20,4,3745.00,14980.00
8621,3621,21,1,3882.25,3882.25
8622,3622,22,2,4019.50,8039.00
8623,3623,23,3,4156.75,12470.25
8624,3624,24,4,4294.00,17176.00
8625,3625,25,1,4431.25,4431.25
8626,3626,26,2,4568.50,9137.00
8627,3627,27,3,4705.75,14117.25
8628,3628,28,4,4843.00,19372.00
8629,3629,29,1,4980.25,4980.25
8630,3630,30,2,5117.50,10235.00
8631,3631,31,3,5254.75,15764.25
8632,3632,32,4,5392.00,21568.00
8633,3633,33,1,5529.25,5529.25
8634,3634,34,2,5666.50,11333.00
8635,3635,35,3,5803.75,17411.25
8636,3636,36,4,5941.00,23764.00
8637,3637,37,1,6078.25,6078.25
8638,3638,38,2,6215.50,12431.00
8639,3639,39,3,6352.75,19058.25
8640,3640,40,4,6490.00,25960.00
8641,3641,41,1,6627.25,6627.25
8642,3642,42,2,6764.50,13529.00
8643,3643,43,3,6901.75,20705.25
8644,3644,44,4,7039.00,28156.00
8645,3645,45,1,7176.25,7176.25
8646,3646,46,2,7313.50,14627.00
8647,3647,47,3,7450.75,22352.25
8648,3648,48,4,7588.00,30352.00
8649,3649,49,1,7725.25,7725.25
8650,3650,50,2,7862.50,15725.00
8651,3651,51,3,7999.75,23999.25
8652,3652,52,4,8137.00,32548.00
8653,3653,53,1,8274.25,8274.25
8654,3654,54,2,8411.50,16823.00
8655,3655,55,3,8548.75,25646.25
8656,3656,56,4,8686.00,34744.00
8657,3657,57,1,8823.25,8823.25
8658,3658,58,2,8960.50,17921.00
8659,3659,59,3,9097.75,27293.25
8660,3660,60,4,9235.00,36940.00
8661,3661,61,1,9372.25,9372.25
8662,3662,62,2,9509.50,19019.00
8663,3663,63,3,9646.75,28940.25
8664,3664,64,4,9784.00,39136.00
8665,3665,65,1,9921.25,9921.25
8666,3666,66,2,10058.50,20117.00
8667,3667,67,3,10195.75,30587.25
8668,3668,68,4,10333.00,41332.00
8669,3669,69,1,10470.25,10470.25
8670,3670,70,2,10607.50,21215.00
8671,3671,71,3,10744.75,32234.25
8672,3672,72,4,10882.00,43528.00
8673,3673,73,1,11019.25,11019.25
8674,3674,74,2,11156.50,22313.00
8675,3675,75,3,11293.75,33881.25
8676,3676,76,4,11431.00,45724.00
8677,3677,77,1,11568.25,11568.25
8678,3678,78,2,11705.50,23411.00
8679,3679,79,3,11842.75,35528.25
8680,3680,80,4,11980.00,47920.00
8681,3681,81,1,12117.25,12117.25
8682,3682,82,2,12254.50,24509.00
8683,3683,83,3,12391.75,37175.25
8684,3684,84,4,12529.00,50116.00
8685,3685,85,1,12666.25,12666.25
8686,3686,86,2,12803.50,25607.00
8687,3687,87,3,12940.75,38822.25
8688,3688,88,4,13078.00,52312.00
8689,3689,89,1,13215.25,13215.25
8690,3690,90,2,13352.50,26705.00
8691,3691,91,3,13489.75,40469.25
8692,3692,92,4,13627.00,54508.00
8693,3693,93,1,13764.25,13764.25
8694,3694,94,2,13901.50,27803.00
8695,3695,95,3,14038.75,42116.25
8696,3696,96,4,14176.00,56704.00
8697,3697,97,1,14313.25,14313.25
8698,3698,98,2,14450.50,28901.00
8699,3699,99,3,14587.75,43763.25
8700,3700,100,4,14725.00,58900.00
8701,3701,1,1,1137.25,1137.25
8702,3702,2,2,1274.50,2549.00
8703,3703,3,3,1411.75,4235.25
8704,3704,4,4,1549.00,6196.00
8705,3705,5,1,1686.25,1686.25
8706,3706,6,2,1823.50,3647.00
8707,3707,7,3,1960.75,5882.25
8708,3708,8,4,2098.00,8392.00
8709,3709,9,1,2235.25,2235.25
8710,3710,10,2,2372.50,4745.00
8711,3711,11,3,2509.75,7529.25
8712,3712,12,4,2647.00,10588.00
8713,3713,13,1,2784.25,2784.25
8714,3714,14,2,2921.50,5843.00
8715,3715,15,3,3058.75,9176.25
8716,3716,16,4,3196.00,12784.00
8717,3717,17,1,3333.25,3333.25
8718,3718,18,2,3470.50,6941.00
8719,3719,19,3,3607.75,10823.25
8720,3720,20,4,3745.00,14980.00
8721,3721,21,1,3882.25,3882.25
8722,3722,22,2,4019.50,8039.00
8723,3723,23,3,4156.75,12470.25
8724,3724,24,4,4294.00,17176.00
8725,3725,25,1,4431.25,4431.25
8726,3726,26,2,4568.50,9137.00
8727,3727,27,3,4705.75,14117.25
8728,3728,28,4,4843.00,19372.00
8729,3729,29,1,4980.25,4980.25
8730,3730,30,2,5117.50,10235.00
8731,3731,31,3,5254.75,15764.25
8732,3732,32,4,5392.00,21568.00
8733,3733,33,1,5529.25,5529.25
8734,3734,34,2,5666.50,11333.00
8735,3735,35,3,5803.75,17411.25
8736,3736,36,4,5941.00,23764.00
8737,3737,37,1,6078.25,6078.25
8738,3738,38,2,6215.50,12431.00
8739,3739,39,3,6352.75,19058.25
8740,3740,40,4,6490.00,25960.00
8741,3741,41,1,6627.25,6627.25
8742,3742,42,2,6764.50,13529.00
8743,3743,43,3,6901.75,20705.25
8744,3744,44,4,7039.00,28156.00
8745,3745,45,1,7176.25,7176.25
8746,3746,46,2,7313.50,14627.00
8747,3747,47,3,7450.75,22352.25
8748,3748,48,4,7588.00,30352.00
8749,3749,49,1,7725.25,7725.25
8750,3750,50,2,7862.50,15725.00
8751,3751,51,3,7999.75,23999.25
8752,3752,52,4,8137.00,32548.00
8753,3753,53,1,8274.25,8274.25
8754,3754,54,2,8411.50,16823.00
8755,3755,55,3,8548.75,25646.25
8756,3756,56,4,8686.00,34744.00
8757,3757,57,1,8823.25,8823.25
8758,3758,58,2,8960.50,17921.00
8759,3759,59,3,9097.75,27293.25
8760,3760,60,4,9235.00,36940.00
8761,3761,61,1,9372.25,9372.25
8762,3762,62,2,9509.50,19019.00
8763,3763,63,3,9646.75,28940.25
8764,3764,64,4,9784.00,39136.00
8765,3765,65,1,9921.25,9921.25
8766,3766,66,2,10058.50,20117.00
8767,3767,67,3,10195.75,30587.25
8768,3768,68,4,10333.00,41332.00
8769,3769,69,1,10470.25,10470.25
8770,3770,70,2,10607.50,21215.00
8771,3771,71,3,10744.75,32234.25
8772,3772,72,4,10882.00,43528.00
8773,3773,73,1,11019.25,11019.25
8774,3774,74,2,11156.50,22313.00
8775,3775,75,3,11293.75,33881.25
8776,3776,76,4,11431.00,45724.00
8777,3777,77,1,11568.25,11568.25
8778,3778,78,2,11705.50,23411.00
8779,3779,79,3,11842.75,35528.25
8780,3780,80,4,11980.00,47920.00
8781,3781,81,1,12117.25,12117.25
8782,3782,82,2,12254.50,24509.00
8783,3783,83,3,12391.75,37175.25
8784,3784,84,4,12529.00,50116.00
8785,3785,85,1,12666.25,12666.25
8786,3786,86,2,12803.50,25607.00
8787,3787,87,3,12940.75,38822.25
8788,3788,88,4,13078.00,52312.00
8789,3789,89,1,13215.25,13215.25
8790,3790,90,2,13352.50,26705.00
8791,3791,91,3,13489.75,40469.25
8792,3792,92,4,13627.00,54508.00
8793,3793,93,1,13764.25,13764.25
8794,3794,94,2,13901.50,27803.00
8795,3795,95,3,14038.75,42116.25
8796,3796,96,4,14176.00,56704.00
8797,3797,97,1,14313.25,14313.25
8798,3798,98,2,14450.50,28901.00
8799,3799,99,3,14587.75,43763.25
8800,3800,100,4,14725.00,58900.00
8801,3801,1,1,1137.25,1137.25
8802,3802,2,2,1274.50,2549.00
8803,3803,3,3,1411.75,4235.25
8804,3804,4,4,1549.00,6196.00
8805,3805,5,1,1686.25,1686.25
8806,3806,6,2,1823.50,3647.00
8807,3807,7,3,1960.75,5882.25
8808,3808,8,4,2098.00,8392.00
8809,3809,9,1,2235.25,2235.25
8810,3810,10,2,2372.50,4745.00
8811,3811,11,3,2509.75,7529.25
8812,3812,12,4,2647.00,10588.00
8813,3813,13,1,2784.25,2784.25
8814,3814,14,2,2921.50,5843.00
8815,3815,15,3,3058.75,9176.25
8816,3816,16,4,3196.00,12784.00
8817,3817,17,1,3333.25,3333.25
8818,3818,18,2,3470.50,6941.00
8819,3819,19,3,3607.75,10823.25
8820,3820,20,4,3745.00,14980.00
8821,3821,21,1,3882.25,3882.25
8822,3822,22,2,4019.50,8039.00
8823,3823,23,3,4156.75,12470.25
8824,3824,24,4,4294.00,17176.00
8825,3825,25,1,4431.25,4431.25
8826,3826,26,2,4568.50,9137.00
8827,3827,27,3,4705.75,14117.25
8828,3828,28,4,4843.00,19372.00
8829,3829,29,1,4980.25,4980.25
8830,3830,30,2,5117.50,10235.00
8831,3831,31,3,5254.75,15764.25
8832,3832,32,4,5392.00,21568.00
8833,3833,33,1,5529.25,5529.25
8834,3834,34,2,5666.50,11333.00
8835,3835,35,3,5803.75,17411.25
8836,3836,36,4,5941.00,23764.00
8837,3837,37,1,6078.25,6078.25
8838,3838,38,2,6215.50,12431.00
8839,3839,39,3,6352.75,19058.25
8840,3840,40,4,6490.00,25960.00
8841,3841,41,1,6627.25,6627.25
8842,3842,42,2,6764.50,13529.00
8843,3843,43,3,6901.75,20705.25
8844,3844,44,4,7039.00,28156.00
8845,3845,45,1,7176.25,7176.25
8846,3846,46,2,7313.50,14627.00
8847,3847,47,3,7450.75,22352.25
8848,3848,48,4,7588.00,30352.00
8849,3849,49,1,7725.25,7725.25
8850,3850,50,2,7862.50,15725.00
8851,3851,51,3,7999.75,23999.25
8852,3852,52,4,8137.00,32548.00
8853,3853,53,1,8274.25,8274.25
8854,3854,54,2,8411.50,16823.00
8855,3855,55,3,8548.75,25646.25
8856,3856,56,4,8686.00,34744.00
8857,3857,57,1,8823.25,8823.25
8858,3858,58,2,8960.50,17921.00
8859,3859,59,3,9097.75,27293.25
8860,3860,60,4,9235.00,36940.00
8861,3861,61,1,9372.25,9372.25
8862,3862,62,2,9509.50,19019.00
8863,3863,63,3,9646.75,28940.25
8864,3864,64,4,9784.00,39136.00
8865,3865,65,1,9921.25,9921.25
8866,3866,66,2,10058.50,20117.00
8867,3867,67,3,10195.75,30587.25
8868,3868,68,4,10333.00,41332.00
8869,3869,69,1,10470.25,10470.25
8870,3870,70,2,10607.50,21215.00
8871,3871,71,3,10744.75,32234.25
8872,3872,72,4,10882.00,43528.00
8873,3873,73,1,11019.25,11019.25
8874,3874,74,2,11156.50,22313.00
8875,3875,75,3,11293.75,33881.25
8876,3876,76,4,11431.00,45724.00
8877,3877,77,1,11568.25,11568.25
8878,3878,78,2,11705.50,23411.00
8879,3879,79,3,11842.75,35528.25
8880,3880,80,4,11980.00,47920.00
8881,3881,81,1,12117.25,12117.25
8882,3882,82,2,12254.50,24509.00
8883,3883,83,3,12391.75,37175.25
8884,3884,84,4,12529.00,50116.00
8885,3885,85,1,12666.25,12666.25
8886,3886,86,2,12803.50,25607.00
8887,3887,87,3,12940.75,38822.25
8888,3888,88,4,13078.00,52312.00
8889,3889,89,1,13215.25,13215.25
8890,3890,90,2,13352.50,26705.00
8891,3891,91,3,13489.75,40469.25
8892,3892,92,4,13627.00,54508.00
8893,3893,93,1,13764.25,13764.25
8894,3894,94,2,13901.50,27803.00
8895,3895,95,3,14038.75,42116.25
8896,3896,96,4,14176.00,56704.00
8897,3897,97,1,14313.25,14313.25
8898,3898,98,2,14450.50,28901.00
8899,3899,99,3,14587.75,43763.25
8900,3900,100,4,14725.00,58900.00
8901,3901,1,1,1137.25,1137.25
8902,3902,2,2,1274.50,2549.00
8903,3903,3,3,1411.75,4235.25
8904,3904,4,4,1549.00,6196.00
8905,3905,5,1,1686.25,1686.25
8906,3906,6,2,1823.50,3647.00
8907,3907,7,3,1960.75,5882.25
8908,3908,8,4,2098.00,8392.00
8909,3909,9,1,2235.25,2235.25
8910,3910,10,2,2372.50,4745.00
8911,3911,11,3,2509.75,7529.25
8912,3912,12,4,2647.00,10588.00
8913,3913,13,1,2784.25,2784.25
8914,3914,14,2,2921.50,5843.00
8915,3915,15,3,3058.75,9176.25
8916,3916,16,4,3196.00,12784.00
8917,3917,17,1,3333.25,3333.25
8918,3918,18,2,3470.50,6941.00
8919,3919,19,3,3607.75,10823.25
8920,3920,20,4,3745.00,14980.00
8921,3921,21,1,3882.25,3882.25
8922,3922,22,2,4019.50,8039.00
8923,3923,23,3,4156.75,12470.25
8924,3924,24,4,4294.00,17176.00
8925,3925,25,1,4431.25,4431.25
8926,3926,26,2,4568.50,9137.00
8927,3927,27,3,4705.75,14117.25
8928,3928,28,4,4843.00,19372.00
8929,3929,29,1,4980.25,4980.25
8930,3930,30,2,5117.50,10235.00
8931,3931,31,3,5254.75,15764.25
8932,3932,32,4,5392.00,21568.00
8933,3933,33,1,5529.25,5529.25
8934,3934,34,2,5666.50,11333.00
8935,3935,35,3,5803.75,17411.25
8936,3936,36,4,5941.00,23764.00
8937,3937,37,1,6078.25,6078.25
8938,3938,38,2,6215.50,12431.00
8939,3939,39,3,6352.75,19058.25
8940,3940,40,4,6490.00,25960.00
8941,3941,41,1,6627.25,6627.25
8942,3942,42,2,6764.50,13529.00
8943,3943,43,3,6901.75,20705.25
8944,3944,44,4,7039.00,28156.00
8945,3945,45,1,7176.25,7176.25
8946,3946,46,2,7313.50,14627.00
8947,3947,47,3,7450.75,22352.25
8948,3948,48,4,7588.00,30352.00
8949,3949,49,1,7725.25,7725.25
8950,3950,50,2,7862.50,15725.00
8951,3951,51,3,7999.75,23999.25
8952,3952,52,4,8137.00,32548.00
8953,3953,53,1,8274.25,8274.25
8954,3954,54,2,8411.50,16823.00
8955,3955,55,3,8548.75,25646.25
8956,3956,56,4,8686.00,34744.00
8957,3957,57,1,8823.25,8823.25
8958,3958,58,2,8960.50,17921.00
8959,3959,59,3,9097.75,27293.25
8960,3960,60,4,9235.00,36940.00
8961,3961,61,1,9372.25,9372.25
8962,3962,62,2,9509.50,19019.00
8963,3963,63,3,9646.75,28940.25
8964,3964,64,4,9784.00,39136.00
8965,3965,65,1,9921.25,9921.25
8966,3966,66,2,10058.50,20117.00
8967,3967,67,3,10195.75,30587.25
8968,3968,68,4,10333.00,41332.00
8969,3969,69,1,10470.25,10470.25
8970,3970,70,2,10607.50,21215.00
8971,3971,71,3,10744.75,32234.25
8972,3972,72,4,10882.00,43528.00
8973,3973,73,1,11019.25,11019.25
8974,3974,74,2,11156.50,22313.00
8975,3975,75,3,11293.75,33881.25
8976,3976,76,4,11431.00,45724.00
8977,3977,77,1,11568.25,11568.25
8978,3978,78,2,11705.50,23411.00
8979,3979,79,3,11842.75,35528.25
8980,3980,80,4,11980.00,47920.00
8981,3981,81,1,12117.25,12117.25
8982,3982,82,2,12254.50,24509.00
8983,3983,83,3,12391.75,37175.25
8984,3984,84,4,12529.00,50116.00
8985,3985,85,1,12666.25,12666.25
8986,3986,86,2,12803.50,25607.00
8987,3987,87,3,12940.75,38822.25
8988,3988,88,4,13078.00,52312.00
8989,3989,89,1,13215.25,13215.25
8990,3990,90,2,13352.50,26705.00
8991,3991,91,3,13489.75,40469.25
8992,3992,92,4,13627.00,54508.00
8993,3993,93,1,13764.25,13764.25
8994,3994,94,2,13901.50,27803.00
8995,3995,95,3,14038.75,42116.25
8996,3996,96,4,14176.00,56704.00
8997,3997,97,1,14313.25,14313.25
8998,3998,98,2,14450.50,28901.00
8999,3999,99,3,14587.75,43763.25
9000,4000,100,4,14725.00,58900.00
9001,4001,1,1,1137.25,1137.25
9002,4002,2,2,1274.50,2549.00
9003,4003,3,3,1411.75,4235.25
9004,4004,4,4,1549.00,6196.00
9005,4005,5,1,1686.25,1686.25
9006,4006,6,2,1823.50,3647.00
9007,4007,7,3,1960.75,5882.25
9008,4008,8,4,2098.00,8392.00
9009,4009,9,1,2235.25,2235.25
9010,4010,10,2,2372.50,4745.00
9011,4011,11,3,2509.75,7529.25
9012,4012,12,4,2647.00,10588.00
9013,4013,13,1,2784.25,2784.25
9014,4014,14,2,2921.50,5843.00
9015,4015,15,3,3058.75,9176.25
9016,4016,16,4,3196.00,12784.00
9017,4017,17,1,3333.25,3333.25
9018,4018,18,2,3470.50,6941.00
9019,4019,19,3,3607.75,10823.25
9020,4020,20,4,3745.00,14980.00
9021,4021,21,1,3882.25,3882.25
9022,4022,22,2,4019.50,8039.00
9023,4023,23,3,4156.75,12470.25
9024,4024,24,4,4294.00,17176.00
9025,4025,25,1,4431.25,4431.25
9026,4026,26,2,4568.50,9137.00
9027,4027,27,3,4705.75,14117.25
9028,4028,28,4,4843.00,19372.00
9029,4029,29,1,4980.25,4980.25
9030,4030,30,2,5117.50,10235.00
9031,4031,31,3,5254.75,15764.25
9032,4032,32,4,5392.00,21568.00
9033,4033,33,1,5529.25,5529.25
9034,4034,34,2,5666.50,11333.00
9035,4035,35,3,5803.75,17411.25
9036,4036,36,4,5941.00,23764.00
9037,4037,37,1,6078.25,6078.25
9038,4038,38,2,6215.50,12431.00
9039,4039,39,3,6352.75,19058.25
9040,4040,40,4,6490.00,25960.00
9041,4041,41,1,6627.25,6627.25
9042,4042,42,2,6764.50,13529.00
9043,4043,43,3,6901.75,20705.25
9044,4044,44,4,7039.00,28156.00
9045,4045,45,1,7176.25,7176.25
9046,4046,46,2,7313.50,14627.00
9047,4047,47,3,7450.75,22352.25
9048,4048,48,4,7588.00,30352.00
9049,4049,49,1,7725.25,7725.25
9050,4050,50,2,7862.50,15725.00
9051,4051,51,3,7999.75,23999.25
9052,4052,52,4,8137.00,32548.00
9053,4053,53,1,8274.25,8274.25
9054,4054,54,2,8411.50,16823.00
9055,4055,55,3,8548.75,25646.25
9056,4056,56,4,8686.00,34744.00
9057,4057,57,1,8823.25,8823.25
9058,4058,58,2,8960.50,17921.00
9059,4059,59,3,9097.75,27293.25
9060,4060,60,4,9235.00,36940.00
9061,4061,61,1,9372.25,9372.25
9062,4062,62,2,9509.50,19019.00
9063,4063,63,3,9646.75,28940.25
9064,4064,64,4,9784.00,39136.00
9065,4065,65,1,9921.25,9921.25
9066,4066,66,2,10058.50,20117.00
9067,4067,67,3,10195.75,30587.25
9068,4068,68,4,10333.00,41332.00
9069,4069,69,1,10470.25,10470.25
9070,4070,70,2,10607.50,21215.00
9071,4071,71,3,10744.75,32234.25
9072,4072,72,4,10882.00,43528.00
9073,4073,73,1,11019.25,11019.25
9074,4074,74,2,11156.50,22313.00
9075,4075,75,3,11293.75,33881.25
9076,4076,76,4,11431.00,45724.00
9077,4077,77,1,11568.25,11568.25
9078,4078,78,2,11705.50,23411.00
9079,4079,79,3,11842.75,35528.25
9080,4080,80,4,11980.00,47920.00
9081,4081,81,1,12117.25,12117.25
9082,4082,82,2,12254.50,24509.00
9083,4083,83,3,12391.75,37175.25
9084,4084,84,4,12529.00,50116.00
9085,4085,85,1,12666.25,12666.25
9086,4086,86,2,12803.50,25607.00
9087,4087,87,3,12940.75,38822.25
9088,4088,88,4,13078.00,52312.00
9089,4089,89,1,13215.25,13215.25
9090,4090,90,2,13352.50,26705.00
9091,4091,91,3,13489.75,40469.25
9092,4092,92,4,13627.00,54508.00
9093,4093,93,1,13764.25,13764.25
9094,4094,94,2,13901.50,27803.00
9095,4095,95,3,14038.75,42116.25
9096,4096,96,4,14176.00,56704.00
9097,4097,97,1,14313.25,14313.25
9098,4098,98,2,14450.50,28901.00
9099,4099,99,3,14587.75,43763.25
9100,4100,100,4,14725.00,58900.00
9101,4101,1,1,1137.25,1137.25
9102,4102,2,2,1274.50,2549.00
9103,4103,3,3,1411.75,4235.25
9104,4104,4,4,1549.00,6196.00
9105,4105,5,1,1686.25,1686.25
9106,4106,6,2,1823.50,3647.00
9107,4107,7,3,1960.75,5882.25
9108,4108,8,4,2098.00,8392.00
9109,4109,9,1,2235.25,2235.25
9110,4110,10,2,2372.50,4745.00
9111,4111,11,3,2509.75,7529.25
9112,4112,12,4,2647.00,10588.00
9113,4113,13,1,2784.25,2784.25
9114,4114,14,2,2921.50,5843.00
9115,4115,15,3,3058.75,9176.25
9116,4116,16,4,3196.00,12784.00
9117,4117,17,1,3333.25,3333.25
9118,4118,18,2,3470.50,6941.00
9119,4119,19,3,3607.75,10823.25
9120,4120,20,4,3745.00,14980.00
9121,4121,21,1,3882.25,3882.25
9122,4122,22,2,4019.50,8039.00
9123,4123,23,3,4156.75,12470.25
9124,4124,24,4,4294.00,17176.00
9125,4125,25,1,4431.25,4431.25
9126,4126,26,2,4568.50,9137.00
9127,4127,27,3,4705.75,14117.25
9128,4128,28,4,4843.00,19372.00
9129,4129,29,1,4980.25,4980.25
9130,4130,30,2,5117.50,10235.00
9131,4131,31,3,5254.75,15764.25
9132,4132,32,4,5392.00,21568.00
9133,4133,33,1,5529.25,5529.25
9134,4134,34,2,5666.50,11333.00
9135,4135,35,3,5803.75,17411.25
9136,4136,36,4,5941.00,23764.00
9137,4137,37,1,6078.25,6078.25
9138,4138,38,2,6215.50,12431.00
9139,4139,39,3,6352.75,19058.25
9140,4140,40,4,6490.00,25960.00
9141,4141,41,1,6627.25,6627.25
9142,4142,42,2,6764.50,13529.00
9143,4143,43,3,6901.75,20705.25
9144,4144,44,4,7039.00,28156.00
9145,4145,45,1,7176.25,7176.25
9146,4146,46,2,7313.50,14627.00
9147,4147,47,3,7450.75,22352.25
9148,4148,48,4,7588.00,30352.00
9149,4149,49,1,7725.25,7725.25
9150,4150,50,2,7862.50,15725.00
9151,4151,51,3,7999.75,23999.25
9152,4152,52,4,8137.00,32548.00
9153,4153,53,1,8274.25,8274.25
9154,4154,54,2,8411.50,16823.00
9155,4155,55,3,8548.75,25646.25
9156,4156,56,4,8686.00,34744.00
9157,4157,57,1,8823.25,8823.25
9158,4158,58,2,8960.50,17921.00
9159,4159,59,3,9097.75,27293.25
9160,4160,60,4,9235.00,36940.00
9161,4161,61,1,9372.25,9372.25
9162,4162,62,2,9509.50,19019.00
9163,4163,63,3,9646.75,28940.25
9164,4164,64,4,9784.00,39136.00
9165,4165,65,1,9921.25,9921.25
9166,4166,66,2,10058.50,20117.00
9167,4167,67,3,10195.75,30587.25
9168,4168,68,4,10333.00,41332.00
9169,4169,69,1,10470.25,10470.25
9170,4170,70,2,10607.50,21215.00
9171,4171,71,3,10744.75,32234.25
9172,4172,72,4,10882.00,43528.00
9173,4173,73,1,11019.25,11019.25
9174,4174,74,2,11156.50,22313.00
9175,4175,75,3,11293.75,33881.25
9176,4176,76,4,11431.00,45724.00
9177,4177,77,1,11568.25,11568.25
9178,4178,78,2,11705.50,23411.00
9179,4179,79,3,11842.75,35528.25
9180,4180,80,4,11980.00,47920.00
9181,4181,81,1,12117.25,12117.25
9182,4182,82,2,12254.50,24509.00
9183,4183,83,3,12391.75,37175.25
9184,4184,84,4,12529.00,50116.00
9185,4185,85,1,12666.25,12666.25
9186,4186,86,2,12803.50,25607.00
9187,4187,87,3,12940.75,38822.25
9188,4188,88,4,13078.00,52312.00
9189,4189,89,1,13215.25,13215.25
9190,4190,90,2,13352.50,26705.00
9191,4191,91,3,13489.75,40469.25
9192,4192,92,4,13627.00,54508.00
9193,4193,93,1,13764.25,13764.25
9194,4194,94,2,13901.50,27803.00
9195,4195,95,3,14038.75,42116.25
9196,4196,96,4,14176.00,56704.00
9197,4197,97,1,14313.25,14313.25
9198,4198,98,2,14450.50,28901.00
9199,4199,99,3,14587.75,43763.25
9200,4200,100,4,14725.00,58900.00
9201,4201,1,1,1137.25,1137.25
9202,4202,2,2,1274.50,2549.00
9203,4203,3,3,1411.75,4235.25
9204,4204,4,4,1549.00,6196.00
9205,4205,5,1,1686.25,1686.25
9206,4206,6,2,1823.50,3647.00
9207,4207,7,3,1960.75,5882.25
9208,4208,8,4,2098.00,8392.00
9209,4209,9,1,2235.25,2235.25
9210,4210,10,2,2372.50,4745.00
9211,4211,11,3,2509.75,7529.25
9212,4212,12,4,2647.00,10588.00
9213,4213,13,1,2784.25,2784.25
9214,4214,14,2,2921.50,5843.00
9215,4215,15,3,3058.75,9176.25
9216,4216,16,4,3196.00,12784.00
9217,4217,17,1,3333.25,3333.25
9218,4218,18,2,3470.50,6941.00
9219,4219,19,3,3607.75,10823.25
9220,4220,20,4,3745.00,14980.00
9221,4221,21,1,3882.25,3882.25
9222,4222,22,2,4019.50,8039.00
9223,4223,23,3,4156.75,12470.25
9224,4224,24,4,4294.00,17176.00
9225,4225,25,1,4431.25,4431.25
9226,4226,26,2,4568.50,9137.00
9227,4227,27,3,4705.75,14117.25
9228,4228,28,4,4843.00,19372.00
9229,4229,29,1,4980.25,4980.25
9230,4230,30,2,5117.50,10235.00
9231,4231,31,3,5254.75,15764.25
9232,4232,32,4,5392.00,21568.00
9233,4233,33,1,5529.25,5529.25
9234,4234,34,2,5666.50,11333.00
9235,4235,35,3,5803.75,17411.25
9236,4236,36,4,5941.00,23764.00
9237,4237,37,1,6078.25,6078.25
9238,4238,38,2,6215.50,12431.00
9239,4239,39,3,6352.75,19058.25
9240,4240,40,4,6490.00,25960.00
9241,4241,41,1,6627.25,6627.25
9242,4242,42,2,6764.50,13529.00
9243,4243,43,3,6901.75,20705.25
9244,4244,44,4,7039.00,28156.00
9245,4245,45,1,7176.25,7176.25
9246,4246,46,2,7313.50,14627.00
9247,4247,47,3,7450.75,22352.25
9248,4248,48,4,7588.00,30352.00
9249,4249,49,1,7725.25,7725.25
9250,4250,50,2,7862.50,15725.00
9251,4251,51,3,7999.75,23999.25
9252,4252,52,4,8137.00,32548.00
9253,4253,53,1,8274.25,8274.25
9254,4254,54,2,8411.50,16823.00
9255,4255,55,3,8548.75,25646.25
9256,4256,56,4,8686.00,34744.00
9257,4257,57,1,8823.25,8823.25
9258,4258,58,2,8960.50,17921.00
9259,4259,59,3,9097.75,27293.25
9260,4260,60,4,9235.00,36940.00
9261,4261,61,1,9372.25,9372.25
9262,4262,62,2,9509.50,19019.00
9263,4263,63,3,9646.75,28940.25
9264,4264,64,4,9784.00,39136.00
9265,4265,65,1,9921.25,9921.25
9266,4266,66,2,10058.50,20117.00
9267,4267,67,3,10195.75,30587.25
9268,4268,68,4,10333.00,41332.00
9269,4269,69,1,10470.25,10470.25
9270,4270,70,2,10607.50,21215.00
9271,4271,71,3,10744.75,32234.25
9272,4272,72,4,10882.00,43528.00
9273,4273,73,1,11019.25,11019.25
9274,4274,74,2,11156.50,22313.00
9275,4275,75,3,11293.75,33881.25
9276,4276,76,4,11431.00,45724.00
9277,4277,77,1,11568.25,11568.25
9278,4278,78,2,11705.50,23411.00
9279,4279,79,3,11842.75,35528.25
9280,4280,80,4,11980.00,47920.00
9281,4281,81,1,12117.25,12117.25
9282,4282,82,2,12254.50,24509.00
9283,4283,83,3,12391.75,37175.25
9284,4284,84,4,12529.00,50116.00
9285,4285,85,1,12666.25,12666.25
9286,4286,86,2,12803.50,25607.00
9287,4287,87,3,12940.75,38822.25
9288,4288,88,4,13078.00,52312.00
9289,4289,89,1,13215.25,13215.25
9290,4290,90,2,13352.50,26705.00
9291,4291,91,3,13489.75,40469.25
9292,4292,92,4,13627.00,54508.00
9293,4293,93,1,13764.25,13764.25
9294,4294,94,2,13901.50,27803.00
9295,4295,95,3,14038.75,42116.25
9296,4296,96,4,14176.00,56704.00
9297,4297,97,1,14313.25,14313.25
9298,4298,98,2,14450.50,28901.00
9299,4299,99,3,14587.75,43763.25
9300,4300,100,4,14725.00,58900.00
9301,4301,1,1,1137.25,1137.25
9302,4302,2,2,1274.50,2549.00
9303,4303,3,3,1411.75,4235.25
9304,4304,4,4,1549.00,6196.00
9305,4305,5,1,1686.25,1686.25
9306,4306,6,2,1823.50,3647.00
9307,4307,7,3,1960.75,5882.25
9308,4308,8,4,2098.00,8392.00
9309,4309,9,1,2235.25,2235.25
9310,4310,10,2,2372.50,4745.00
9311,4311,11,3,2509.75,7529.25
9312,4312,12,4,2647.00,10588.00
9313,4313,13,1,2784.25,2784.25
9314,4314,14,2,2921.50,5843.00
9315,4315,15,3,3058.75,9176.25
9316,4316,16,4,3196.00,12784.00
9317,4317,17,1,3333.25,3333.25
9318,4318,18,2,3470.50,6941.00
9319,4319,19,3,3607.75,10823.25
9320,4320,20,4,3745.00,14980.00
9321,4321,21,1,3882.25,3882.25
9322,4322,22,2,4019.50,8039.00
9323,4323,23,3,4156.75,12470.25
9324,4324,24,4,4294.00,17176.00
9325,4325,25,1,4431.25,4431.25
9326,4326,26,2,4568.50,9137.00
9327,4327,27,3,4705.75,14117.25
9328,4328,28,4,4843.00,19372.00
9329,4329,29,1,4980.25,4980.25
9330,4330,30,2,5117.50,10235.00
9331,4331,31,3,5254.75,15764.25
9332,4332,32,4,5392.00,21568.00
9333,4333,33,1,5529.25,5529.25
9334,4334,34,2,5666.50,11333.00
9335,4335,35,3,5803.75,17411.25
9336,4336,36,4,5941.00,23764.00
9337,4337,37,1,6078.25,6078.25
9338,4338,38,2,6215.50,12431.00
9339,4339,39,3,6352.75,19058.25
9340,4340,40,4,6490.00,25960.00
9341,4341,41,1,6627.25,6627.25
9342,4342,42,2,6764.50,13529.00
9343,4343,43,3,6901.75,20705.25
9344,4344,44,4,7039.00,28156.00
9345,4345,45,1,7176.25,7176.25
9346,4346,46,2,7313.50,14627.00
9347,4347,47,3,7450.75,22352.25
9348,4348,48,4,7588.00,30352.00
9349,4349,49,1,7725.25,7725.25
9350,4350,50,2,7862.50,15725.00
9351,4351,51,3,7999.75,23999.25
9352,4352,52,4,8137.00,32548.00
9353,4353,53,1,8274.25,8274.25
9354,4354,54,2,8411.50,16823.00
9355,4355,55,3,8548.75,25646.25
9356,4356,56,4,8686.00,34744.00
9357,4357,57,1,8823.25,8823.25
9358,4358,58,2,8960.50,17921.00
9359,4359,59,3,9097.75,27293.25
9360,4360,60,4,9235.00,36940.00
9361,4361,61,1,9372.25,9372.25
9362,4362,62,2,9509.50,19019.00
9363,4363,63,3,9646.75,28940.25
9364,4364,64,4,9784.00,39136.00
9365,4365,65,1,9921.25,9921.25
9366,4366,66,2,10058.50,20117.00
9367,4367,67,3,10195.75,30587.25
9368,4368,68,4,10333.00,41332.00
9369,4369,69,1,10470.25,10470.25
9370,4370,70,2,10607.50,21215.00
9371,4371,71,3,10744.75,32234.25
9372,4372,72,4,10882.00,43528.00
9373,4373,73,1,11019.25,11019.25
9374,4374,74,2,11156.50,22313.00
9375,4375,75,3,11293.75,33881.25
9376,4376,76,4,11431.00,45724.00
9377,4377,77,1,11568.25,11568.25
9378,4378,78,2,11705.50,23411.00
9379,4379,79,3,11842.75,35528.25
9380,4380,80,4,11980.00,47920.00
9381,4381,81,1,12117.25,12117.25
9382,4382,82,2,12254.50,24509.00
9383,4383,83,3,12391.75,37175.25
9384,4384,84,4,12529.00,50116.00
9385,4385,85,1,12666.25,12666.25
9386,4386,86,2,12803.50,25607.00
9387,4387,87,3,12940.75,38822.25
9388,4388,88,4,13078.00,52312.00
9389,4389,89,1,13215.25,13215.25
9390,4390,90,2,13352.50,26705.00
9391,4391,91,3,13489.75,40469.25
9392,4392,92,4,13627.00,54508.00
9393,4393,93,1,13764.25,13764.25
9394,4394,94,2,13901.50,27803.00
9395,4395,95,3,14038.75,42116.25
9396,4396,96,4,14176.00,56704.00
9397,4397,97,1,14313.25,14313.25
9398,4398,98,2,14450.50,28901.00
9399,4399,99,3,14587.75,43763.25
9400,4400,100,4,14725.00,58900.00
9401,4401,1,1,1137.25,1137.25
9402,4402,2,2,1274.50,2549.00
9403,4403,3,3,1411.75,4235.25
9404,4404,4,4,1549.00,6196.00
9405,4405,5,1,1686.25,1686.25
9406,4406,6,2,1823.50,3647.00
9407,4407,7,3,1960.75,5882.25
9408,4408,8,4,2098.00,8392.00
9409,4409,9,1,2235.25,2235.25
9410,4410,10,2,2372.50,4745.00
9411,4411,11,3,2509.75,7529.25
9412,4412,12,4,2647.00,10588.00
9413,4413,13,1,2784.25,2784.25
9414,4414,14,2,2921.50,5843.00
9415,4415,15,3,3058.75,9176.25
9416,4416,16,4,3196.00,12784.00
9417,4417,17,1,3333.25,3333.25
9418,4418,18,2,3470.50,6941.00
9419,4419,19,3,3607.75,10823.25
9420,4420,20,4,3745.00,14980.00
9421,4421,21,1,3882.25,3882.25
9422,4422,22,2,4019.50,8039.00
9423,4423,23,3,4156.75,12470.25
9424,4424,24,4,4294.00,17176.00
9425,4425,25,1,4431.25,4431.25
9426,4426,26,2,4568.50,9137.00
9427,4427,27,3,4705.75,14117.25
9428,4428,28,4,4843.00,19372.00
9429,4429,29,1,4980.25,4980.25
9430,4430,30,2,5117.50,10235.00
9431,4431,31,3,5254.75,15764.25
9432,4432,32,4,5392.00,21568.00
9433,4433,33,1,5529.25,5529.25
9434,4434,34,2,5666.50,11333.00
9435,4435,35,3,5803.75,17411.25
9436,4436,36,4,5941.00,23764.00
9437,4437,37,1,6078.25,6078.25
9438,4438,38,2,6215.50,12431.00
9439,4439,39,3,6352.75,19058.25
9440,4440,40,4,6490.00,25960.00
9441,4441,41,1,6627.25,6627.25
9442,4442,42,2,6764.50,13529.00
9443,4443,43,3,6901.75,20705.25
9444,4444,44,4,7039.00,28156.00
9445,4445,45,1,7176.25,7176.25
9446,4446,46,2,7313.50,14627.00
9447,4447,47,3,7450.75,22352.25
9448,4448,48,4,7588.00,30352.00
9449,4449,49,1,7725.25,7725.25
9450,4450,50,2,7862.50,15725.00
9451,4451,51,3,7999.75,23999.25
9452,4452,52,4,8137.00,32548.00
9453,4453,53,1,8274.25,8274.25
9454,4454,54,2,8411.50,16823.00
9455,4455,55,3,8548.75,25646.25
9456,4456,56,4,8686.00,34744.00
9457,4457,57,1,8823.25,8823.25
9458,4458,58,2,8960.50,17921.00
9459,4459,59,3,9097.75,27293.25
9460,4460,60,4,9235.00,36940.00
9461,4461,61,1,9372.25,9372.25
9462,4462,62,2,9509.50,19019.00
9463,4463,63,3,9646.75,28940.25
9464,4464,64,4,9784.00,39136.00
9465,4465,65,1,9921.25,9921.25
9466,4466,66,2,10058.50,20117.00
9467,4467,67,3,10195.75,30587.25
9468,4468,68,4,10333.00,41332.00
9469,4469,69,1,10470.25,10470.25
9470,4470,70,2,10607.50,21215.00
9471,4471,71,3,10744.75,32234.25
9472,4472,72,4,10882.00,43528.00
9473,4473,73,1,11019.25,11019.25
9474,4474,74,2,11156.50,22313.00
9475,4475,75,3,11293.75,33881.25
9476,4476,76,4,11431.00,45724.00
9477,4477,77,1,11568.25,11568.25
9478,4478,78,2,11705.50,23411.00
9479,4479,79,3,11842.75,35528.25
9480,4480,80,4,11980.00,47920.00
9481,4481,81,1,12117.25,12117.25
9482,4482,82,2,12254.50,24509.00
9483,4483,83,3,12391.75,37175.25
9484,4484,84,4,12529.00,50116.00
9485,4485,85,1,12666.25,12666.25
9486,4486,86,2,12803.50,25607.00
9487,4487,87,3,12940.75,38822.25
9488,4488,88,4,13078.00,52312.00
9489,4489,89,1,13215.25,13215.25
9490,4490,90,2,13352.50,26705.00
9491,4491,91,3,13489.75,40469.25
9492,4492,92,4,13627.00,54508.00
9493,4493,93,1,13764.25,13764.25
9494,4494,94,2,13901.50,27803.00
9495,4495,95,3,14038.75,42116.25
9496,4496,96,4,14176.00,56704.00
9497,4497,97,1,14313.25,14313.25
9498,4498,98,2,14450.50,28901.00
9499,4499,99,3,14587.75,43763.25
9500,4500,100,4,14725.00,58900.00
9501,4501,1,1,1137.25,1137.25
9502,4502,2,2,1274.50,2549.00
9503,4503,3,3,1411.75,4235.25
9504,4504,4,4,1549.00,6196.00
9505,4505,5,1,1686.25,1686.25
9506,4506,6,2,1823.50,3647.00
9507,4507,7,3,1960.75,5882.25
9508,4508,8,4,2098.00,8392.00
9509,4509,9,1,2235.25,2235.25
9510,4510,10,2,2372.50,4745.00
9511,4511,11,3,2509.75,7529.25
9512,4512,12,4,2647.00,10588.00
9513,4513,13,1,2784.25,2784.25
9514,4514,14,2,2921.50,5843.00
9515,4515,15,3,3058.75,9176.25
9516,4516,16,4,3196.00,12784.00
9517,4517,17,1,3333.25,3333.25
9518,4518,18,2,3470.50,6941.00
9519,4519,19,3,3607.75,10823.25
9520,4520,20,4,3745.00,14980.00
9521,4521,21,1,3882.25,3882.25
9522,4522,22,2,4019.50,8039.00
9523,4523,23,3,4156.75,12470.25
9524,4524,24,4,4294.00,17176.00
9525,4525,25,1,4431.25,4431.25
9526,4526,26,2,4568.50,9137.00
9527,4527,27,3,4705.75,14117.25
9528,4528,28,4,4843.00,19372.00
9529,4529,29,1,4980.25,4980.25
9530,4530,30,2,5117.50,10235.00
9531,4531,31,3,5254.75,15764.25
9532,4532,32,4,5392.00,21568.00
9533,4533,33,1,5529.25,5529.25
9534,4534,34,2,5666.50,11333.00
9535,4535,35,3,5803.75,17411.25
9536,4536,36,4,5941.00,23764.00
9537,4537,37,1,6078.25,6078.25
9538,4538,38,2,6215.50,12431.00
9539,4539,39,3,6352.75,19058.25
9540,4540,40,4,6490.00,25960.00
9541,4541,41,1,6627.25,6627.25
9542,4542,42,2,6764.50,13529.00
9543,4543,43,3,6901.75,20705.25
9544,4544,44,4,7039.00,28156.00
9545,4545,45,1,7176.25,7176.25
9546,4546,46,2,7313.50,14627.00
9547,4547,47,3,7450.75,22352.25
9548,4548,48,4,7588.00,30352.00
9549,4549,49,1,7725.25,7725.25
9550,4550,50,2,7862.50,15725.00
9551,4551,51,3,7999.75,23999.25
9552,4552,52,4,8137.00,32548.00
9553,4553,53,1,8274.25,8274.25
9554,4554,54,2,8411.50,16823.00
9555,4555,55,3,8548.75,25646.25
9556,4556,56,4,8686.00,34744.00
9557,4557,57,1,8823.25,8823.25
9558,4558,58,2,8960.50,17921.00
9559,4559,59,3,9097.75,27293.25
9560,4560,60,4,9235.00,36940.00
9561,4561,61,1,9372.25,9372.25
9562,4562,62,2,9509.50,19019.00
9563,4563,63,3,9646.75,28940.25
9564,4564,64,4,9784.00,39136.00
9565,4565,65,1,9921.25,9921.25
9566,4566,66,2,10058.50,20117.00
9567,4567,67,3,10195.75,30587.25
9568,4568,68,4,10333.00,41332.00
9569,4569,69,1,10470.25,10470.25
9570,4570,70,2,10607.50,21215.00
9571,4571,71,3,10744.75,32234.25
9572,4572,72,4,10882.00,43528.00
9573,4573,73,1,11019.25,11019.25
9574,4574,74,2,11156.50,22313.00
9575,4575,75,3,11293.75,33881.25
9576,4576,76,4,11431.00,45724.00
9577,4577,77,1,11568.25,11568.25
9578,4578,78,2,11705.50,23411.00
9579,4579,79,3,11842.75,35528.25
9580,4580,80,4,11980.00,47920.00
9581,4581,81,1,12117.25,12117.25
9582,4582,82,2,12254.50,24509.00
9583,4583,83,3,12391.75,37175.25
9584,4584,84,4,12529.00,50116.00
9585,4585,85,1,12666.25,12666.25
9586,4586,86,2,12803.50,25607.00
9587,4587,87,3,12940.75,38822.25
9588,4588,88,4,13078.00,52312.00
9589,4589,89,1,13215.25,13215.25
9590,4590,90,2,13352.50,26705.00
9591,4591,91,3,13489.75,40469.25
9592,4592,92,4,13627.00,54508.00
9593,4593,93,1,13764.25,13764.25
9594,4594,94,2,13901.50,27803.00
9595,4595,95,3,14038.75,42116.25
9596,4596,96,4,14176.00,56704.00
9597,4597,97,1,14313.25,14313.25
9598,4598,98,2,14450.50,28901.00
9599,4599,99,3,14587.75,43763.25
9600,4600,100,4,14725.00,58900.00
9601,4601,1,1,1137.25,1137.25
9602,4602,2,2,1274.50,2549.00
9603,4603,3,3,1411.75,4235.25
9604,4604,4,4,1549.00,6196.00
9605,4605,5,1,1686.25,1686.25
9606,4606,6,2,1823.50,3647.00
9607,4607,7,3,1960.75,5882.25
9608,4608,8,4,2098.00,8392.00
9609,4609,9,1,2235.25,2235.25
9610,4610,10,2,2372.50,4745.00
9611,4611,11,3,2509.75,7529.25
9612,4612,12,4,2647.00,10588.00
9613,4613,13,1,2784.25,2784.25
9614,4614,14,2,2921.50,5843.00
9615,4615,15,3,3058.75,9176.25
9616,4616,16,4,3196.00,12784.00
9617,4617,17,1,3333.25,3333.25
9618,4618,18,2,3470.50,6941.00
9619,4619,19,3,3607.75,10823.25
9620,4620,20,4,3745.00,14980.00
9621,4621,21,1,3882.25,3882.25
9622,4622,22,2,4019.50,8039.00
9623,4623,23,3,4156.75,12470.25
9624,4624,24,4,4294.00,17176.00
9625,4625,25,1,4431.25,4431.25
9626,4626,26,2,4568.50,9137.00
9627,4627,27,3,4705.75,14117.25
9628,4628,28,4,4843.00,19372.00
9629,4629,29,1,4980.25,4980.25
9630,4630,30,2,5117.50,10235.00
9631,4631,31,3,5254.75,15764.25
9632,4632,32,4,5392.00,21568.00
9633,4633,33,1,5529.25,5529.25
9634,4634,34,2,5666.50,11333.00
9635,4635,35,3,5803.75,17411.25
9636,4636,36,4,5941.00,23764.00
9637,4637,37,1,6078.25,6078.25
9638,4638,38,2,6215.50,12431.00
9639,4639,39,3,6352.75,19058.25
9640,4640,40,4,6490.00,25960.00
9641,4641,41,1,6627.25,6627.25
9642,4642,42,2,6764.50,13529.00
9643,4643,43,3,6901.75,20705.25
9644,4644,44,4,7039.00,28156.00
9645,4645,45,1,7176.25,7176.25
9646,4646,46,2,7313.50,14627.00
9647,4647,47,3,7450.75,22352.25
9648,4648,48,4,7588.00,30352.00
9649,4649,49,1,7725.25,7725.25
9650,4650,50,2,7862.50,15725.00
9651,4651,51,3,7999.75,23999.25
9652,4652,52,4,8137.00,32548.00
9653,4653,53,1,8274.25,8274.25
9654,4654,54,2,8411.50,16823.00
9655,4655,55,3,8548.75,25646.25
9656,4656,56,4,8686.00,34744.00
9657,4657,57,1,8823.25,8823.25
9658,4658,58,2,8960.50,17921.00
9659,4659,59,3,9097.75,27293.25
9660,4660,60,4,9235.00,36940.00
9661,4661,61,1,9372.25,9372.25
9662,4662,62,2,9509.50,19019.00
9663,4663,63,3,9646.75,28940.25
9664,4664,64,4,9784.00,39136.00
9665,4665,65,1,9921.25,9921.25
9666,4666,66,2,10058.50,20117.00
9667,4667,67,3,10195.75,30587.25
9668,4668,68,4,10333.00,41332.00
9669,4669,69,1,10470.25,10470.25
9670,4670,70,2,10607.50,21215.00
9671,4671,71,3,10744.75,32234.25
9672,4672,72,4,10882.00,43528.00
9673,4673,73,1,11019.25,11019.25
9674,4674,74,2,11156.50,22313.00
9675,4675,75,3,11293.75,33881.25
9676,4676,76,4,11431.00,45724.00
9677,4677,77,1,11568.25,11568.25
9678,4678,78,2,11705.50,23411.00
9679,4679,79,3,11842.75,35528.25
9680,4680,80,4,11980.00,47920.00
9681,4681,81,1,12117.25,12117.25
9682,4682,82,2,12254.50,24509.00
9683,4683,83,3,12391.75,37175.25
9684,4684,84,4,12529.00,50116.00
9685,4685,85,1,12666.25,12666.25
9686,4686,86,2,12803.50,25607.00
9687,4687,87,3,12940.75,38822.25
9688,4688,88,4,13078.00,52312.00
9689,4689,89,1,13215.25,13215.25
9690,4690,90,2,13352.50,26705.00
9691,4691,91,3,13489.75,40469.25
9692,4692,92,4,13627.00,54508.00
9693,4693,93,1,13764.25,13764.25
9694,4694,94,2,13901.50,27803.00
9695,4695,95,3,14038.75,42116.25
9696,4696,96,4,14176.00,56704.00
9697,4697,97,1,14313.25,14313.25
9698,4698,98,2,14450.50,28901.00
9699,4699,99,3,14587.75,43763.25
9700,4700,100,4,14725.00,58900.00
9701,4701,1,1,1137.25,1137.25
9702,4702,2,2,1274.50,2549.00
9703,4703,3,3,1411.75,4235.25
9704,4704,4,4,1549.00,6196.00
9705,4705,5,1,1686.25,1686.25
9706,4706,6,2,1823.50,3647.00
9707,4707,7,3,1960.75,5882.25
9708,4708,8,4,2098.00,8392.00
9709,4709,9,1,2235.25,2235.25
9710,4710,10,2,2372.50,4745.00
9711,4711,11,3,2509.75,7529.25
9712,4712,12,4,2647.00,10588.00
9713,4713,13,1,2784.25,2784.25
9714,4714,14,2,2921.50,5843.00
9715,4715,15,3,3058.75,9176.25
9716,4716,16,4,3196.00,12784.00
9717,4717,17,1,3333.25,3333.25
9718,4718,18,2,3470.50,6941.00
9719,4719,19,3,3607.75,10823.25
9720,4720,20,4,3745.00,14980.00
9721,4721,21,1,3882.25,3882.25
9722,4722,22,2,4019.50,8039.00
9723,4723,23,3,4156.75,12470.25
9724,4724,24,4,4294.00,17176.00
9725,4725,25,1,4431.25,4431.25
9726,4726,26,2,4568.50,9137.00
9727,4727,27,3,4705.75,14117.25
9728,4728,28,4,4843.00,19372.00
9729,4729,29,1,4980.25,4980.25
9730,4730,30,2,5117.50,10235.00
9731,4731,31,3,5254.75,15764.25
9732,4732,32,4,5392.00,21568.00
9733,4733,33,1,5529.25,5529.25
9734,4734,34,2,5666.50,11333.00
9735,4735,35,3,5803.75,17411.25
9736,4736,36,4,5941.00,23764.00
9737,4737,37,1,6078.25,6078.25
9738,4738,38,2,6215.50,12431.00
9739,4739,39,3,6352.75,19058.25
9740,4740,40,4,6490.00,25960.00
9741,4741,41,1,6627.25,6627.25
9742,4742,42,2,6764.50,13529.00
9743,4743,43,3,6901.75,20705.25
9744,4744,44,4,7039.00,28156.00
9745,4745,45,1,7176.25,7176.25
9746,4746,46,2,7313.50,14627.00
9747,4747,47,3,7450.75,22352.25
9748,4748,48,4,7588.00,30352.00
9749,4749,49,1,7725.25,7725.25
9750,4750,50,2,7862.50,15725.00
9751,4751,51,3,7999.75,23999.25
9752,4752,52,4,8137.00,32548.00
9753,4753,53,1,8274.25,8274.25
9754,4754,54,2,8411.50,16823.00
9755,4755,55,3,8548.75,25646.25
9756,4756,56,4,8686.00,34744.00
9757,4757,57,1,8823.25,8823.25
9758,4758,58,2,8960.50,17921.00
9759,4759,59,3,9097.75,27293.25
9760,4760,60,4,9235.00,36940.00
9761,4761,61,1,9372.25,9372.25
9762,4762,62,2,9509.50,19019.00
9763,4763,63,3,9646.75,28940.25
9764,4764,64,4,9784.00,39136.00
9765,4765,65,1,9921.25,9921.25
9766,4766,66,2,10058.50,20117.00
9767,4767,67,3,10195.75,30587.25
9768,4768,68,4,10333.00,41332.00
9769,4769,69,1,10470.25,10470.25
9770,4770,70,2,10607.50,21215.00
9771,4771,71,3,10744.75,32234.25
9772,4772,72,4,10882.00,43528.00
9773,4773,73,1,11019.25,11019.25
9774,4774,74,2,11156.50,22313.00
9775,4775,75,3,11293.75,33881.25
9776,4776,76,4,11431.00,45724.00
9777,4777,77,1,11568.25,11568.25
9778,4778,78,2,11705.50,23411.00
9779,4779,79,3,11842.75,35528.25
9780,4780,80,4,11980.00,47920.00
9781,4781,81,1,12117.25,12117.25
9782,4782,82,2,12254.50,24509.00
9783,4783,83,3,12391.75,37175.25
9784,4784,84,4,12529.00,50116.00
9785,4785,85,1,12666.25,12666.25
9786,4786,86,2,12803.50,25607.00
9787,4787,87,3,12940.75,38822.25
9788,4788,88,4,13078.00,52312.00
9789,4789,89,1,13215.25,13215.25
9790,4790,90,2,13352.50,26705.00
9791,4791,91,3,13489.75,40469.25
9792,4792,92,4,13627.00,54508.00
9793,4793,93,1,13764.25,13764.25
9794,4794,94,2,13901.50,27803.00
9795,4795,95,3,14038.75,42116.25
9796,4796,96,4,14176.00,56704.00
9797,4797,97,1,14313.25,14313.25
9798,4798,98,2,14450.50,28901.00
9799,4799,99,3,14587.75,43763.25
9800,4800,100,4,14725.00,58900.00
9801,4801,1,1,1137.25,1137.25
9802,4802,2,2,1274.50,2549.00
9803,4803,3,3,1411.75,4235.25
9804,4804,4,4,1549.00,6196.00
9805,4805,5,1,1686.25,1686.25
9806,4806,6,2,1823.50,3647.00
9807,4807,7,3,1960.75,5882.25
9808,4808,8,4,2098.00,8392.00
9809,4809,9,1,2235.25,2235.25
9810,4810,10,2,2372.50,4745.00
9811,4811,11,3,2509.75,7529.25
9812,4812,12,4,2647.00,10588.00
9813,4813,13,1,2784.25,2784.25
9814,4814,14,2,2921.50,5843.00
9815,4815,15,3,3058.75,9176.25
9816,4816,16,4,3196.00,12784.00
9817,4817,17,1,3333.25,3333.25
9818,4818,18,2,3470.50,6941.00
9819,4819,19,3,3607.75,10823.25
9820,4820,20,4,3745.00,14980.00
9821,4821,21,1,3882.25,3882.25
9822,4822,22,2,4019.50,8039.00
9823,4823,23,3,4156.75,12470.25
9824,4824,24,4,4294.00,17176.00
9825,4825,25,1,4431.25,4431.25
9826,4826,26,2,4568.50,9137.00
9827,4827,27,3,4705.75,14117.25
9828,4828,28,4,4843.00,19372.00
9829,4829,29,1,4980.25,4980.25
9830,4830,30,2,5117.50,10235.00
9831,4831,31,3,5254.75,15764.25
9832,4832,32,4,5392.00,21568.00
9833,4833,33,1,5529.25,5529.25
9834,4834,34,2,5666.50,11333.00
9835,4835,35,3,5803.75,17411.25
9836,4836,36,4,5941.00,23764.00
9837,4837,37,1,6078.25,6078.25
9838,4838,38,2,6215.50,12431.00
9839,4839,39,3,6352.75,19058.25
9840,4840,40,4,6490.00,25960.00
9841,4841,41,1,6627.25,6627.25
9842,4842,42,2,6764.50,13529.00
9843,4843,43,3,6901.75,20705.25
9844,4844,44,4,7039.00,28156.00
9845,4845,45,1,7176.25,7176.25
9846,4846,46,2,7313.50,14627.00
9847,4847,47,3,7450.75,22352.25
9848,4848,48,4,7588.00,30352.00
9849,4849,49,1,7725.25,7725.25
9850,4850,50,2,7862.50,15725.00
9851,4851,51,3,7999.75,23999.25
9852,4852,52,4,8137.00,32548.00
9853,4853,53,1,8274.25,8274.25
9854,4854,54,2,8411.50,16823.00
9855,4855,55,3,8548.75,25646.25
9856,4856,56,4,8686.00,34744.00
9857,4857,57,1,8823.25,8823.25
9858,4858,58,2,8960.50,17921.00
9859,4859,59,3,9097.75,27293.25
9860,4860,60,4,9235.00,36940.00
9861,4861,61,1,9372.25,9372.25
9862,4862,62,2,9509.50,19019.00
9863,4863,63,3,9646.75,28940.25
9864,4864,64,4,9784.00,39136.00
9865,4865,65,1,9921.25,9921.25
9866,4866,66,2,10058.50,20117.00
9867,4867,67,3,10195.75,30587.25
9868,4868,68,4,10333.00,41332.00
9869,4869,69,1,10470.25,10470.25
9870,4870,70,2,10607.50,21215.00
9871,4871,71,3,10744.75,32234.25
9872,4872,72,4,10882.00,43528.00
9873,4873,73,1,11019.25,11019.25
9874,4874,74,2,11156.50,22313.00
9875,4875,75,3,11293.75,33881.25
9876,4876,76,4,11431.00,45724.00
9877,4877,77,1,11568.25,11568.25
9878,4878,78,2,11705.50,23411.00
9879,4879,79,3,11842.75,35528.25
9880,4880,80,4,11980.00,47920.00
9881,4881,81,1,12117.25,12117.25
9882,4882,82,2,12254.50,24509.00
9883,4883,83,3,12391.75,37175.25
9884,4884,84,4,12529.00,50116.00
9885,4885,85,1,12666.25,12666.25
9886,4886,86,2,12803.50,25607.00
9887,4887,87,3,12940.75,38822.25
9888,4888,88,4,13078.00,52312.00
9889,4889,89,1,13215.25,13215.25
9890,4890,90,2,13352.50,26705.00
9891,4891,91,3,13489.75,40469.25
9892,4892,92,4,13627.00,54508.00
9893,4893,93,1,13764.25,13764.25
9894,4894,94,2,13901.50,27803.00
9895,4895,95,3,14038.75,42116.25
9896,4896,96,4,14176.00,56704.00
9897,4897,97,1,14313.25,14313.25
9898,4898,98,2,14450.50,28901.00
9899,4899,99,3,14587.75,43763.25
9900,4900,100,4,14725.00,58900.00
9901,4901,1,1,1137.25,1137.25
9902,4902,2,2,1274.50,2549.00
9903,4903,3,3,1411.75,4235.25
9904,4904,4,4,1549.00,6196.00
9905,4905,5,1,1686.25,1686.25
9906,4906,6,2,1823.50,3647.00
9907,4907,7,3,1960.75,5882.25
9908,4908,8,4,2098.00,8392.00
9909,4909,9,1,2235.25,2235.25
9910,4910,10,2,2372.50,4745.00
9911,4911,11,3,2509.75,7529.25
9912,4912,12,4,2647.00,10588.00
9913,4913,13,1,2784.25,2784.25
9914,4914,14,2,2921.50,5843.00
9915,4915,15,3,3058.75,9176.25
9916,4916,16,4,3196.00,12784.00
9917,4917,17,1,3333.25,3333.25
9918,4918,18,2,3470.50,6941.00
9919,4919,19,3,3607.75,10823.25
9920,4920,20,4,3745.00,14980.00
9921,4921,21,1,3882.25,3882.25
9922,4922,22,2,4019.50,8039.00
9923,4923,23,3,4156.75,12470.25
9924,4924,24,4,4294.00,17176.00
9925,4925,25,1,4431.25,4431.25
9926,4926,26,2,4568.50,9137.00
9927,4927,27,3,4705.75,14117.25
9928,4928,28,4,4843.00,19372.00
9929,4929,29,1,4980.25,4980.25
9930,4930,30,2,5117.50,10235.00
9931,4931,31,3,5254.75,15764.25
9932,4932,32,4,5392.00,21568.00
9933,4933,33,1,5529.25,5529.25
9934,4934,34,2,5666.50,11333.00
9935,4935,35,3,5803.75,17411.25
9936,4936,36,4,5941.00,23764.00
9937,4937,37,1,6078.25,6078.25
9938,4938,38,2,6215.50,12431.00
9939,4939,39,3,6352.75,19058.25
9940,4940,40,4,6490.00,25960.00
9941,4941,41,1,6627.25,6627.25
9942,4942,42,2,6764.50,13529.00
9943,4943,43,3,6901.75,20705.25
9944,4944,44,4,7039.00,28156.00
9945,4945,45,1,7176.25,7176.25
9946,4946,46,2,7313.50,14627.00
9947,4947,47,3,7450.75,22352.25
9948,4948,48,4,7588.00,30352.00
9949,4949,49,1,7725.25,7725.25
9950,4950,50,2,7862.50,15725.00
9951,4951,51,3,7999.75,23999.25
9952,4952,52,4,8137.00,32548.00
9953,4953,53,1,8274.25,8274.25
9954,4954,54,2,8411.50,16823.00
9955,4955,55,3,8548.75,25646.25
9956,4956,56,4,8686.00,34744.00
9957,4957,57,1,8823.25,8823.25
9958,4958,58,2,8960.50,17921.00
9959,4959,59,3,9097.75,27293.25
9960,4960,60,4,9235.00,36940.00
9961,4961,61,1,9372.25,9372.25
9962,4962,62,2,9509.50,19019.00
9963,4963,63,3,9646.75,28940.25
9964,4964,64,4,9784.00,39136.00
9965,4965,65,1,9921.25,9921.25
9966,4966,66,2,10058.50,20117.00
9967,4967,67,3,10195.75,30587.25
9968,4968,68,4,10333.00,41332.00
9969,4969,69,1,10470.25,10470.25
9970,4970,70,2,10607.50,21215.00
9971,4971,71,3,10744.75,32234.25
9972,4972,72,4,10882.00,43528.00
9973,4973,73,1,11019.25,11019.25
9974,4974,74,2,11156.50,22313.00
9975,4975,75,3,11293.75,33881.25
9976,4976,76,4,11431.00,45724.00
9977,4977,77,1,11568.25,11568.25
9978,4978,78,2,11705.50,23411.00
9979,4979,79,3,11842.75,35528.25
9980,4980,80,4,11980.00,47920.00
9981,4981,81,1,12117.25,12117.25
9982,4982,82,2,12254.50,24509.00
9983,4983,83,3,12391.75,37175.25
9984,4984,84,4,12529.00,50116.00
9985,4985,85,1,12666.25,12666.25
9986,4986,86,2,12803.50,25607.00
9987,4987,87,3,12940.75,38822.25
9988,4988,88,4,13078.00,52312.00
9989,4989,89,1,13215.25,13215.25
9990,4990,90,2,13352.50,26705.00
9991,4991,91,3,13489.75,40469.25
9992,4992,92,4,13627.00,54508.00
9993,4993,93,1,13764.25,13764.25
9994,4994,94,2,13901.50,27803.00
9995,4995,95,3,14038.75,42116.25
9996,4996,96,4,14176.00,56704.00
9997,4997,97,1,14313.25,14313.25
9998,4998,98,2,14450.50,28901.00
9999,4999,99,3,14587.75,43763.25
10000,5000,100,4,14725.00,58900.00
10001,1,1,1,1137.25,1137.25
10002,2,2,2,1274.50,2549.00
10003,3,3,3,1411.75,4235.25
10004,4,4,4,1549.00,6196.00
10005,5,5,1,1686.25,1686.25
10006,6,6,2,1823.50,3647.00
10007,7,7,3,1960.75,5882.25
10008,8,8,4,2098.00,8392.00
10009,9,9,1,2235.25,2235.25
10010,10,10,2,2372.50,4745.00
10011,11,11,3,2509.75,7529.25
10012,12,12,4,2647.00,10588.00
10013,13,13,1,2784.25,2784.25
10014,14,14,2,2921.50,5843.00
10015,15,15,3,3058.75,9176.25
10016,16,16,4,3196.00,12784.00
10017,17,17,1,3333.25,3333.25
10018,18,18,2,3470.50,6941.00
10019,19,19,3,3607.75,10823.25
10020,20,20,4,3745.00,14980.00
10021,21,21,1,3882.25,3882.25
10022,22,22,2,4019.50,8039.00
10023,23,23,3,4156.75,12470.25
10024,24,24,4,4294.00,17176.00
10025,25,25,1,4431.25,4431.25
10026,26,26,2,4568.50,9137.00
10027,27,27,3,4705.75,14117.25
10028,28,28,4,4843.00,19372.00
10029,29,29,1,4980.25,4980.25
10030,30,30,2,5117.50,10235.00
10031,31,31,3,5254.75,15764.25
10032,32,32,4,5392.00,21568.00
10033,33,33,1,5529.25,5529.25
10034,34,34,2,5666.50,11333.00
10035,35,35,3,5803.75,17411.25
10036,36,36,4,5941.00,23764.00
10037,37,37,1,6078.25,6078.25
10038,38,38,2,6215.50,12431.00
10039,39,39,3,6352.75,19058.25
10040,40,40,4,6490.00,25960.00
10041,41,41,1,6627.25,6627.25
10042,42,42,2,6764.50,13529.00
10043,43,43,3,6901.75,20705.25
10044,44,44,4,7039.00,28156.00
10045,45,45,1,7176.25,7176.25
10046,46,46,2,7313.50,14627.00
10047,47,47,3,7450.75,22352.25
10048,48,48,4,7588.00,30352.00
10049,49,49,1,7725.25,7725.25
10050,50,50,2,7862.50,15725.00
10051,51,51,3,7999.75,23999.25
10052,52,52,4,8137.00,32548.00
10053,53,53,1,8274.25,8274.25
10054,54,54,2,8411.50,16823.00
10055,55,55,3,8548.75,25646.25
10056,56,56,4,8686.00,34744.00
10057,57,57,1,8823.25,8823.25
10058,58,58,2,8960.50,17921.00
10059,59,59,3,9097.75,27293.25
10060,60,60,4,9235.00,36940.00
10061,61,61,1,9372.25,9372.25
10062,62,62,2,9509.50,19019.00
10063,63,63,3,9646.75,28940.25
10064,64,64,4,9784.00,39136.00
10065,65,65,1,9921.25,9921.25
10066,66,66,2,10058.50,20117.00
10067,67,67,3,10195.75,30587.25
10068,68,68,4,10333.00,41332.00
10069,69,69,1,10470.25,10470.25
10070,70,70,2,10607.50,21215.00
10071,71,71,3,10744.75,32234.25
10072,72,72,4,10882.00,43528.00
10073,73,73,1,11019.25,11019.25
10074,74,74,2,11156.50,22313.00
10075,75,75,3,11293.75,33881.25
10076,76,76,4,11431.00,45724.00
10077,77,77,1,11568.25,11568.25
10078,78,78,2,11705.50,23411.00
10079,79,79,3,11842.75,35528.25
10080,80,80,4,11980.00,47920.00
10081,81,81,1,12117.25,12117.25
10082,82,82,2,12254.50,24509.00
10083,83,83,3,12391.75,37175.25
10084,84,84,4,12529.00,50116.00
10085,85,85,1,12666.25,12666.25
10086,86,86,2,12803.50,25607.00
10087,87,87,3,12940.75,38822.25
10088,88,88,4,13078.00,52312.00
10089,89,89,1,13215.25,13215.25
10090,90,90,2,13352.50,26705.00
10091,91,91,3,13489.75,40469.25
10092,92,92,4,13627.00,54508.00
10093,93,93,1,13764.25,13764.25
10094,94,94,2,13901.50,27803.00
10095,95,95,3,14038.75,42116.25
10096,96,96,4,14176.00,56704.00
10097,97,97,1,14313.25,14313.25
10098,98,98,2,14450.50,28901.00
10099,99,99,3,14587.75,43763.25
10100,100,100,4,14725.00,58900.00
10101,101,1,1,1137.25,1137.25
10102,102,2,2,1274.50,2549.00
10103,103,3,3,1411.75,4235.25
10104,104,4,4,1549.00,6196.00
10105,105,5,1,1686.25,1686.25
10106,106,6,2,1823.50,3647.00
10107,107,7,3,1960.75,5882.25
10108,108,8,4,2098.00,8392.00
10109,109,9,1,2235.25,2235.25
10110,110,10,2,2372.50,4745.00
10111,111,11,3,2509.75,7529.25
10112,112,12,4,2647.00,10588.00
10113,113,13,1,2784.25,2784.25
10114,114,14,2,2921.50,5843.00
10115,115,15,3,3058.75,9176.25
10116,116,16,4,3196.00,12784.00
10117,117,17,1,3333.25,3333.25
10118,118,18,2,3470.50,6941.00
10119,119,19,3,3607.75,10823.25
10120,120,20,4,3745.00,14980.00
10121,121,21,1,3882.25,3882.25
10122,122,22,2,4019.50,8039.00
10123,123,23,3,4156.75,12470.25
10124,124,24,4,4294.00,17176.00
10125,125,25,1,4431.25,4431.25
10126,126,26,2,4568.50,9137.00
10127,127,27,3,4705.75,14117.25
10128,128,28,4,4843.00,19372.00
10129,129,29,1,4980.25,4980.25
10130,130,30,2,5117.50,10235.00
10131,131,31,3,5254.75,15764.25
10132,132,32,4,5392.00,21568.00
10133,133,33,1,5529.25,5529.25
10134,134,34,2,5666.50,11333.00
10135,135,35,3,5803.75,17411.25
10136,136,36,4,5941.00,23764.00
10137,137,37,1,6078.25,6078.25
10138,138,38,2,6215.50,12431.00
10139,139,39,3,6352.75,19058.25
10140,140,40,4,6490.00,25960.00
10141,141,41,1,6627.25,6627.25
10142,142,42,2,6764.50,13529.00
10143,143,43,3,6901.75,20705.25
10144,144,44,4,7039.00,28156.00
10145,145,45,1,7176.25,7176.25
10146,146,46,2,7313.50,14627.00
10147,147,47,3,7450.75,22352.25
10148,148,48,4,7588.00,30352.00
10149,149,49,1,7725.25,7725.25
10150,150,50,2,7862.50,15725.00
10151,151,51,3,7999.75,23999.25
10152,152,52,4,8137.00,32548.00
10153,153,53,1,8274.25,8274.25
10154,154,54,2,8411.50,16823.00
10155,155,55,3,8548.75,25646.25
10156,156,56,4,8686.00,34744.00
10157,157,57,1,8823.25,8823.25
10158,158,58,2,8960.50,17921.00
10159,159,59,3,9097.75,27293.25
10160,160,60,4,9235.00,36940.00
10161,161,61,1,9372.25,9372.25
10162,162,62,2,9509.50,19019.00
10163,163,63,3,9646.75,28940.25
10164,164,64,4,9784.00,39136.00
10165,165,65,1,9921.25,9921.25
10166,166,66,2,10058.50,20117.00
10167,167,67,3,10195.75,30587.25
10168,168,68,4,10333.00,41332.00
10169,169,69,1,10470.25,10470.25
10170,170,70,2,10607.50,21215.00
10171,171,71,3,10744.75,32234.25
10172,172,72,4,10882.00,43528.00
10173,173,73,1,11019.25,11019.25
10174,174,74,2,11156.50,22313.00
10175,175,75,3,11293.75,33881.25
10176,176,76,4,11431.00,45724.00
10177,177,77,1,11568.25,11568.25
10178,178,78,2,11705.50,23411.00
10179,179,79,3,11842.75,35528.25
10180,180,80,4,11980.00,47920.00
10181,181,81,1,12117.25,12117.25
10182,182,82,2,12254.50,24509.00
10183,183,83,3,12391.75,37175.25
10184,184,84,4,12529.00,50116.00
10185,185,85,1,12666.25,12666.25
10186,186,86,2,12803.50,25607.00
10187,187,87,3,12940.75,38822.25
10188,188,88,4,13078.00,52312.00
10189,189,89,1,13215.25,13215.25
10190,190,90,2,13352.50,26705.00
10191,191,91,3,13489.75,40469.25
10192,192,92,4,13627.00,54508.00
10193,193,93,1,13764.25,13764.25
10194,194,94,2,13901.50,27803.00
10195,195,95,3,14038.75,42116.25
10196,196,96,4,14176.00,56704.00
10197,197,97,1,14313.25,14313.25
10198,198,98,2,14450.50,28901.00
10199,199,99,3,14587.75,43763.25
10200,200,100,4,14725.00,58900.00
10201,201,1,1,1137.25,1137.25
10202,202,2,2,1274.50,2549.00
10203,203,3,3,1411.75,4235.25
10204,204,4,4,1549.00,6196.00
10205,205,5,1,1686.25,1686.25
10206,206,6,2,1823.50,3647.00
10207,207,7,3,1960.75,5882.25
10208,208,8,4,2098.00,8392.00
10209,209,9,1,2235.25,2235.25
10210,210,10,2,2372.50,4745.00
10211,211,11,3,2509.75,7529.25
10212,212,12,4,2647.00,10588.00
10213,213,13,1,2784.25,2784.25
10214,214,14,2,2921.50,5843.00
10215,215,15,3,3058.75,9176.25
10216,216,16,4,3196.00,12784.00
10217,217,17,1,3333.25,3333.25
10218,218,18,2,3470.50,6941.00
10219,219,19,3,3607.75,10823.25
10220,220,20,4,3745.00,14980.00
10221,221,21,1,3882.25,3882.25
10222,222,22,2,4019.50,8039.00
10223,223,23,3,4156.75,12470.25
10224,224,24,4,4294.00,17176.00
10225,225,25,1,4431.25,4431.25
10226,226,26,2,4568.50,9137.00
10227,227,27,3,4705.75,14117.25
10228,228,28,4,4843.00,19372.00
10229,229,29,1,4980.25,4980.25
10230,230,30,2,5117.50,10235.00
10231,231,31,3,5254.75,15764.25
10232,232,32,4,5392.00,21568.00
10233,233,33,1,5529.25,5529.25
10234,234,34,2,5666.50,11333.00
10235,235,35,3,5803.75,17411.25
10236,236,36,4,5941.00,23764.00
10237,237,37,1,6078.25,6078.25
10238,238,38,2,6215.50,12431.00
10239,239,39,3,6352.75,19058.25
10240,240,40,4,6490.00,25960.00
10241,241,41,1,6627.25,6627.25
10242,242,42,2,6764.50,13529.00
10243,243,43,3,6901.75,20705.25
10244,244,44,4,7039.00,28156.00
10245,245,45,1,7176.25,7176.25
10246,246,46,2,7313.50,14627.00
10247,247,47,3,7450.75,22352.25
10248,248,48,4,7588.00,30352.00
10249,249,49,1,7725.25,7725.25
10250,250,50,2,7862.50,15725.00
10251,251,51,3,7999.75,23999.25
10252,252,52,4,8137.00,32548.00
10253,253,53,1,8274.25,8274.25
10254,254,54,2,8411.50,16823.00
10255,255,55,3,8548.75,25646.25
10256,256,56,4,8686.00,34744.00
10257,257,57,1,8823.25,8823.25
10258,258,58,2,8960.50,17921.00
10259,259,59,3,9097.75,27293.25
10260,260,60,4,9235.00,36940.00
10261,261,61,1,9372.25,9372.25
10262,262,62,2,9509.50,19019.00
10263,263,63,3,9646.75,28940.25
10264,264,64,4,9784.00,39136.00
10265,265,65,1,9921.25,9921.25
10266,266,66,2,10058.50,20117.00
10267,267,67,3,10195.75,30587.25
10268,268,68,4,10333.00,41332.00
10269,269,69,1,10470.25,10470.25
10270,270,70,2,10607.50,21215.00
10271,271,71,3,10744.75,32234.25
10272,272,72,4,10882.00,43528.00
10273,273,73,1,11019.25,11019.25
10274,274,74,2,11156.50,22313.00
10275,275,75,3,11293.75,33881.25
10276,276,76,4,11431.00,45724.00
10277,277,77,1,11568.25,11568.25
10278,278,78,2,11705.50,23411.00
10279,279,79,3,11842.75,35528.25
10280,280,80,4,11980.00,47920.00
10281,281,81,1,12117.25,12117.25
10282,282,82,2,12254.50,24509.00
10283,283,83,3,12391.75,37175.25
10284,284,84,4,12529.00,50116.00
10285,285,85,1,12666.25,12666.25
10286,286,86,2,12803.50,25607.00
10287,287,87,3,12940.75,38822.25
10288,288,88,4,13078.00,52312.00
10289,289,89,1,13215.25,13215.25
10290,290,90,2,13352.50,26705.00
10291,291,91,3,13489.75,40469.25
10292,292,92,4,13627.00,54508.00
10293,293,93,1,13764.25,13764.25
10294,294,94,2,13901.50,27803.00
10295,295,95,3,14038.75,42116.25
10296,296,96,4,14176.00,56704.00
10297,297,97,1,14313.25,14313.25
10298,298,98,2,14450.50,28901.00
10299,299,99,3,14587.75,43763.25
10300,300,100,4,14725.00,58900.00
10301,301,1,1,1137.25,1137.25
10302,302,2,2,1274.50,2549.00
10303,303,3,3,1411.75,4235.25
10304,304,4,4,1549.00,6196.00
10305,305,5,1,1686.25,1686.25
10306,306,6,2,1823.50,3647.00
10307,307,7,3,1960.75,5882.25
10308,308,8,4,2098.00,8392.00
10309,309,9,1,2235.25,2235.25
10310,310,10,2,2372.50,4745.00
10311,311,11,3,2509.75,7529.25
10312,312,12,4,2647.00,10588.00
10313,313,13,1,2784.25,2784.25
10314,314,14,2,2921.50,5843.00
10315,315,15,3,3058.75,9176.25
10316,316,16,4,3196.00,12784.00
10317,317,17,1,3333.25,3333.25
10318,318,18,2,3470.50,6941.00
10319,319,19,3,3607.75,10823.25
10320,320,20,4,3745.00,14980.00
10321,321,21,1,3882.25,3882.25
10322,322,22,2,4019.50,8039.00
10323,323,23,3,4156.75,12470.25
10324,324,24,4,4294.00,17176.00
10325,325,25,1,4431.25,4431.25
10326,326,26,2,4568.50,9137.00
10327,327,27,3,4705.75,14117.25
10328,328,28,4,4843.00,19372.00
10329,329,29,1,4980.25,4980.25
10330,330,30,2,5117.50,10235.00
10331,331,31,3,5254.75,15764.25
10332,332,32,4,5392.00,21568.00
10333,333,33,1,5529.25,5529.25
10334,334,34,2,5666.50,11333.00
10335,335,35,3,5803.75,17411.25
10336,336,36,4,5941.00,23764.00
10337,337,37,1,6078.25,6078.25
10338,338,38,2,6215.50,12431.00
10339,339,39,3,6352.75,19058.25
10340,340,40,4,6490.00,25960.00
10341,341,41,1,6627.25,6627.25
10342,342,42,2,6764.50,13529.00
10343,343,43,3,6901.75,20705.25
10344,344,44,4,7039.00,28156.00
10345,345,45,1,7176.25,7176.25
10346,346,46,2,7313.50,14627.00
10347,347,47,3,7450.75,22352.25
10348,348,48,4,7588.00,30352.00
10349,349,49,1,7725.25,7725.25
10350,350,50,2,7862.50,15725.00
10351,351,51,3,7999.75,23999.25
10352,352,52,4,8137.00,32548.00
10353,353,53,1,8274.25,8274.25
10354,354,54,2,8411.50,16823.00
10355,355,55,3,8548.75,25646.25
10356,356,56,4,8686.00,34744.00
10357,357,57,1,8823.25,8823.25
10358,358,58,2,8960.50,17921.00
10359,359,59,3,9097.75,27293.25
10360,360,60,4,9235.00,36940.00
10361,361,61,1,9372.25,9372.25
10362,362,62,2,9509.50,19019.00
10363,363,63,3,9646.75,28940.25
10364,364,64,4,9784.00,39136.00
10365,365,65,1,9921.25,9921.25
10366,366,66,2,10058.50,20117.00
10367,367,67,3,10195.75,30587.25
10368,368,68,4,10333.00,41332.00
10369,369,69,1,10470.25,10470.25
10370,370,70,2,10607.50,21215.00
10371,371,71,3,10744.75,32234.25
10372,372,72,4,10882.00,43528.00
10373,373,73,1,11019.25,11019.25
10374,374,74,2,11156.50,22313.00
10375,375,75,3,11293.75,33881.25
10376,376,76,4,11431.00,45724.00
10377,377,77,1,11568.25,11568.25
10378,378,78,2,11705.50,23411.00
10379,379,79,3,11842.75,35528.25
10380,380,80,4,11980.00,47920.00
10381,381,81,1,12117.25,12117.25
10382,382,82,2,12254.50,24509.00
10383,383,83,3,12391.75,37175.25
10384,384,84,4,12529.00,50116.00
10385,385,85,1,12666.25,12666.25
10386,386,86,2,12803.50,25607.00
10387,387,87,3,12940.75,38822.25
10388,388,88,4,13078.00,52312.00
10389,389,89,1,13215.25,13215.25
10390,390,90,2,13352.50,26705.00
10391,391,91,3,13489.75,40469.25
10392,392,92,4,13627.00,54508.00
10393,393,93,1,13764.25,13764.25
10394,394,94,2,13901.50,27803.00
10395,395,95,3,14038.75,42116.25
10396,396,96,4,14176.00,56704.00
10397,397,97,1,14313.25,14313.25
10398,398,98,2,14450.50,28901.00
10399,399,99,3,14587.75,43763.25
10400,400,100,4,14725.00,58900.00
10401,401,1,1,1137.25,1137.25
10402,402,2,2,1274.50,2549.00
10403,403,3,3,1411.75,4235.25
10404,404,4,4,1549.00,6196.00
10405,405,5,1,1686.25,1686.25
10406,406,6,2,1823.50,3647.00
10407,407,7,3,1960.75,5882.25
10408,408,8,4,2098.00,8392.00
10409,409,9,1,2235.25,2235.25
10410,410,10,2,2372.50,4745.00
10411,411,11,3,2509.75,7529.25
10412,412,12,4,2647.00,10588.00
10413,413,13,1,2784.25,2784.25
10414,414,14,2,2921.50,5843.00
10415,415,15,3,3058.75,9176.25
10416,416,16,4,3196.00,12784.00
10417,417,17,1,3333.25,3333.25
10418,418,18,2,3470.50,6941.00
10419,419,19,3,3607.75,10823.25
10420,420,20,4,3745.00,14980.00
10421,421,21,1,3882.25,3882.25
10422,422,22,2,4019.50,8039.00
10423,423,23,3,4156.75,12470.25
10424,424,24,4,4294.00,17176.00
10425,425,25,1,4431.25,4431.25
10426,426,26,2,4568.50,9137.00
10427,427,27,3,4705.75,14117.25
10428,428,28,4,4843.00,19372.00
10429,429,29,1,4980.25,4980.25
10430,430,30,2,5117.50,10235.00
10431,431,31,3,5254.75,15764.25
10432,432,32,4,5392.00,21568.00
10433,433,33,1,5529.25,5529.25
10434,434,34,2,5666.50,11333.00
10435,435,35,3,5803.75,17411.25
10436,436,36,4,5941.00,23764.00
10437,437,37,1,6078.25,6078.25
10438,438,38,2,6215.50,12431.00
10439,439,39,3,6352.75,19058.25
10440,440,40,4,6490.00,25960.00
10441,441,41,1,6627.25,6627.25
10442,442,42,2,6764.50,13529.00
10443,443,43,3,6901.75,20705.25
10444,444,44,4,7039.00,28156.00
10445,445,45,1,7176.25,7176.25
10446,446,46,2,7313.50,14627.00
10447,447,47,3,7450.75,22352.25
10448,448,48,4,7588.00,30352.00
10449,449,49,1,7725.25,7725.25
10450,450,50,2,7862.50,15725.00
10451,451,51,3,7999.75,23999.25
10452,452,52,4,8137.00,32548.00
10453,453,53,1,8274.25,8274.25
10454,454,54,2,8411.50,16823.00
10455,455,55,3,8548.75,25646.25
10456,456,56,4,8686.00,34744.00
10457,457,57,1,8823.25,8823.25
10458,458,58,2,8960.50,17921.00
10459,459,59,3,9097.75,27293.25
10460,460,60,4,9235.00,36940.00
10461,461,61,1,9372.25,9372.25
10462,462,62,2,9509.50,19019.00
10463,463,63,3,9646.75,28940.25
10464,464,64,4,9784.00,39136.00
10465,465,65,1,9921.25,9921.25
10466,466,66,2,10058.50,20117.00
10467,467,67,3,10195.75,30587.25
10468,468,68,4,10333.00,41332.00
10469,469,69,1,10470.25,10470.25
10470,470,70,2,10607.50,21215.00
10471,471,71,3,10744.75,32234.25
10472,472,72,4,10882.00,43528.00
10473,473,73,1,11019.25,11019.25
10474,474,74,2,11156.50,22313.00
10475,475,75,3,11293.75,33881.25
10476,476,76,4,11431.00,45724.00
10477,477,77,1,11568.25,11568.25
10478,478,78,2,11705.50,23411.00
10479,479,79,3,11842.75,35528.25
10480,480,80,4,11980.00,47920.00
10481,481,81,1,12117.25,12117.25
10482,482,82,2,12254.50,24509.00
10483,483,83,3,12391.75,37175.25
10484,484,84,4,12529.00,50116.00
10485,485,85,1,12666.25,12666.25
10486,486,86,2,12803.50,25607.00
10487,487,87,3,12940.75,38822.25
10488,488,88,4,13078.00,52312.00
10489,489,89,1,13215.25,13215.25
10490,490,90,2,13352.50,26705.00
10491,491,91,3,13489.75,40469.25
10492,492,92,4,13627.00,54508.00
10493,493,93,1,13764.25,13764.25
10494,494,94,2,13901.50,27803.00
10495,495,95,3,14038.75,42116.25
10496,496,96,4,14176.00,56704.00
10497,497,97,1,14313.25,14313.25
10498,498,98,2,14450.50,28901.00
10499,499,99,3,14587.75,43763.25
10500,500,100,4,14725.00,58900.00
10501,501,1,1,1137.25,1137.25
10502,502,2,2,1274.50,2549.00
10503,503,3,3,1411.75,4235.25
10504,504,4,4,1549.00,6196.00
10505,505,5,1,1686.25,1686.25
10506,506,6,2,1823.50,3647.00
10507,507,7,3,1960.75,5882.25
10508,508,8,4,2098.00,8392.00
10509,509,9,1,2235.25,2235.25
10510,510,10,2,2372.50,4745.00
10511,511,11,3,2509.75,7529.25
10512,512,12,4,2647.00,10588.00
10513,513,13,1,2784.25,2784.25
10514,514,14,2,2921.50,5843.00
10515,515,15,3,3058.75,9176.25
10516,516,16,4,3196.00,12784.00
10517,517,17,1,3333.25,3333.25
10518,518,18,2,3470.50,6941.00
10519,519,19,3,3607.75,10823.25
10520,520,20,4,3745.00,14980.00
10521,521,21,1,3882.25,3882.25
10522,522,22,2,4019.50,8039.00
10523,523,23,3,4156.75,12470.25
10524,524,24,4,4294.00,17176.00
10525,525,25,1,4431.25,4431.25
10526,526,26,2,4568.50,9137.00
10527,527,27,3,4705.75,14117.25
10528,528,28,4,4843.00,19372.00
10529,529,29,1,4980.25,4980.25
10530,530,30,2,5117.50,10235.00
10531,531,31,3,5254.75,15764.25
10532,532,32,4,5392.00,21568.00
10533,533,33,1,5529.25,5529.25
10534,534,34,2,5666.50,11333.00
10535,535,35,3,5803.75,17411.25
10536,536,36,4,5941.00,23764.00
10537,537,37,1,6078.25,6078.25
10538,538,38,2,6215.50,12431.00
10539,539,39,3,6352.75,19058.25
10540,540,40,4,6490.00,25960.00
10541,541,41,1,6627.25,6627.25
10542,542,42,2,6764.50,13529.00
10543,543,43,3,6901.75,20705.25
10544,544,44,4,7039.00,28156.00
10545,545,45,1,7176.25,7176.25
10546,546,46,2,7313.50,14627.00
10547,547,47,3,7450.75,22352.25
10548,548,48,4,7588.00,30352.00
10549,549,49,1,7725.25,7725.25
10550,550,50,2,7862.50,15725.00
10551,551,51,3,7999.75,23999.25
10552,552,52,4,8137.00,32548.00
10553,553,53,1,8274.25,8274.25
10554,554,54,2,8411.50,16823.00
10555,555,55,3,8548.75,25646.25
10556,556,56,4,8686.00,34744.00
10557,557,57,1,8823.25,8823.25
10558,558,58,2,8960.50,17921.00
10559,559,59,3,9097.75,27293.25
10560,560,60,4,9235.00,36940.00
10561,561,61,1,9372.25,9372.25
10562,562,62,2,9509.50,19019.00
10563,563,63,3,9646.75,28940.25
10564,564,64,4,9784.00,39136.00
10565,565,65,1,9921.25,9921.25
10566,566,66,2,10058.50,20117.00
10567,567,67,3,10195.75,30587.25
10568,568,68,4,10333.00,41332.00
10569,569,69,1,10470.25,10470.25
10570,570,70,2,10607.50,21215.00
10571,571,71,3,10744.75,32234.25
10572,572,72,4,10882.00,43528.00
10573,573,73,1,11019.25,11019.25
10574,574,74,2,11156.50,22313.00
10575,575,75,3,11293.75,33881.25
10576,576,76,4,11431.00,45724.00
10577,577,77,1,11568.25,11568.25
10578,578,78,2,11705.50,23411.00
10579,579,79,3,11842.75,35528.25
10580,580,80,4,11980.00,47920.00
10581,581,81,1,12117.25,12117.25
10582,582,82,2,12254.50,24509.00
10583,583,83,3,12391.75,37175.25
10584,584,84,4,12529.00,50116.00
10585,585,85,1,12666.25,12666.25
10586,586,86,2,12803.50,25607.00
10587,587,87,3,12940.75,38822.25
10588,588,88,4,13078.00,52312.00
10589,589,89,1,13215.25,13215.25
10590,590,90,2,13352.50,26705.00
10591,591,91,3,13489.75,40469.25
10592,592,92,4,13627.00,54508.00
10593,593,93,1,13764.25,13764.25
10594,594,94,2,13901.50,27803.00
10595,595,95,3,14038.75,42116.25
10596,596,96,4,14176.00,56704.00
10597,597,97,1,14313.25,14313.25
10598,598,98,2,14450.50,28901.00
10599,599,99,3,14587.75,43763.25
10600,600,100,4,14725.00,58900.00
10601,601,1,1,1137.25,1137.25
10602,602,2,2,1274.50,2549.00
10603,603,3,3,1411.75,4235.25
10604,604,4,4,1549.00,6196.00
10605,605,5,1,1686.25,1686.25
10606,606,6,2,1823.50,3647.00
10607,607,7,3,1960.75,5882.25
10608,608,8,4,2098.00,8392.00
10609,609,9,1,2235.25,2235.25
10610,610,10,2,2372.50,4745.00
10611,611,11,3,2509.75,7529.25
10612,612,12,4,2647.00,10588.00
10613,613,13,1,2784.25,2784.25
10614,614,14,2,2921.50,5843.00
10615,615,15,3,3058.75,9176.25
10616,616,16,4,3196.00,12784.00
10617,617,17,1,3333.25,3333.25
10618,618,18,2,3470.50,6941.00
10619,619,19,3,3607.75,10823.25
10620,620,20,4,3745.00,14980.00
10621,621,21,1,3882.25,3882.25
10622,622,22,2,4019.50,8039.00
10623,623,23,3,4156.75,12470.25
10624,624,24,4,4294.00,17176.00
10625,625,25,1,4431.25,4431.25
10626,626,26,2,4568.50,9137.00
10627,627,27,3,4705.75,14117.25
10628,628,28,4,4843.00,19372.00
10629,629,29,1,4980.25,4980.25
10630,630,30,2,5117.50,10235.00
10631,631,31,3,5254.75,15764.25
10632,632,32,4,5392.00,21568.00
10633,633,33,1,5529.25,5529.25
10634,634,34,2,5666.50,11333.00
10635,635,35,3,5803.75,17411.25
10636,636,36,4,5941.00,23764.00
10637,637,37,1,6078.25,6078.25
10638,638,38,2,6215.50,12431.00
10639,639,39,3,6352.75,19058.25
10640,640,40,4,6490.00,25960.00
10641,641,41,1,6627.25,6627.25
10642,642,42,2,6764.50,13529.00
10643,643,43,3,6901.75,20705.25
10644,644,44,4,7039.00,28156.00
10645,645,45,1,7176.25,7176.25
10646,646,46,2,7313.50,14627.00
10647,647,47,3,7450.75,22352.25
10648,648,48,4,7588.00,30352.00
10649,649,49,1,7725.25,7725.25
10650,650,50,2,7862.50,15725.00
10651,651,51,3,7999.75,23999.25
10652,652,52,4,8137.00,32548.00
10653,653,53,1,8274.25,8274.25
10654,654,54,2,8411.50,16823.00
10655,655,55,3,8548.75,25646.25
10656,656,56,4,8686.00,34744.00
10657,657,57,1,8823.25,8823.25
10658,658,58,2,8960.50,17921.00
10659,659,59,3,9097.75,27293.25
10660,660,60,4,9235.00,36940.00
10661,661,61,1,9372.25,9372.25
10662,662,62,2,9509.50,19019.00
10663,663,63,3,9646.75,28940.25
10664,664,64,4,9784.00,39136.00
10665,665,65,1,9921.25,9921.25
10666,666,66,2,10058.50,20117.00
10667,667,67,3,10195.75,30587.25
10668,668,68,4,10333.00,41332.00
10669,669,69,1,10470.25,10470.25
10670,670,70,2,10607.50,21215.00
10671,671,71,3,10744.75,32234.25
10672,672,72,4,10882.00,43528.00
10673,673,73,1,11019.25,11019.25
10674,674,74,2,11156.50,22313.00
10675,675,75,3,11293.75,33881.25
10676,676,76,4,11431.00,45724.00
10677,677,77,1,11568.25,11568.25
10678,678,78,2,11705.50,23411.00
10679,679,79,3,11842.75,35528.25
10680,680,80,4,11980.00,47920.00
10681,681,81,1,12117.25,12117.25
10682,682,82,2,12254.50,24509.00
10683,683,83,3,12391.75,37175.25
10684,684,84,4,12529.00,50116.00
10685,685,85,1,12666.25,12666.25
10686,686,86,2,12803.50,25607.00
10687,687,87,3,12940.75,38822.25
10688,688,88,4,13078.00,52312.00
10689,689,89,1,13215.25,13215.25
10690,690,90,2,13352.50,26705.00
10691,691,91,3,13489.75,40469.25
10692,692,92,4,13627.00,54508.00
10693,693,93,1,13764.25,13764.25
10694,694,94,2,13901.50,27803.00
10695,695,95,3,14038.75,42116.25
10696,696,96,4,14176.00,56704.00
10697,697,97,1,14313.25,14313.25
10698,698,98,2,14450.50,28901.00
10699,699,99,3,14587.75,43763.25
10700,700,100,4,14725.00,58900.00
10701,701,1,1,1137.25,1137.25
10702,702,2,2,1274.50,2549.00
10703,703,3,3,1411.75,4235.25
10704,704,4,4,1549.00,6196.00
10705,705,5,1,1686.25,1686.25
10706,706,6,2,1823.50,3647.00
10707,707,7,3,1960.75,5882.25
10708,708,8,4,2098.00,8392.00
10709,709,9,1,2235.25,2235.25
10710,710,10,2,2372.50,4745.00
10711,711,11,3,2509.75,7529.25
10712,712,12,4,2647.00,10588.00
10713,713,13,1,2784.25,2784.25
10714,714,14,2,2921.50,5843.00
10715,715,15,3,3058.75,9176.25
10716,716,16,4,3196.00,12784.00
10717,717,17,1,3333.25,3333.25
10718,718,18,2,3470.50,6941.00
10719,719,19,3,3607.75,10823.25
10720,720,20,4,3745.00,14980.00
10721,721,21,1,3882.25,3882.25
10722,722,22,2,4019.50,8039.00
10723,723,23,3,4156.75,12470.25
10724,724,24,4,4294.00,17176.00
10725,725,25,1,4431.25,4431.25
10726,726,26,2,4568.50,9137.00
10727,727,27,3,4705.75,14117.25
10728,728,28,4,4843.00,19372.00
10729,729,29,1,4980.25,4980.25
10730,730,30,2,5117.50,10235.00
10731,731,31,3,5254.75,15764.25
10732,732,32,4,5392.00,21568.00
10733,733,33,1,5529.25,5529.25
10734,734,34,2,5666.50,11333.00
10735,735,35,3,5803.75,17411.25
10736,736,36,4,5941.00,23764.00
10737,737,37,1,6078.25,6078.25
10738,738,38,2,6215.50,12431.00
10739,739,39,3,6352.75,19058.25
10740,740,40,4,6490.00,25960.00
10741,741,41,1,6627.25,6627.25
10742,742,42,2,6764.50,13529.00
10743,743,43,3,6901.75,20705.25
10744,744,44,4,7039.00,28156.00
10745,745,45,1,7176.25,7176.25
10746,746,46,2,7313.50,14627.00
10747,747,47,3,7450.75,22352.25
10748,748,48,4,7588.00,30352.00
10749,749,49,1,7725.25,7725.25
10750,750,50,2,7862.50,15725.00
10751,751,51,3,7999.75,23999.25
10752,752,52,4,8137.00,32548.00
10753,753,53,1,8274.25,8274.25
10754,754,54,2,8411.50,16823.00
10755,755,55,3,8548.75,25646.25
10756,756,56,4,8686.00,34744.00
10757,757,57,1,8823.25,8823.25
10758,758,58,2,8960.50,17921.00
10759,759,59,3,9097.75,27293.25
10760,760,60,4,9235.00,36940.00
10761,761,61,1,9372.25,9372.25
10762,762,62,2,9509.50,19019.00
10763,763,63,3,9646.75,28940.25
10764,764,64,4,9784.00,39136.00
10765,765,65,1,9921.25,9921.25
10766,766,66,2,10058.50,20117.00
10767,767,67,3,10195.75,30587.25
10768,768,68,4,10333.00,41332.00
10769,769,69,1,10470.25,10470.25
10770,770,70,2,10607.50,21215.00
10771,771,71,3,10744.75,32234.25
10772,772,72,4,10882.00,43528.00
10773,773,73,1,11019.25,11019.25
10774,774,74,2,11156.50,22313.00
10775,775,75,3,11293.75,33881.25
10776,776,76,4,11431.00,45724.00
10777,777,77,1,11568.25,11568.25
10778,778,78,2,11705.50,23411.00
10779,779,79,3,11842.75,35528.25
10780,780,80,4,11980.00,47920.00
10781,781,81,1,12117.25,12117.25
10782,782,82,2,12254.50,24509.00
10783,783,83,3,12391.75,37175.25
10784,784,84,4,12529.00,50116.00
10785,785,85,1,12666.25,12666.25
10786,786,86,2,12803.50,25607.00
10787,787,87,3,12940.75,38822.25
10788,788,88,4,13078.00,52312.00
10789,789,89,1,13215.25,13215.25
10790,790,90,2,13352.50,26705.00
10791,791,91,3,13489.75,40469.25
10792,792,92,4,13627.00,54508.00
10793,793,93,1,13764.25,13764.25
10794,794,94,2,13901.50,27803.00
10795,795,95,3,14038.75,42116.25
10796,796,96,4,14176.00,56704.00
10797,797,97,1,14313.25,14313.25
10798,798,98,2,14450.50,28901.00
10799,799,99,3,14587.75,43763.25
10800,800,100,4,14725.00,58900.00
10801,801,1,1,1137.25,1137.25
10802,802,2,2,1274.50,2549.00
10803,803,3,3,1411.75,4235.25
10804,804,4,4,1549.00,6196.00
10805,805,5,1,1686.25,1686.25
10806,806,6,2,1823.50,3647.00
10807,807,7,3,1960.75,5882.25
10808,808,8,4,2098.00,8392.00
10809,809,9,1,2235.25,2235.25
10810,810,10,2,2372.50,4745.00
10811,811,11,3,2509.75,7529.25
10812,812,12,4,2647.00,10588.00
10813,813,13,1,2784.25,2784.25
10814,814,14,2,2921.50,5843.00
10815,815,15,3,3058.75,9176.25
10816,816,16,4,3196.00,12784.00
10817,817,17,1,3333.25,3333.25
10818,818,18,2,3470.50,6941.00
10819,819,19,3,3607.75,10823.25
10820,820,20,4,3745.00,14980.00
10821,821,21,1,3882.25,3882.25
10822,822,22,2,4019.50,8039.00
10823,823,23,3,4156.75,12470.25
10824,824,24,4,4294.00,17176.00
10825,825,25,1,4431.25,4431.25
10826,826,26,2,4568.50,9137.00
10827,827,27,3,4705.75,14117.25
10828,828,28,4,4843.00,19372.00
10829,829,29,1,4980.25,4980.25
10830,830,30,2,5117.50,10235.00
10831,831,31,3,5254.75,15764.25
10832,832,32,4,5392.00,21568.00
10833,833,33,1,5529.25,5529.25
10834,834,34,2,5666.50,11333.00
10835,835,35,3,5803.75,17411.25
10836,836,36,4,5941.00,23764.00
10837,837,37,1,6078.25,6078.25
10838,838,38,2,6215.50,12431.00
10839,839,39,3,6352.75,19058.25
10840,840,40,4,6490.00,25960.00
10841,841,41,1,6627.25,6627.25
10842,842,42,2,6764.50,13529.00
10843,843,43,3,6901.75,20705.25
10844,844,44,4,7039.00,28156.00
10845,845,45,1,7176.25,7176.25
10846,846,46,2,7313.50,14627.00
10847,847,47,3,7450.75,22352.25
10848,848,48,4,7588.00,30352.00
10849,849,49,1,7725.25,7725.25
10850,850,50,2,7862.50,15725.00
10851,851,51,3,7999.75,23999.25
10852,852,52,4,8137.00,32548.00
10853,853,53,1,8274.25,8274.25
10854,854,54,2,8411.50,16823.00
10855,855,55,3,8548.75,25646.25
10856,856,56,4,8686.00,34744.00
10857,857,57,1,8823.25,8823.25
10858,858,58,2,8960.50,17921.00
10859,859,59,3,9097.75,27293.25
10860,860,60,4,9235.00,36940.00
10861,861,61,1,9372.25,9372.25
10862,862,62,2,9509.50,19019.00
10863,863,63,3,9646.75,28940.25
10864,864,64,4,9784.00,39136.00
10865,865,65,1,9921.25,9921.25
10866,866,66,2,10058.50,20117.00
10867,867,67,3,10195.75,30587.25
10868,868,68,4,10333.00,41332.00
10869,869,69,1,10470.25,10470.25
10870,870,70,2,10607.50,21215.00
10871,871,71,3,10744.75,32234.25
10872,872,72,4,10882.00,43528.00
10873,873,73,1,11019.25,11019.25
10874,874,74,2,11156.50,22313.00
10875,875,75,3,11293.75,33881.25
10876,876,76,4,11431.00,45724.00
10877,877,77,1,11568.25,11568.25
10878,878,78,2,11705.50,23411.00
10879,879,79,3,11842.75,35528.25
10880,880,80,4,11980.00,47920.00
10881,881,81,1,12117.25,12117.25
10882,882,82,2,12254.50,24509.00
10883,883,83,3,12391.75,37175.25
10884,884,84,4,12529.00,50116.00
10885,885,85,1,12666.25,12666.25
10886,886,86,2,12803.50,25607.00
10887,887,87,3,12940.75,38822.25
10888,888,88,4,13078.00,52312.00
10889,889,89,1,13215.25,13215.25
10890,890,90,2,13352.50,26705.00
10891,891,91,3,13489.75,40469.25
10892,892,92,4,13627.00,54508.00
10893,893,93,1,13764.25,13764.25
10894,894,94,2,13901.50,27803.00
10895,895,95,3,14038.75,42116.25
10896,896,96,4,14176.00,56704.00
10897,897,97,1,14313.25,14313.25
10898,898,98,2,14450.50,28901.00
10899,899,99,3,14587.75,43763.25
10900,900,100,4,14725.00,58900.00
10901,901,1,1,1137.25,1137.25
10902,902,2,2,1274.50,2549.00
10903,903,3,3,1411.75,4235.25
10904,904,4,4,1549.00,6196.00
10905,905,5,1,1686.25,1686.25
10906,906,6,2,1823.50,3647.00
10907,907,7,3,1960.75,5882.25
10908,908,8,4,2098.00,8392.00
10909,909,9,1,2235.25,2235.25
10910,910,10,2,2372.50,4745.00
10911,911,11,3,2509.75,7529.25
10912,912,12,4,2647.00,10588.00
10913,913,13,1,2784.25,2784.25
10914,914,14,2,2921.50,5843.00
10915,915,15,3,3058.75,9176.25
10916,916,16,4,3196.00,12784.00
10917,917,17,1,3333.25,3333.25
10918,918,18,2,3470.50,6941.00
10919,919,19,3,3607.75,10823.25
10920,920,20,4,3745.00,14980.00
10921,921,21,1,3882.25,3882.25
10922,922,22,2,4019.50,8039.00
10923,923,23,3,4156.75,12470.25
10924,924,24,4,4294.00,17176.00
10925,925,25,1,4431.25,4431.25
10926,926,26,2,4568.50,9137.00
10927,927,27,3,4705.75,14117.25
10928,928,28,4,4843.00,19372.00
10929,929,29,1,4980.25,4980.25
10930,930,30,2,5117.50,10235.00
10931,931,31,3,5254.75,15764.25
10932,932,32,4,5392.00,21568.00
10933,933,33,1,5529.25,5529.25
10934,934,34,2,5666.50,11333.00
10935,935,35,3,5803.75,17411.25
10936,936,36,4,5941.00,23764.00
10937,937,37,1,6078.25,6078.25
10938,938,38,2,6215.50,12431.00
10939,939,39,3,6352.75,19058.25
10940,940,40,4,6490.00,25960.00
10941,941,41,1,6627.25,6627.25
10942,942,42,2,6764.50,13529.00
10943,943,43,3,6901.75,20705.25
10944,944,44,4,7039.00,28156.00
10945,945,45,1,7176.25,7176.25
10946,946,46,2,7313.50,14627.00
10947,947,47,3,7450.75,22352.25
10948,948,48,4,7588.00,30352.00
10949,949,49,1,7725.25,7725.25
10950,950,50,2,7862.50,15725.00
10951,951,51,3,7999.75,23999.25
10952,952,52,4,8137.00,32548.00
10953,953,53,1,8274.25,8274.25
10954,954,54,2,8411.50,16823.00
10955,955,55,3,8548.75,25646.25
10956,956,56,4,8686.00,34744.00
10957,957,57,1,8823.25,8823.25
10958,958,58,2,8960.50,17921.00
10959,959,59,3,9097.75,27293.25
10960,960,60,4,9235.00,36940.00
10961,961,61,1,9372.25,9372.25
10962,962,62,2,9509.50,19019.00
10963,963,63,3,9646.75,28940.25
10964,964,64,4,9784.00,39136.00
10965,965,65,1,9921.25,9921.25
10966,966,66,2,10058.50,20117.00
10967,967,67,3,10195.75,30587.25
10968,968,68,4,10333.00,41332.00
10969,969,69,1,10470.25,10470.25
10970,970,70,2,10607.50,21215.00
10971,971,71,3,10744.75,32234.25
10972,972,72,4,10882.00,43528.00
10973,973,73,1,11019.25,11019.25
10974,974,74,2,11156.50,22313.00
10975,975,75,3,11293.75,33881.25
10976,976,76,4,11431.00,45724.00
10977,977,77,1,11568.25,11568.25
10978,978,78,2,11705.50,23411.00
10979,979,79,3,11842.75,35528.25
10980,980,80,4,11980.00,47920.00
10981,981,81,1,12117.25,12117.25
10982,982,82,2,12254.50,24509.00
10983,983,83,3,12391.75,37175.25
10984,984,84,4,12529.00,50116.00
10985,985,85,1,12666.25,12666.25
10986,986,86,2,12803.50,25607.00
10987,987,87,3,12940.75,38822.25
10988,988,88,4,13078.00,52312.00
10989,989,89,1,13215.25,13215.25
10990,990,90,2,13352.50,26705.00
10991,991,91,3,13489.75,40469.25
10992,992,92,4,13627.00,54508.00
10993,993,93,1,13764.25,13764.25
10994,994,94,2,13901.50,27803.00
10995,995,95,3,14038.75,42116.25
10996,996,96,4,14176.00,56704.00
10997,997,97,1,14313.25,14313.25
10998,998,98,2,14450.50,28901.00
10999,999,99,3,14587.75,43763.25
11000,1000,100,4,14725.00,58900.00
11001,1001,1,1,1137.25,1137.25
11002,1002,2,2,1274.50,2549.00
11003,1003,3,3,1411.75,4235.25
11004,1004,4,4,1549.00,6196.00
11005,1005,5,1,1686.25,1686.25
11006,1006,6,2,1823.50,3647.00
11007,1007,7,3,1960.75,5882.25
11008,1008,8,4,2098.00,8392.00
11009,1009,9,1,2235.25,2235.25
11010,1010,10,2,2372.50,4745.00
11011,1011,11,3,2509.75,7529.25
11012,1012,12,4,2647.00,10588.00
11013,1013,13,1,2784.25,2784.25
11014,1014,14,2,2921.50,5843.00
11015,1015,15,3,3058.75,9176.25
11016,1016,16,4,3196.00,12784.00
11017,1017,17,1,3333.25,3333.25
11018,1018,18,2,3470.50,6941.00
11019,1019,19,3,3607.75,10823.25
11020,1020,20,4,3745.00,14980.00
11021,1021,21,1,3882.25,3882.25
11022,1022,22,2,4019.50,8039.00
11023,1023,23,3,4156.75,12470.25
11024,1024,24,4,4294.00,17176.00
11025,1025,25,1,4431.25,4431.25
11026,1026,26,2,4568.50,9137.00
11027,1027,27,3,4705.75,14117.25
11028,1028,28,4,4843.00,19372.00
11029,1029,29,1,4980.25,4980.25
11030,1030,30,2,5117.50,10235.00
11031,1031,31,3,5254.75,15764.25
11032,1032,32,4,5392.00,21568.00
11033,1033,33,1,5529.25,5529.25
11034,1034,34,2,5666.50,11333.00
11035,1035,35,3,5803.75,17411.25
11036,1036,36,4,5941.00,23764.00
11037,1037,37,1,6078.25,6078.25
11038,1038,38,2,6215.50,12431.00
11039,1039,39,3,6352.75,19058.25
11040,1040,40,4,6490.00,25960.00
11041,1041,41,1,6627.25,6627.25
11042,1042,42,2,6764.50,13529.00
11043,1043,43,3,6901.75,20705.25
11044,1044,44,4,7039.00,28156.00
11045,1045,45,1,7176.25,7176.25
11046,1046,46,2,7313.50,14627.00
11047,1047,47,3,7450.75,22352.25
11048,1048,48,4,7588.00,30352.00
11049,1049,49,1,7725.25,7725.25
11050,1050,50,2,7862.50,15725.00
11051,1051,51,3,7999.75,23999.25
11052,1052,52,4,8137.00,32548.00
11053,1053,53,1,8274.25,8274.25
11054,1054,54,2,8411.50,16823.00
11055,1055,55,3,8548.75,25646.25
11056,1056,56,4,8686.00,34744.00
11057,1057,57,1,8823.25,8823.25
11058,1058,58,2,8960.50,17921.00
11059,1059,59,3,9097.75,27293.25
11060,1060,60,4,9235.00,36940.00
11061,1061,61,1,9372.25,9372.25
11062,1062,62,2,9509.50,19019.00
11063,1063,63,3,9646.75,28940.25
11064,1064,64,4,9784.00,39136.00
11065,1065,65,1,9921.25,9921.25
11066,1066,66,2,10058.50,20117.00
11067,1067,67,3,10195.75,30587.25
11068,1068,68,4,10333.00,41332.00
11069,1069,69,1,10470.25,10470.25
11070,1070,70,2,10607.50,21215.00
11071,1071,71,3,10744.75,32234.25
11072,1072,72,4,10882.00,43528.00
11073,1073,73,1,11019.25,11019.25
11074,1074,74,2,11156.50,22313.00
11075,1075,75,3,11293.75,33881.25
11076,1076,76,4,11431.00,45724.00
11077,1077,77,1,11568.25,11568.25
11078,1078,78,2,11705.50,23411.00
11079,1079,79,3,11842.75,35528.25
11080,1080,80,4,11980.00,47920.00
11081,1081,81,1,12117.25,12117.25
11082,1082,82,2,12254.50,24509.00
11083,1083,83,3,12391.75,37175.25
11084,1084,84,4,12529.00,50116.00
11085,1085,85,1,12666.25,12666.25
11086,1086,86,2,12803.50,25607.00
11087,1087,87,3,12940.75,38822.25
11088,1088,88,4,13078.00,52312.00
11089,1089,89,1,13215.25,13215.25
11090,1090,90,2,13352.50,26705.00
11091,1091,91,3,13489.75,40469.25
11092,1092,92,4,13627.00,54508.00
11093,1093,93,1,13764.25,13764.25
11094,1094,94,2,13901.50,27803.00
11095,1095,95,3,14038.75,42116.25
11096,1096,96,4,14176.00,56704.00
11097,1097,97,1,14313.25,14313.25
11098,1098,98,2,14450.50,28901.00
11099,1099,99,3,14587.75,43763.25
11100,1100,100,4,14725.00,58900.00
11101,1101,1,1,1137.25,1137.25
11102,1102,2,2,1274.50,2549.00
11103,1103,3,3,1411.75,4235.25
11104,1104,4,4,1549.00,6196.00
11105,1105,5,1,1686.25,1686.25
11106,1106,6,2,1823.50,3647.00
11107,1107,7,3,1960.75,5882.25
11108,1108,8,4,2098.00,8392.00
11109,1109,9,1,2235.25,2235.25
11110,1110,10,2,2372.50,4745.00
11111,1111,11,3,2509.75,7529.25
11112,1112,12,4,2647.00,10588.00
11113,1113,13,1,2784.25,2784.25
11114,1114,14,2,2921.50,5843.00
11115,1115,15,3,3058.75,9176.25
11116,1116,16,4,3196.00,12784.00
11117,1117,17,1,3333.25,3333.25
11118,1118,18,2,3470.50,6941.00
11119,1119,19,3,3607.75,10823.25
11120,1120,20,4,3745.00,14980.00
11121,1121,21,1,3882.25,3882.25
11122,1122,22,2,4019.50,8039.00
11123,1123,23,3,4156.75,12470.25
11124,1124,24,4,4294.00,17176.00
11125,1125,25,1,4431.25,4431.25
11126,1126,26,2,4568.50,9137.00
11127,1127,27,3,4705.75,14117.25
11128,1128,28,4,4843.00,19372.00
11129,1129,29,1,4980.25,4980.25
11130,1130,30,2,5117.50,10235.00
11131,1131,31,3,5254.75,15764.25
11132,1132,32,4,5392.00,21568.00
11133,1133,33,1,5529.25,5529.25
11134,1134,34,2,5666.50,11333.00
11135,1135,35,3,5803.75,17411.25
11136,1136,36,4,5941.00,23764.00
11137,1137,37,1,6078.25,6078.25
11138,1138,38,2,6215.50,12431.00
11139,1139,39,3,6352.75,19058.25
11140,1140,40,4,6490.00,25960.00
11141,1141,41,1,6627.25,6627.25
11142,1142,42,2,6764.50,13529.00
11143,1143,43,3,6901.75,20705.25
11144,1144,44,4,7039.00,28156.00
11145,1145,45,1,7176.25,7176.25
11146,1146,46,2,7313.50,14627.00
11147,1147,47,3,7450.75,22352.25
11148,1148,48,4,7588.00,30352.00
11149,1149,49,1,7725.25,7725.25
11150,1150,50,2,7862.50,15725.00
11151,1151,51,3,7999.75,23999.25
11152,1152,52,4,8137.00,32548.00
11153,1153,53,1,8274.25,8274.25
11154,1154,54,2,8411.50,16823.00
11155,1155,55,3,8548.75,25646.25
11156,1156,56,4,8686.00,34744.00
11157,1157,57,1,8823.25,8823.25
11158,1158,58,2,8960.50,17921.00
11159,1159,59,3,9097.75,27293.25
11160,1160,60,4,9235.00,36940.00
11161,1161,61,1,9372.25,9372.25
11162,1162,62,2,9509.50,19019.00
11163,1163,63,3,9646.75,28940.25
11164,1164,64,4,9784.00,39136.00
11165,1165,65,1,9921.25,9921.25
11166,1166,66,2,10058.50,20117.00
11167,1167,67,3,10195.75,30587.25
11168,1168,68,4,10333.00,41332.00
11169,1169,69,1,10470.25,10470.25
11170,1170,70,2,10607.50,21215.00
11171,1171,71,3,10744.75,32234.25
11172,1172,72,4,10882.00,43528.00
11173,1173,73,1,11019.25,11019.25
11174,1174,74,2,11156.50,22313.00
11175,1175,75,3,11293.75,33881.25
11176,1176,76,4,11431.00,45724.00
11177,1177,77,1,11568.25,11568.25
11178,1178,78,2,11705.50,23411.00
11179,1179,79,3,11842.75,35528.25
11180,1180,80,4,11980.00,47920.00
11181,1181,81,1,12117.25,12117.25
11182,1182,82,2,12254.50,24509.00
11183,1183,83,3,12391.75,37175.25
11184,1184,84,4,12529.00,50116.00
11185,1185,85,1,12666.25,12666.25
11186,1186,86,2,12803.50,25607.00
11187,1187,87,3,12940.75,38822.25
11188,1188,88,4,13078.00,52312.00
11189,1189,89,1,13215.25,13215.25
11190,1190,90,2,13352.50,26705.00
11191,1191,91,3,13489.75,40469.25
11192,1192,92,4,13627.00,54508.00
11193,1193,93,1,13764.25,13764.25
11194,1194,94,2,13901.50,27803.00
11195,1195,95,3,14038.75,42116.25
11196,1196,96,4,14176.00,56704.00
11197,1197,97,1,14313.25,14313.25
11198,1198,98,2,14450.50,28901.00
11199,1199,99,3,14587.75,43763.25
11200,1200,100,4,14725.00,58900.00
11201,1201,1,1,1137.25,1137.25
11202,1202,2,2,1274.50,2549.00
11203,1203,3,3,1411.75,4235.25
11204,1204,4,4,1549.00,6196.00
11205,1205,5,1,1686.25,1686.25
11206,1206,6,2,1823.50,3647.00
11207,1207,7,3,1960.75,5882.25
11208,1208,8,4,2098.00,8392.00
11209,1209,9,1,2235.25,2235.25
11210,1210,10,2,2372.50,4745.00
11211,1211,11,3,2509.75,7529.25
11212,1212,12,4,2647.00,10588.00
11213,1213,13,1,2784.25,2784.25
11214,1214,14,2,2921.50,5843.00
11215,1215,15,3,3058.75,9176.25
11216,1216,16,4,3196.00,12784.00
11217,1217,17,1,3333.25,3333.25
11218,1218,18,2,3470.50,6941.00
11219,1219,19,3,3607.75,10823.25
11220,1220,20,4,3745.00,14980.00
11221,1221,21,1,3882.25,3882.25
11222,1222,22,2,4019.50,8039.00
11223,1223,23,3,4156.75,12470.25
11224,1224,24,4,4294.00,17176.00
11225,1225,25,1,4431.25,4431.25
11226,1226,26,2,4568.50,9137.00
11227,1227,27,3,4705.75,14117.25
11228,1228,28,4,4843.00,19372.00
11229,1229,29,1,4980.25,4980.25
11230,1230,30,2,5117.50,10235.00
11231,1231,31,3,5254.75,15764.25
11232,1232,32,4,5392.00,21568.00
11233,1233,33,1,5529.25,5529.25
11234,1234,34,2,5666.50,11333.00
11235,1235,35,3,5803.75,17411.25
11236,1236,36,4,5941.00,23764.00
11237,1237,37,1,6078.25,6078.25
11238,1238,38,2,6215.50,12431.00
11239,1239,39,3,6352.75,19058.25
11240,1240,40,4,6490.00,25960.00
11241,1241,41,1,6627.25,6627.25
11242,1242,42,2,6764.50,13529.00
11243,1243,43,3,6901.75,20705.25
11244,1244,44,4,7039.00,28156.00
11245,1245,45,1,7176.25,7176.25
11246,1246,46,2,7313.50,14627.00
11247,1247,47,3,7450.75,22352.25
11248,1248,48,4,7588.00,30352.00
11249,1249,49,1,7725.25,7725.25
11250,1250,50,2,7862.50,15725.00
11251,1251,51,3,7999.75,23999.25
11252,1252,52,4,8137.00,32548.00
11253,1253,53,1,8274.25,8274.25
11254,1254,54,2,8411.50,16823.00
11255,1255,55,3,8548.75,25646.25
11256,1256,56,4,8686.00,34744.00
11257,1257,57,1,8823.25,8823.25
11258,1258,58,2,8960.50,17921.00
11259,1259,59,3,9097.75,27293.25
11260,1260,60,4,9235.00,36940.00
11261,1261,61,1,9372.25,9372.25
11262,1262,62,2,9509.50,19019.00
11263,1263,63,3,9646.75,28940.25
11264,1264,64,4,9784.00,39136.00
11265,1265,65,1,9921.25,9921.25
11266,1266,66,2,10058.50,20117.00
11267,1267,67,3,10195.75,30587.25
11268,1268,68,4,10333.00,41332.00
11269,1269,69,1,10470.25,10470.25
11270,1270,70,2,10607.50,21215.00
11271,1271,71,3,10744.75,32234.25
11272,1272,72,4,10882.00,43528.00
11273,1273,73,1,11019.25,11019.25
11274,1274,74,2,11156.50,22313.00
11275,1275,75,3,11293.75,33881.25
11276,1276,76,4,11431.00,45724.00
11277,1277,77,1,11568.25,11568.25
11278,1278,78,2,11705.50,23411.00
11279,1279,79,3,11842.75,35528.25
11280,1280,80,4,11980.00,47920.00
11281,1281,81,1,12117.25,12117.25
11282,1282,82,2,12254.50,24509.00
11283,1283,83,3,12391.75,37175.25
11284,1284,84,4,12529.00,50116.00
11285,1285,85,1,12666.25,12666.25
11286,1286,86,2,12803.50,25607.00
11287,1287,87,3,12940.75,38822.25
11288,1288,88,4,13078.00,52312.00
11289,1289,89,1,13215.25,13215.25
11290,1290,90,2,13352.50,26705.00
11291,1291,91,3,13489.75,40469.25
11292,1292,92,4,13627.00,54508.00
11293,1293,93,1,13764.25,13764.25
11294,1294,94,2,13901.50,27803.00
11295,1295,95,3,14038.75,42116.25
11296,1296,96,4,14176.00,56704.00
11297,1297,97,1,14313.25,14313.25
11298,1298,98,2,14450.50,28901.00
11299,1299,99,3,14587.75,43763.25
11300,1300,100,4,14725.00,58900.00
11301,1301,1,1,1137.25,1137.25
11302,1302,2,2,1274.50,2549.00
11303,1303,3,3,1411.75,4235.25
11304,1304,4,4,1549.00,6196.00
11305,1305,5,1,1686.25,1686.25
11306,1306,6,2,1823.50,3647.00
11307,1307,7,3,1960.75,5882.25
11308,1308,8,4,2098.00,8392.00
11309,1309,9,1,2235.25,2235.25
11310,1310,10,2,2372.50,4745.00
11311,1311,11,3,2509.75,7529.25
11312,1312,12,4,2647.00,10588.00
11313,1313,13,1,2784.25,2784.25
11314,1314,14,2,2921.50,5843.00
11315,1315,15,3,3058.75,9176.25
11316,1316,16,4,3196.00,12784.00
11317,1317,17,1,3333.25,3333.25
11318,1318,18,2,3470.50,6941.00
11319,1319,19,3,3607.75,10823.25
11320,1320,20,4,3745.00,14980.00
11321,1321,21,1,3882.25,3882.25
11322,1322,22,2,4019.50,8039.00
11323,1323,23,3,4156.75,12470.25
11324,1324,24,4,4294.00,17176.00
11325,1325,25,1,4431.25,4431.25
11326,1326,26,2,4568.50,9137.00
11327,1327,27,3,4705.75,14117.25
11328,1328,28,4,4843.00,19372.00
11329,1329,29,1,4980.25,4980.25
11330,1330,30,2,5117.50,10235.00
11331,1331,31,3,5254.75,15764.25
11332,1332,32,4,5392.00,21568.00
11333,1333,33,1,5529.25,5529.25
11334,1334,34,2,5666.50,11333.00
11335,1335,35,3,5803.75,17411.25
11336,1336,36,4,5941.00,23764.00
11337,1337,37,1,6078.25,6078.25
11338,1338,38,2,6215.50,12431.00
11339,1339,39,3,6352.75,19058.25
11340,1340,40,4,6490.00,25960.00
11341,1341,41,1,6627.25,6627.25
11342,1342,42,2,6764.50,13529.00
11343,1343,43,3,6901.75,20705.25
11344,1344,44,4,7039.00,28156.00
11345,1345,45,1,7176.25,7176.25
11346,1346,46,2,7313.50,14627.00
11347,1347,47,3,7450.75,22352.25
11348,1348,48,4,7588.00,30352.00
11349,1349,49,1,7725.25,7725.25
11350,1350,50,2,7862.50,15725.00
11351,1351,51,3,7999.75,23999.25
11352,1352,52,4,8137.00,32548.00
11353,1353,53,1,8274.25,8274.25
11354,1354,54,2,8411.50,16823.00
11355,1355,55,3,8548.75,25646.25
11356,1356,56,4,8686.00,34744.00
11357,1357,57,1,8823.25,8823.25
11358,1358,58,2,8960.50,17921.00
11359,1359,59,3,9097.75,27293.25
11360,1360,60,4,9235.00,36940.00
11361,1361,61,1,9372.25,9372.25
11362,1362,62,2,9509.50,19019.00
11363,1363,63,3,9646.75,28940.25
11364,1364,64,4,9784.00,39136.00
11365,1365,65,1,9921.25,9921.25
11366,1366,66,2,10058.50,20117.00
11367,1367,67,3,10195.75,30587.25
11368,1368,68,4,10333.00,41332.00
11369,1369,69,1,10470.25,10470.25
11370,1370,70,2,10607.50,21215.00
11371,1371,71,3,10744.75,32234.25
11372,1372,72,4,10882.00,43528.00
11373,1373,73,1,11019.25,11019.25
11374,1374,74,2,11156.50,22313.00
11375,1375,75,3,11293.75,33881.25
11376,1376,76,4,11431.00,45724.00
11377,1377,77,1,11568.25,11568.25
11378,1378,78,2,11705.50,23411.00
11379,1379,79,3,11842.75,35528.25
11380,1380,80,4,11980.00,47920.00
11381,1381,81,1,12117.25,12117.25
11382,1382,82,2,12254.50,24509.00
11383,1383,83,3,12391.75,37175.25
11384,1384,84,4,12529.00,50116.00
11385,1385,85,1,12666.25,12666.25
11386,1386,86,2,12803.50,25607.00
11387,1387,87,3,12940.75,38822.25
11388,1388,88,4,13078.00,52312.00
11389,1389,89,1,13215.25,13215.25
11390,1390,90,2,13352.50,26705.00
11391,1391,91,3,13489.75,40469.25
11392,1392,92,4,13627.00,54508.00
11393,1393,93,1,13764.25,13764.25
11394,1394,94,2,13901.50,27803.00
11395,1395,95,3,14038.75,42116.25
11396,1396,96,4,14176.00,56704.00
11397,1397,97,1,14313.25,14313.25
11398,1398,98,2,14450.50,28901.00
11399,1399,99,3,14587.75,43763.25
11400,1400,100,4,14725.00,58900.00
11401,1401,1,1,1137.25,1137.25
11402,1402,2,2,1274.50,2549.00
11403,1403,3,3,1411.75,4235.25
11404,1404,4,4,1549.00,6196.00
11405,1405,5,1,1686.25,1686.25
11406,1406,6,2,1823.50,3647.00
11407,1407,7,3,1960.75,5882.25
11408,1408,8,4,2098.00,8392.00
11409,1409,9,1,2235.25,2235.25
11410,1410,10,2,2372.50,4745.00
11411,1411,11,3,2509.75,7529.25
11412,1412,12,4,2647.00,10588.00
11413,1413,13,1,2784.25,2784.25
11414,1414,14,2,2921.50,5843.00
11415,1415,15,3,3058.75,9176.25
11416,1416,16,4,3196.00,12784.00
11417,1417,17,1,3333.25,3333.25
11418,1418,18,2,3470.50,6941.00
11419,1419,19,3,3607.75,10823.25
11420,1420,20,4,3745.00,14980.00
11421,1421,21,1,3882.25,3882.25
11422,1422,22,2,4019.50,8039.00
11423,1423,23,3,4156.75,12470.25
11424,1424,24,4,4294.00,17176.00
11425,1425,25,1,4431.25,4431.25
11426,1426,26,2,4568.50,9137.00
11427,1427,27,3,4705.75,14117.25
11428,1428,28,4,4843.00,19372.00
11429,1429,29,1,4980.25,4980.25
11430,1430,30,2,5117.50,10235.00
11431,1431,31,3,5254.75,15764.25
11432,1432,32,4,5392.00,21568.00
11433,1433,33,1,5529.25,5529.25
11434,1434,34,2,5666.50,11333.00
11435,1435,35,3,5803.75,17411.25
11436,1436,36,4,5941.00,23764.00
11437,1437,37,1,6078.25,6078.25
11438,1438,38,2,6215.50,12431.00
11439,1439,39,3,6352.75,19058.25
11440,1440,40,4,6490.00,25960.00
11441,1441,41,1,6627.25,6627.25
11442,1442,42,2,6764.50,13529.00
11443,1443,43,3,6901.75,20705.25
11444,1444,44,4,7039.00,28156.00
11445,1445,45,1,7176.25,7176.25
11446,1446,46,2,7313.50,14627.00
11447,1447,47,3,7450.75,22352.25
11448,1448,48,4,7588.00,30352.00
11449,1449,49,1,7725.25,7725.25
11450,1450,50,2,7862.50,15725.00
11451,1451,51,3,7999.75,23999.25
11452,1452,52,4,8137.00,32548.00
11453,1453,53,1,8274.25,8274.25
11454,1454,54,2,8411.50,16823.00
11455,1455,55,3,8548.75,25646.25
11456,1456,56,4,8686.00,34744.00
11457,1457,57,1,8823.25,8823.25
11458,1458,58,2,8960.50,17921.00
11459,1459,59,3,9097.75,27293.25
11460,1460,60,4,9235.00,36940.00
11461,1461,61,1,9372.25,9372.25
11462,1462,62,2,9509.50,19019.00
11463,1463,63,3,9646.75,28940.25
11464,1464,64,4,9784.00,39136.00
11465,1465,65,1,9921.25,9921.25
11466,1466,66,2,10058.50,20117.00
11467,1467,67,3,10195.75,30587.25
11468,1468,68,4,10333.00,41332.00
11469,1469,69,1,10470.25,10470.25
11470,1470,70,2,10607.50,21215.00
11471,1471,71,3,10744.75,32234.25
11472,1472,72,4,10882.00,43528.00
11473,1473,73,1,11019.25,11019.25
11474,1474,74,2,11156.50,22313.00
11475,1475,75,3,11293.75,33881.25
11476,1476,76,4,11431.00,45724.00
11477,1477,77,1,11568.25,11568.25
11478,1478,78,2,11705.50,23411.00
11479,1479,79,3,11842.75,35528.25
11480,1480,80,4,11980.00,47920.00
11481,1481,81,1,12117.25,12117.25
11482,1482,82,2,12254.50,24509.00
11483,1483,83,3,12391.75,37175.25
11484,1484,84,4,12529.00,50116.00
11485,1485,85,1,12666.25,12666.25
11486,1486,86,2,12803.50,25607.00
11487,1487,87,3,12940.75,38822.25
11488,1488,88,4,13078.00,52312.00
11489,1489,89,1,13215.25,13215.25
11490,1490,90,2,13352.50,26705.00
11491,1491,91,3,13489.75,40469.25
11492,1492,92,4,13627.00,54508.00
11493,1493,93,1,13764.25,13764.25
11494,1494,94,2,13901.50,27803.00
11495,1495,95,3,14038.75,42116.25
11496,1496,96,4,14176.00,56704.00
11497,1497,97,1,14313.25,14313.25
11498,1498,98,2,14450.50,28901.00
11499,1499,99,3,14587.75,43763.25
11500,1500,100,4,14725.00,58900.00
11501,1501,1,1,1137.25,1137.25
11502,1502,2,2,1274.50,2549.00
11503,1503,3,3,1411.75,4235.25
11504,1504,4,4,1549.00,6196.00
11505,1505,5,1,1686.25,1686.25
11506,1506,6,2,1823.50,3647.00
11507,1507,7,3,1960.75,5882.25
11508,1508,8,4,2098.00,8392.00
11509,1509,9,1,2235.25,2235.25
11510,1510,10,2,2372.50,4745.00
11511,1511,11,3,2509.75,7529.25
11512,1512,12,4,2647.00,10588.00
11513,1513,13,1,2784.25,2784.25
11514,1514,14,2,2921.50,5843.00
11515,1515,15,3,3058.75,9176.25
11516,1516,16,4,3196.00,12784.00
11517,1517,17,1,3333.25,3333.25
11518,1518,18,2,3470.50,6941.00
11519,1519,19,3,3607.75,10823.25
11520,1520,20,4,3745.00,14980.00
11521,1521,21,1,3882.25,3882.25
11522,1522,22,2,4019.50,8039.00
11523,1523,23,3,4156.75,12470.25
11524,1524,24,4,4294.00,17176.00
11525,1525,25,1,4431.25,4431.25
11526,1526,26,2,4568.50,9137.00
11527,1527,27,3,4705.75,14117.25
11528,1528,28,4,4843.00,19372.00
11529,1529,29,1,4980.25,4980.25
11530,1530,30,2,5117.50,10235.00
11531,1531,31,3,5254.75,15764.25
11532,1532,32,4,5392.00,21568.00
11533,1533,33,1,5529.25,5529.25
11534,1534,34,2,5666.50,11333.00
11535,1535,35,3,5803.75,17411.25
11536,1536,36,4,5941.00,23764.00
11537,1537,37,1,6078.25,6078.25
11538,1538,38,2,6215.50,12431.00
11539,1539,39,3,6352.75,19058.25
11540,1540,40,4,6490.00,25960.00
11541,1541,41,1,6627.25,6627.25
11542,1542,42,2,6764.50,13529.00
11543,1543,43,3,6901.75,20705.25
11544,1544,44,4,7039.00,28156.00
11545,1545,45,1,7176.25,7176.25
11546,1546,46,2,7313.50,14627.00
11547,1547,47,3,7450.75,22352.25
11548,1548,48,4,7588.00,30352.00
11549,1549,49,1,7725.25,7725.25
11550,1550,50,2,7862.50,15725.00
11551,1551,51,3,7999.75,23999.25
11552,1552,52,4,8137.00,32548.00
11553,1553,53,1,8274.25,8274.25
11554,1554,54,2,8411.50,16823.00
11555,1555,55,3,8548.75,25646.25
11556,1556,56,4,8686.00,34744.00
11557,1557,57,1,8823.25,8823.25
11558,1558,58,2,8960.50,17921.00
11559,1559,59,3,9097.75,27293.25
11560,1560,60,4,9235.00,36940.00
11561,1561,61,1,9372.25,9372.25
11562,1562,62,2,9509.50,19019.00
11563,1563,63,3,9646.75,28940.25
11564,1564,64,4,9784.00,39136.00
11565,1565,65,1,9921.25,9921.25
11566,1566,66,2,10058.50,20117.00
11567,1567,67,3,10195.75,30587.25
11568,1568,68,4,10333.00,41332.00
11569,1569,69,1,10470.25,10470.25
11570,1570,70,2,10607.50,21215.00
11571,1571,71,3,10744.75,32234.25
11572,1572,72,4,10882.00,43528.00
11573,1573,73,1,11019.25,11019.25
11574,1574,74,2,11156.50,22313.00
11575,1575,75,3,11293.75,33881.25
11576,1576,76,4,11431.00,45724.00
11577,1577,77,1,11568.25,11568.25
11578,1578,78,2,11705.50,23411.00
11579,1579,79,3,11842.75,35528.25
11580,1580,80,4,11980.00,47920.00
11581,1581,81,1,12117.25,12117.25
11582,1582,82,2,12254.50,24509.00
11583,1583,83,3,12391.75,37175.25
11584,1584,84,4,12529.00,50116.00
11585,1585,85,1,12666.25,12666.25
11586,1586,86,2,12803.50,25607.00
11587,1587,87,3,12940.75,38822.25
11588,1588,88,4,13078.00,52312.00
11589,1589,89,1,13215.25,13215.25
11590,1590,90,2,13352.50,26705.00
11591,1591,91,3,13489.75,40469.25
11592,1592,92,4,13627.00,54508.00
11593,1593,93,1,13764.25,13764.25
11594,1594,94,2,13901.50,27803.00
11595,1595,95,3,14038.75,42116.25
11596,1596,96,4,14176.00,56704.00
11597,1597,97,1,14313.25,14313.25
11598,1598,98,2,14450.50,28901.00
11599,1599,99,3,14587.75,43763.25
11600,1600,100,4,14725.00,58900.00
11601,1601,1,1,1137.25,1137.25
11602,1602,2,2,1274.50,2549.00
11603,1603,3,3,1411.75,4235.25
11604,1604,4,4,1549.00,6196.00
11605,1605,5,1,1686.25,1686.25
11606,1606,6,2,1823.50,3647.00
11607,1607,7,3,1960.75,5882.25
11608,1608,8,4,2098.00,8392.00
11609,1609,9,1,2235.25,2235.25
11610,1610,10,2,2372.50,4745.00
11611,1611,11,3,2509.75,7529.25
11612,1612,12,4,2647.00,10588.00
11613,1613,13,1,2784.25,2784.25
11614,1614,14,2,2921.50,5843.00
11615,1615,15,3,3058.75,9176.25
11616,1616,16,4,3196.00,12784.00
11617,1617,17,1,3333.25,3333.25
11618,1618,18,2,3470.50,6941.00
11619,1619,19,3,3607.75,10823.25
11620,1620,20,4,3745.00,14980.00
11621,1621,21,1,3882.25,3882.25
11622,1622,22,2,4019.50,8039.00
11623,1623,23,3,4156.75,12470.25
11624,1624,24,4,4294.00,17176.00
11625,1625,25,1,4431.25,4431.25
11626,1626,26,2,4568.50,9137.00
11627,1627,27,3,4705.75,14117.25
11628,1628,28,4,4843.00,19372.00
11629,1629,29,1,4980.25,4980.25
11630,1630,30,2,5117.50,10235.00
11631,1631,31,3,5254.75,15764.25
11632,1632,32,4,5392.00,21568.00
11633,1633,33,1,5529.25,5529.25
11634,1634,34,2,5666.50,11333.00
11635,1635,35,3,5803.75,17411.25
11636,1636,36,4,5941.00,23764.00
11637,1637,37,1,6078.25,6078.25
11638,1638,38,2,6215.50,12431.00
11639,1639,39,3,6352.75,19058.25
11640,1640,40,4,6490.00,25960.00
11641,1641,41,1,6627.25,6627.25
11642,1642,42,2,6764.50,13529.00
11643,1643,43,3,6901.75,20705.25
11644,1644,44,4,7039.00,28156.00
11645,1645,45,1,7176.25,7176.25
11646,1646,46,2,7313.50,14627.00
11647,1647,47,3,7450.75,22352.25
11648,1648,48,4,7588.00,30352.00
11649,1649,49,1,7725.25,7725.25
11650,1650,50,2,7862.50,15725.00
11651,1651,51,3,7999.75,23999.25
11652,1652,52,4,8137.00,32548.00
11653,1653,53,1,8274.25,8274.25
11654,1654,54,2,8411.50,16823.00
11655,1655,55,3,8548.75,25646.25
11656,1656,56,4,8686.00,34744.00
11657,1657,57,1,8823.25,8823.25
11658,1658,58,2,8960.50,17921.00
11659,1659,59,3,9097.75,27293.25
11660,1660,60,4,9235.00,36940.00
11661,1661,61,1,9372.25,9372.25
11662,1662,62,2,9509.50,19019.00
11663,1663,63,3,9646.75,28940.25
11664,1664,64,4,9784.00,39136.00
11665,1665,65,1,9921.25,9921.25
11666,1666,66,2,10058.50,20117.00
11667,1667,67,3,10195.75,30587.25
11668,1668,68,4,10333.00,41332.00
11669,1669,69,1,10470.25,10470.25
11670,1670,70,2,10607.50,21215.00
11671,1671,71,3,10744.75,32234.25
11672,1672,72,4,10882.00,43528.00
11673,1673,73,1,11019.25,11019.25
11674,1674,74,2,11156.50,22313.00
11675,1675,75,3,11293.75,33881.25
11676,1676,76,4,11431.00,45724.00
11677,1677,77,1,11568.25,11568.25
11678,1678,78,2,11705.50,23411.00
11679,1679,79,3,11842.75,35528.25
11680,1680,80,4,11980.00,47920.00
11681,1681,81,1,12117.25,12117.25
11682,1682,82,2,12254.50,24509.00
11683,1683,83,3,12391.75,37175.25
11684,1684,84,4,12529.00,50116.00
11685,1685,85,1,12666.25,12666.25
11686,1686,86,2,12803.50,25607.00
11687,1687,87,3,12940.75,38822.25
11688,1688,88,4,13078.00,52312.00
11689,1689,89,1,13215.25,13215.25
11690,1690,90,2,13352.50,26705.00
11691,1691,91,3,13489.75,40469.25
11692,1692,92,4,13627.00,54508.00
11693,1693,93,1,13764.25,13764.25
11694,1694,94,2,13901.50,27803.00
11695,1695,95,3,14038.75,42116.25
11696,1696,96,4,14176.00,56704.00
11697,1697,97,1,14313.25,14313.25
11698,1698,98,2,14450.50,28901.00
11699,1699,99,3,14587.75,43763.25
11700,1700,100,4,14725.00,58900.00
11701,1701,1,1,1137.25,1137.25
11702,1702,2,2,1274.50,2549.00
11703,1703,3,3,1411.75,4235.25
11704,1704,4,4,1549.00,6196.00
11705,1705,5,1,1686.25,1686.25
11706,1706,6,2,1823.50,3647.00
11707,1707,7,3,1960.75,5882.25
11708,1708,8,4,2098.00,8392.00
11709,1709,9,1,2235.25,2235.25
11710,1710,10,2,2372.50,4745.00
11711,1711,11,3,2509.75,7529.25
11712,1712,12,4,2647.00,10588.00
11713,1713,13,1,2784.25,2784.25
11714,1714,14,2,2921.50,5843.00
11715,1715,15,3,3058.75,9176.25
11716,1716,16,4,3196.00,12784.00
11717,1717,17,1,3333.25,3333.25
11718,1718,18,2,3470.50,6941.00
11719,1719,19,3,3607.75,10823.25
11720,1720,20,4,3745.00,14980.00
11721,1721,21,1,3882.25,3882.25
11722,1722,22,2,4019.50,8039.00
11723,1723,23,3,4156.75,12470.25
11724,1724,24,4,4294.00,17176.00
11725,1725,25,1,4431.25,4431.25
11726,1726,26,2,4568.50,9137.00
11727,1727,27,3,4705.75,14117.25
11728,1728,28,4,4843.00,19372.00
11729,1729,29,1,4980.25,4980.25
11730,1730,30,2,5117.50,10235.00
11731,1731,31,3,5254.75,15764.25
11732,1732,32,4,5392.00,21568.00
11733,1733,33,1,5529.25,5529.25
11734,1734,34,2,5666.50,11333.00
11735,1735,35,3,5803.75,17411.25
11736,1736,36,4,5941.00,23764.00
11737,1737,37,1,6078.25,6078.25
11738,1738,38,2,6215.50,12431.00
11739,1739,39,3,6352.75,19058.25
11740,1740,40,4,6490.00,25960.00
11741,1741,41,1,6627.25,6627.25
11742,1742,42,2,6764.50,13529.00
11743,1743,43,3,6901.75,20705.25
11744,1744,44,4,7039.00,28156.00
11745,1745,45,1,7176.25,7176.25
11746,1746,46,2,7313.50,14627.00
11747,1747,47,3,7450.75,22352.25
11748,1748,48,4,7588.00,30352.00
11749,1749,49,1,7725.25,7725.25
11750,1750,50,2,7862.50,15725.00
11751,1751,51,3,7999.75,23999.25
11752,1752,52,4,8137.00,32548.00
11753,1753,53,1,8274.25,8274.25
11754,1754,54,2,8411.50,16823.00
11755,1755,55,3,8548.75,25646.25
11756,1756,56,4,8686.00,34744.00
11757,1757,57,1,8823.25,8823.25
11758,1758,58,2,8960.50,17921.00
11759,1759,59,3,9097.75,27293.25
11760,1760,60,4,9235.00,36940.00
11761,1761,61,1,9372.25,9372.25
11762,1762,62,2,9509.50,19019.00
11763,1763,63,3,9646.75,28940.25
11764,1764,64,4,9784.00,39136.00
11765,1765,65,1,9921.25,9921.25
11766,1766,66,2,10058.50,20117.00
11767,1767,67,3,10195.75,30587.25
11768,1768,68,4,10333.00,41332.00
11769,1769,69,1,10470.25,10470.25
11770,1770,70,2,10607.50,21215.00
11771,1771,71,3,10744.75,32234.25
11772,1772,72,4,10882.00,43528.00
11773,1773,73,1,11019.25,11019.25
11774,1774,74,2,11156.50,22313.00
11775,1775,75,3,11293.75,33881.25
11776,1776,76,4,11431.00,45724.00
11777,1777,77,1,11568.25,11568.25
11778,1778,78,2,11705.50,23411.00
11779,1779,79,3,11842.75,35528.25
11780,1780,80,4,11980.00,47920.00
11781,1781,81,1,12117.25,12117.25
11782,1782,82,2,12254.50,24509.00
11783,1783,83,3,12391.75,37175.25
11784,1784,84,4,12529.00,50116.00
11785,1785,85,1,12666.25,12666.25
11786,1786,86,2,12803.50,25607.00
11787,1787,87,3,12940.75,38822.25
11788,1788,88,4,13078.00,52312.00
11789,1789,89,1,13215.25,13215.25
11790,1790,90,2,13352.50,26705.00
11791,1791,91,3,13489.75,40469.25
11792,1792,92,4,13627.00,54508.00
11793,1793,93,1,13764.25,13764.25
11794,1794,94,2,13901.50,27803.00
11795,1795,95,3,14038.75,42116.25
11796,1796,96,4,14176.00,56704.00
11797,1797,97,1,14313.25,14313.25
11798,1798,98,2,14450.50,28901.00
11799,1799,99,3,14587.75,43763.25
11800,1800,100,4,14725.00,58900.00
11801,1801,1,1,1137.25,1137.25
11802,1802,2,2,1274.50,2549.00
11803,1803,3,3,1411.75,4235.25
11804,1804,4,4,1549.00,6196.00
11805,1805,5,1,1686.25,1686.25
11806,1806,6,2,1823.50,3647.00
11807,1807,7,3,1960.75,5882.25
11808,1808,8,4,2098.00,8392.00
11809,1809,9,1,2235.25,2235.25
11810,1810,10,2,2372.50,4745.00
11811,1811,11,3,2509.75,7529.25
11812,1812,12,4,2647.00,10588.00
11813,1813,13,1,2784.25,2784.25
11814,1814,14,2,2921.50,5843.00
11815,1815,15,3,3058.75,9176.25
11816,1816,16,4,3196.00,12784.00
11817,1817,17,1,3333.25,3333.25
11818,1818,18,2,3470.50,6941.00
11819,1819,19,3,3607.75,10823.25
11820,1820,20,4,3745.00,14980.00
11821,1821,21,1,3882.25,3882.25
11822,1822,22,2,4019.50,8039.00
11823,1823,23,3,4156.75,12470.25
11824,1824,24,4,4294.00,17176.00
11825,1825,25,1,4431.25,4431.25
11826,1826,26,2,4568.50,9137.00
11827,1827,27,3,4705.75,14117.25
11828,1828,28,4,4843.00,19372.00
11829,1829,29,1,4980.25,4980.25
11830,1830,30,2,5117.50,10235.00
11831,1831,31,3,5254.75,15764.25
11832,1832,32,4,5392.00,21568.00
11833,1833,33,1,5529.25,5529.25
11834,1834,34,2,5666.50,11333.00
11835,1835,35,3,5803.75,17411.25
11836,1836,36,4,5941.00,23764.00
11837,1837,37,1,6078.25,6078.25
11838,1838,38,2,6215.50,12431.00
11839,1839,39,3,6352.75,19058.25
11840,1840,40,4,6490.00,25960.00
11841,1841,41,1,6627.25,6627.25
11842,1842,42,2,6764.50,13529.00
11843,1843,43,3,6901.75,20705.25
11844,1844,44,4,7039.00,28156.00
11845,1845,45,1,7176.25,7176.25
11846,1846,46,2,7313.50,14627.00
11847,1847,47,3,7450.75,22352.25
11848,1848,48,4,7588.00,30352.00
11849,1849,49,1,7725.25,7725.25
11850,1850,50,2,7862.50,15725.00
11851,1851,51,3,7999.75,23999.25
11852,1852,52,4,8137.00,32548.00
11853,1853,53,1,8274.25,8274.25
11854,1854,54,2,8411.50,16823.00
11855,1855,55,3,8548.75,25646.25
11856,1856,56,4,8686.00,34744.00
11857,1857,57,1,8823.25,8823.25
11858,1858,58,2,8960.50,17921.00
11859,1859,59,3,9097.75,27293.25
11860,1860,60,4,9235.00,36940.00
11861,1861,61,1,9372.25,9372.25
11862,1862,62,2,9509.50,19019.00
11863,1863,63,3,9646.75,28940.25
11864,1864,64,4,9784.00,39136.00
11865,1865,65,1,9921.25,9921.25
11866,1866,66,2,10058.50,20117.00
11867,1867,67,3,10195.75,30587.25
11868,1868,68,4,10333.00,41332.00
11869,1869,69,1,10470.25,10470.25
11870,1870,70,2,10607.50,21215.00
11871,1871,71,3,10744.75,32234.25
11872,1872,72,4,10882.00,43528.00
11873,1873,73,1,11019.25,11019.25
11874,1874,74,2,11156.50,22313.00
11875,1875,75,3,11293.75,33881.25
11876,1876,76,4,11431.00,45724.00
11877,1877,77,1,11568.25,11568.25
11878,1878,78,2,11705.50,23411.00
11879,1879,79,3,11842.75,35528.25
11880,1880,80,4,11980.00,47920.00
11881,1881,81,1,12117.25,12117.25
11882,1882,82,2,12254.50,24509.00
11883,1883,83,3,12391.75,37175.25
11884,1884,84,4,12529.00,50116.00
11885,1885,85,1,12666.25,12666.25
11886,1886,86,2,12803.50,25607.00
11887,1887,87,3,12940.75,38822.25
11888,1888,88,4,13078.00,52312.00
11889,1889,89,1,13215.25,13215.25
11890,1890,90,2,13352.50,26705.00
11891,1891,91,3,13489.75,40469.25
11892,1892,92,4,13627.00,54508.00
11893,1893,93,1,13764.25,13764.25
11894,1894,94,2,13901.50,27803.00
11895,1895,95,3,14038.75,42116.25
11896,1896,96,4,14176.00,56704.00
11897,1897,97,1,14313.25,14313.25
11898,1898,98,2,14450.50,28901.00
11899,1899,99,3,14587.75,43763.25
11900,1900,100,4,14725.00,58900.00
11901,1901,1,1,1137.25,1137.25
11902,1902,2,2,1274.50,2549.00
11903,1903,3,3,1411.75,4235.25
11904,1904,4,4,1549.00,6196.00
11905,1905,5,1,1686.25,1686.25
11906,1906,6,2,1823.50,3647.00
11907,1907,7,3,1960.75,5882.25
11908,1908,8,4,2098.00,8392.00
11909,1909,9,1,2235.25,2235.25
11910,1910,10,2,2372.50,4745.00
11911,1911,11,3,2509.75,7529.25
11912,1912,12,4,2647.00,10588.00
11913,1913,13,1,2784.25,2784.25
11914,1914,14,2,2921.50,5843.00
11915,1915,15,3,3058.75,9176.25
11916,1916,16,4,3196.00,12784.00
11917,1917,17,1,3333.25,3333.25
11918,1918,18,2,3470.50,6941.00
11919,1919,19,3,3607.75,10823.25
11920,1920,20,4,3745.00,14980.00
11921,1921,21,1,3882.25,3882.25
11922,1922,22,2,4019.50,8039.00
11923,1923,23,3,4156.75,12470.25
11924,1924,24,4,4294.00,17176.00
11925,1925,25,1,4431.25,4431.25
11926,1926,26,2,4568.50,9137.00
11927,1927,27,3,4705.75,14117.25
11928,1928,28,4,4843.00,19372.00
11929,1929,29,1,4980.25,4980.25
11930,1930,30,2,5117.50,10235.00
11931,1931,31,3,5254.75,15764.25
11932,1932,32,4,5392.00,21568.00
11933,1933,33,1,5529.25,5529.25
11934,1934,34,2,5666.50,11333.00
11935,1935,35,3,5803.75,17411.25
11936,1936,36,4,5941.00,23764.00
11937,1937,37,1,6078.25,6078.25
11938,1938,38,2,6215.50,12431.00
11939,1939,39,3,6352.75,19058.25
11940,1940,40,4,6490.00,25960.00
11941,1941,41,1,6627.25,6627.25
11942,1942,42,2,6764.50,13529.00
11943,1943,43,3,6901.75,20705.25
11944,1944,44,4,7039.00,28156.00
11945,1945,45,1,7176.25,7176.25
11946,1946,46,2,7313.50,14627.00
11947,1947,47,3,7450.75,22352.25
11948,1948,48,4,7588.00,30352.00
11949,1949,49,1,7725.25,7725.25
11950,1950,50,2,7862.50,15725.00
11951,1951,51,3,7999.75,23999.25
11952,1952,52,4,8137.00,32548.00
11953,1953,53,1,8274.25,8274.25
11954,1954,54,2,8411.50,16823.00
11955,1955,55,3,8548.75,25646.25
11956,1956,56,4,8686.00,34744.00
11957,1957,57,1,8823.25,8823.25
11958,1958,58,2,8960.50,17921.00
11959,1959,59,3,9097.75,27293.25
11960,1960,60,4,9235.00,36940.00
11961,1961,61,1,9372.25,9372.25
11962,1962,62,2,9509.50,19019.00
11963,1963,63,3,9646.75,28940.25
11964,1964,64,4,9784.00,39136.00
11965,1965,65,1,9921.25,9921.25
11966,1966,66,2,10058.50,20117.00
11967,1967,67,3,10195.75,30587.25
11968,1968,68,4,10333.00,41332.00
11969,1969,69,1,10470.25,10470.25
11970,1970,70,2,10607.50,21215.00
11971,1971,71,3,10744.75,32234.25
11972,1972,72,4,10882.00,43528.00
11973,1973,73,1,11019.25,11019.25
11974,1974,74,2,11156.50,22313.00
11975,1975,75,3,11293.75,33881.25
11976,1976,76,4,11431.00,45724.00
11977,1977,77,1,11568.25,11568.25
11978,1978,78,2,11705.50,23411.00
11979,1979,79,3,11842.75,35528.25
11980,1980,80,4,11980.00,47920.00
11981,1981,81,1,12117.25,12117.25
11982,1982,82,2,12254.50,24509.00
11983,1983,83,3,12391.75,37175.25
11984,1984,84,4,12529.00,50116.00
11985,1985,85,1,12666.25,12666.25
11986,1986,86,2,12803.50,25607.00
11987,1987,87,3,12940.75,38822.25
11988,1988,88,4,13078.00,52312.00
11989,1989,89,1,13215.25,13215.25
11990,1990,90,2,13352.50,26705.00
11991,1991,91,3,13489.75,40469.25
11992,1992,92,4,13627.00,54508.00
11993,1993,93,1,13764.25,13764.25
11994,1994,94,2,13901.50,27803.00
11995,1995,95,3,14038.75,42116.25
11996,1996,96,4,14176.00,56704.00
11997,1997,97,1,14313.25,14313.25
11998,1998,98,2,14450.50,28901.00
11999,1999,99,3,14587.75,43763.25
12000,2000,100,4,14725.00,58900.00
12001,2001,1,1,1137.25,1137.25
12002,2002,2,2,1274.50,2549.00
12003,2003,3,3,1411.75,4235.25
12004,2004,4,4,1549.00,6196.00
12005,2005,5,1,1686.25,1686.25
12006,2006,6,2,1823.50,3647.00
12007,2007,7,3,1960.75,5882.25
12008,2008,8,4,2098.00,8392.00
12009,2009,9,1,2235.25,2235.25
12010,2010,10,2,2372.50,4745.00
12011,2011,11,3,2509.75,7529.25
12012,2012,12,4,2647.00,10588.00
12013,2013,13,1,2784.25,2784.25
12014,2014,14,2,2921.50,5843.00
12015,2015,15,3,3058.75,9176.25
12016,2016,16,4,3196.00,12784.00
12017,2017,17,1,3333.25,3333.25
12018,2018,18,2,3470.50,6941.00
12019,2019,19,3,3607.75,10823.25
12020,2020,20,4,3745.00,14980.00
12021,2021,21,1,3882.25,3882.25
12022,2022,22,2,4019.50,8039.00
12023,2023,23,3,4156.75,12470.25
12024,2024,24,4,4294.00,17176.00
12025,2025,25,1,4431.25,4431.25
12026,2026,26,2,4568.50,9137.00
12027,2027,27,3,4705.75,14117.25
12028,2028,28,4,4843.00,19372.00
12029,2029,29,1,4980.25,4980.25
12030,2030,30,2,5117.50,10235.00
12031,2031,31,3,5254.75,15764.25
12032,2032,32,4,5392.00,21568.00
12033,2033,33,1,5529.25,5529.25
12034,2034,34,2,5666.50,11333.00
12035,2035,35,3,5803.75,17411.25
12036,2036,36,4,5941.00,23764.00
12037,2037,37,1,6078.25,6078.25
12038,2038,38,2,6215.50,12431.00
12039,2039,39,3,6352.75,19058.25
12040,2040,40,4,6490.00,25960.00
12041,2041,41,1,6627.25,6627.25
12042,2042,42,2,6764.50,13529.00
12043,2043,43,3,6901.75,20705.25
12044,2044,44,4,7039.00,28156.00
12045,2045,45,1,7176.25,7176.25
12046,2046,46,2,7313.50,14627.00
12047,2047,47,3,7450.75,22352.25
12048,2048,48,4,7588.00,30352.00
12049,2049,49,1,7725.25,7725.25
12050,2050,50,2,7862.50,15725.00
12051,2051,51,3,7999.75,23999.25
12052,2052,52,4,8137.00,32548.00
12053,2053,53,1,8274.25,8274.25
12054,2054,54,2,8411.50,16823.00
12055,2055,55,3,8548.75,25646.25
12056,2056,56,4,8686.00,34744.00
12057,2057,57,1,8823.25,8823.25
12058,2058,58,2,8960.50,17921.00
12059,2059,59,3,9097.75,27293.25
12060,2060,60,4,9235.00,36940.00
12061,2061,61,1,9372.25,9372.25
12062,2062,62,2,9509.50,19019.00
12063,2063,63,3,9646.75,28940.25
12064,2064,64,4,9784.00,39136.00
12065,2065,65,1,9921.25,9921.25
12066,2066,66,2,10058.50,20117.00
12067,2067,67,3,10195.75,30587.25
12068,2068,68,4,10333.00,41332.00
12069,2069,69,1,10470.25,10470.25
12070,2070,70,2,10607.50,21215.00
12071,2071,71,3,10744.75,32234.25
12072,2072,72,4,10882.00,43528.00
12073,2073,73,1,11019.25,11019.25
12074,2074,74,2,11156.50,22313.00
12075,2075,75,3,11293.75,33881.25
12076,2076,76,4,11431.00,45724.00
12077,2077,77,1,11568.25,11568.25
12078,2078,78,2,11705.50,23411.00
12079,2079,79,3,11842.75,35528.25
12080,2080,80,4,11980.00,47920.00
12081,2081,81,1,12117.25,12117.25
12082,2082,82,2,12254.50,24509.00
12083,2083,83,3,12391.75,37175.25
12084,2084,84,4,12529.00,50116.00
12085,2085,85,1,12666.25,12666.25
12086,2086,86,2,12803.50,25607.00
12087,2087,87,3,12940.75,38822.25
12088,2088,88,4,13078.00,52312.00
12089,2089,89,1,13215.25,13215.25
12090,2090,90,2,13352.50,26705.00
12091,2091,91,3,13489.75,40469.25
12092,2092,92,4,13627.00,54508.00
12093,2093,93,1,13764.25,13764.25
12094,2094,94,2,13901.50,27803.00
12095,2095,95,3,14038.75,42116.25
12096,2096,96,4,14176.00,56704.00
12097,2097,97,1,14313.25,14313.25
12098,2098,98,2,14450.50,28901.00
12099,2099,99,3,14587.75,43763.25
12100,2100,100,4,14725.00,58900.00
12101,2101,1,1,1137.25,1137.25
12102,2102,2,2,1274.50,2549.00
12103,2103,3,3,1411.75,4235.25
12104,2104,4,4,1549.00,6196.00
12105,2105,5,1,1686.25,1686.25
12106,2106,6,2,1823.50,3647.00
12107,2107,7,3,1960.75,5882.25
12108,2108,8,4,2098.00,8392.00
12109,2109,9,1,2235.25,2235.25
12110,2110,10,2,2372.50,4745.00
12111,2111,11,3,2509.75,7529.25
12112,2112,12,4,2647.00,10588.00
12113,2113,13,1,2784.25,2784.25
12114,2114,14,2,2921.50,5843.00
12115,2115,15,3,3058.75,9176.25
12116,2116,16,4,3196.00,12784.00
12117,2117,17,1,3333.25,3333.25
12118,2118,18,2,3470.50,6941.00
12119,2119,19,3,3607.75,10823.25
12120,2120,20,4,3745.00,14980.00
12121,2121,21,1,3882.25,3882.25
12122,2122,22,2,4019.50,8039.00
12123,2123,23,3,4156.75,12470.25
12124,2124,24,4,4294.00,17176.00
12125,2125,25,1,4431.25,4431.25
12126,2126,26,2,4568.50,9137.00
12127,2127,27,3,4705.75,14117.25
12128,2128,28,4,4843.00,19372.00
12129,2129,29,1,4980.25,4980.25
12130,2130,30,2,5117.50,10235.00
12131,2131,31,3,5254.75,15764.25
12132,2132,32,4,5392.00,21568.00
12133,2133,33,1,5529.25,5529.25
12134,2134,34,2,5666.50,11333.00
12135,2135,35,3,5803.75,17411.25
12136,2136,36,4,5941.00,23764.00
12137,2137,37,1,6078.25,6078.25
12138,2138,38,2,6215.50,12431.00
12139,2139,39,3,6352.75,19058.25
12140,2140,40,4,6490.00,25960.00
12141,2141,41,1,6627.25,6627.25
12142,2142,42,2,6764.50,13529.00
12143,2143,43,3,6901.75,20705.25
12144,2144,44,4,7039.00,28156.00
12145,2145,45,1,7176.25,7176.25
12146,2146,46,2,7313.50,14627.00
12147,2147,47,3,7450.75,22352.25
12148,2148,48,4,7588.00,30352.00
12149,2149,49,1,7725.25,7725.25
12150,2150,50,2,7862.50,15725.00
12151,2151,51,3,7999.75,23999.25
12152,2152,52,4,8137.00,32548.00
12153,2153,53,1,8274.25,8274.25
12154,2154,54,2,8411.50,16823.00
12155,2155,55,3,8548.75,25646.25
12156,2156,56,4,8686.00,34744.00
12157,2157,57,1,8823.25,8823.25
12158,2158,58,2,8960.50,17921.00
12159,2159,59,3,9097.75,27293.25
12160,2160,60,4,9235.00,36940.00
12161,2161,61,1,9372.25,9372.25
12162,2162,62,2,9509.50,19019.00
12163,2163,63,3,9646.75,28940.25
12164,2164,64,4,9784.00,39136.00
12165,2165,65,1,9921.25,9921.25
12166,2166,66,2,10058.50,20117.00
12167,2167,67,3,10195.75,30587.25
12168,2168,68,4,10333.00,41332.00
12169,2169,69,1,10470.25,10470.25
12170,2170,70,2,10607.50,21215.00
12171,2171,71,3,10744.75,32234.25
12172,2172,72,4,10882.00,43528.00
12173,2173,73,1,11019.25,11019.25
12174,2174,74,2,11156.50,22313.00
12175,2175,75,3,11293.75,33881.25
12176,2176,76,4,11431.00,45724.00
12177,2177,77,1,11568.25,11568.25
12178,2178,78,2,11705.50,23411.00
12179,2179,79,3,11842.75,35528.25
12180,2180,80,4,11980.00,47920.00
12181,2181,81,1,12117.25,12117.25
12182,2182,82,2,12254.50,24509.00
12183,2183,83,3,12391.75,37175.25
12184,2184,84,4,12529.00,50116.00
12185,2185,85,1,12666.25,12666.25
12186,2186,86,2,12803.50,25607.00
12187,2187,87,3,12940.75,38822.25
12188,2188,88,4,13078.00,52312.00
12189,2189,89,1,13215.25,13215.25
12190,2190,90,2,13352.50,26705.00
12191,2191,91,3,13489.75,40469.25
12192,2192,92,4,13627.00,54508.00
12193,2193,93,1,13764.25,13764.25
12194,2194,94,2,13901.50,27803.00
12195,2195,95,3,14038.75,42116.25
12196,2196,96,4,14176.00,56704.00
12197,2197,97,1,14313.25,14313.25
12198,2198,98,2,14450.50,28901.00
12199,2199,99,3,14587.75,43763.25
12200,2200,100,4,14725.00,58900.00
12201,2201,1,1,1137.25,1137.25
12202,2202,2,2,1274.50,2549.00
12203,2203,3,3,1411.75,4235.25
12204,2204,4,4,1549.00,6196.00
12205,2205,5,1,1686.25,1686.25
12206,2206,6,2,1823.50,3647.00
12207,2207,7,3,1960.75,5882.25
12208,2208,8,4,2098.00,8392.00
12209,2209,9,1,2235.25,2235.25
12210,2210,10,2,2372.50,4745.00
12211,2211,11,3,2509.75,7529.25
12212,2212,12,4,2647.00,10588.00
12213,2213,13,1,2784.25,2784.25
12214,2214,14,2,2921.50,5843.00
12215,2215,15,3,3058.75,9176.25
12216,2216,16,4,3196.00,12784.00
12217,2217,17,1,3333.25,3333.25
12218,2218,18,2,3470.50,6941.00
12219,2219,19,3,3607.75,10823.25
12220,2220,20,4,3745.00,14980.00
12221,2221,21,1,3882.25,3882.25
12222,2222,22,2,4019.50,8039.00
12223,2223,23,3,4156.75,12470.25
12224,2224,24,4,4294.00,17176.00
12225,2225,25,1,4431.25,4431.25
12226,2226,26,2,4568.50,9137.00
12227,2227,27,3,4705.75,14117.25
12228,2228,28,4,4843.00,19372.00
12229,2229,29,1,4980.25,4980.25
12230,2230,30,2,5117.50,10235.00
12231,2231,31,3,5254.75,15764.25
12232,2232,32,4,5392.00,21568.00
12233,2233,33,1,5529.25,5529.25
12234,2234,34,2,5666.50,11333.00
12235,2235,35,3,5803.75,17411.25
12236,2236,36,4,5941.00,23764.00
12237,2237,37,1,6078.25,6078.25
12238,2238,38,2,6215.50,12431.00
12239,2239,39,3,6352.75,19058.25
12240,2240,40,4,6490.00,25960.00
12241,2241,41,1,6627.25,6627.25
12242,2242,42,2,6764.50,13529.00
12243,2243,43,3,6901.75,20705.25
12244,2244,44,4,7039.00,28156.00
12245,2245,45,1,7176.25,7176.25
12246,2246,46,2,7313.50,14627.00
12247,2247,47,3,7450.75,22352.25
12248,2248,48,4,7588.00,30352.00
12249,2249,49,1,7725.25,7725.25
12250,2250,50,2,7862.50,15725.00
12251,2251,51,3,7999.75,23999.25
12252,2252,52,4,8137.00,32548.00
12253,2253,53,1,8274.25,8274.25
12254,2254,54,2,8411.50,16823.00
12255,2255,55,3,8548.75,25646.25
12256,2256,56,4,8686.00,34744.00
12257,2257,57,1,8823.25,8823.25
12258,2258,58,2,8960.50,17921.00
12259,2259,59,3,9097.75,27293.25
12260,2260,60,4,9235.00,36940.00
12261,2261,61,1,9372.25,9372.25
12262,2262,62,2,9509.50,19019.00
12263,2263,63,3,9646.75,28940.25
12264,2264,64,4,9784.00,39136.00
12265,2265,65,1,9921.25,9921.25
12266,2266,66,2,10058.50,20117.00
12267,2267,67,3,10195.75,30587.25
12268,2268,68,4,10333.00,41332.00
12269,2269,69,1,10470.25,10470.25
12270,2270,70,2,10607.50,21215.00
12271,2271,71,3,10744.75,32234.25
12272,2272,72,4,10882.00,43528.00
12273,2273,73,1,11019.25,11019.25
12274,2274,74,2,11156.50,22313.00
12275,2275,75,3,11293.75,33881.25
12276,2276,76,4,11431.00,45724.00
12277,2277,77,1,11568.25,11568.25
12278,2278,78,2,11705.50,23411.00
12279,2279,79,3,11842.75,35528.25
12280,2280,80,4,11980.00,47920.00
12281,2281,81,1,12117.25,12117.25
12282,2282,82,2,12254.50,24509.00
12283,2283,83,3,12391.75,37175.25
12284,2284,84,4,12529.00,50116.00
12285,2285,85,1,12666.25,12666.25
12286,2286,86,2,12803.50,25607.00
12287,2287,87,3,12940.75,38822.25
12288,2288,88,4,13078.00,52312.00
12289,2289,89,1,13215.25,13215.25
12290,2290,90,2,13352.50,26705.00
12291,2291,91,3,13489.75,40469.25
12292,2292,92,4,13627.00,54508.00
12293,2293,93,1,13764.25,13764.25
12294,2294,94,2,13901.50,27803.00
12295,2295,95,3,14038.75,42116.25
12296,2296,96,4,14176.00,56704.00
12297,2297,97,1,14313.25,14313.25
12298,2298,98,2,14450.50,28901.00
12299,2299,99,3,14587.75,43763.25
12300,2300,100,4,14725.00,58900.00
12301,2301,1,1,1137.25,1137.25
12302,2302,2,2,1274.50,2549.00
12303,2303,3,3,1411.75,4235.25
12304,2304,4,4,1549.00,6196.00
12305,2305,5,1,1686.25,1686.25
12306,2306,6,2,1823.50,3647.00
12307,2307,7,3,1960.75,5882.25
12308,2308,8,4,2098.00,8392.00
12309,2309,9,1,2235.25,2235.25
12310,2310,10,2,2372.50,4745.00
12311,2311,11,3,2509.75,7529.25
12312,2312,12,4,2647.00,10588.00
12313,2313,13,1,2784.25,2784.25
12314,2314,14,2,2921.50,5843.00
12315,2315,15,3,3058.75,9176.25
12316,2316,16,4,3196.00,12784.00
12317,2317,17,1,3333.25,3333.25
12318,2318,18,2,3470.50,6941.00
12319,2319,19,3,3607.75,10823.25
12320,2320,20,4,3745.00,14980.00
12321,2321,21,1,3882.25,3882.25
12322,2322,22,2,4019.50,8039.00
12323,2323,23,3,4156.75,12470.25
12324,2324,24,4,4294.00,17176.00
12325,2325,25,1,4431.25,4431.25
12326,2326,26,2,4568.50,9137.00
12327,2327,27,3,4705.75,14117.25
12328,2328,28,4,4843.00,19372.00
12329,2329,29,1,4980.25,4980.25
12330,2330,30,2,5117.50,10235.00
12331,2331,31,3,5254.75,15764.25
12332,2332,32,4,5392.00,21568.00
12333,2333,33,1,5529.25,5529.25
12334,2334,34,2,5666.50,11333.00
12335,2335,35,3,5803.75,17411.25
12336,2336,36,4,5941.00,23764.00
12337,2337,37,1,6078.25,6078.25
12338,2338,38,2,6215.50,12431.00
12339,2339,39,3,6352.75,19058.25
12340,2340,40,4,6490.00,25960.00
12341,2341,41,1,6627.25,6627.25
12342,2342,42,2,6764.50,13529.00
12343,2343,43,3,6901.75,20705.25
12344,2344,44,4,7039.00,28156.00
12345,2345,45,1,7176.25,7176.25
12346,2346,46,2,7313.50,14627.00
12347,2347,47,3,7450.75,22352.25
12348,2348,48,4,7588.00,30352.00
12349,2349,49,1,7725.25,7725.25
12350,2350,50,2,7862.50,15725.00
12351,2351,51,3,7999.75,23999.25
12352,2352,52,4,8137.00,32548.00
12353,2353,53,1,8274.25,8274.25
12354,2354,54,2,8411.50,16823.00
12355,2355,55,3,8548.75,25646.25
12356,2356,56,4,8686.00,34744.00
12357,2357,57,1,8823.25,8823.25
12358,2358,58,2,8960.50,17921.00
12359,2359,59,3,9097.75,27293.25
12360,2360,60,4,9235.00,36940.00
12361,2361,61,1,9372.25,9372.25
12362,2362,62,2,9509.50,19019.00
12363,2363,63,3,9646.75,28940.25
12364,2364,64,4,9784.00,39136.00
12365,2365,65,1,9921.25,9921.25
12366,2366,66,2,10058.50,20117.00
12367,2367,67,3,10195.75,30587.25
12368,2368,68,4,10333.00,41332.00
12369,2369,69,1,10470.25,10470.25
12370,2370,70,2,10607.50,21215.00
12371,2371,71,3,10744.75,32234.25
12372,2372,72,4,10882.00,43528.00
12373,2373,73,1,11019.25,11019.25
12374,2374,74,2,11156.50,22313.00
12375,2375,75,3,11293.75,33881.25
12376,2376,76,4,11431.00,45724.00
12377,2377,77,1,11568.25,11568.25
12378,2378,78,2,11705.50,23411.00
12379,2379,79,3,11842.75,35528.25
12380,2380,80,4,11980.00,47920.00
12381,2381,81,1,12117.25,12117.25
12382,2382,82,2,12254.50,24509.00
12383,2383,83,3,12391.75,37175.25
12384,2384,84,4,12529.00,50116.00
12385,2385,85,1,12666.25,12666.25
12386,2386,86,2,12803.50,25607.00
12387,2387,87,3,12940.75,38822.25
12388,2388,88,4,13078.00,52312.00
12389,2389,89,1,13215.25,13215.25
12390,2390,90,2,13352.50,26705.00
12391,2391,91,3,13489.75,40469.25
12392,2392,92,4,13627.00,54508.00
12393,2393,93,1,13764.25,13764.25
12394,2394,94,2,13901.50,27803.00
12395,2395,95,3,14038.75,42116.25
12396,2396,96,4,14176.00,56704.00
12397,2397,97,1,14313.25,14313.25
12398,2398,98,2,14450.50,28901.00
12399,2399,99,3,14587.75,43763.25
12400,2400,100,4,14725.00,58900.00
12401,2401,1,1,1137.25,1137.25
12402,2402,2,2,1274.50,2549.00
12403,2403,3,3,1411.75,4235.25
12404,2404,4,4,1549.00,6196.00
12405,2405,5,1,1686.25,1686.25
12406,2406,6,2,1823.50,3647.00
12407,2407,7,3,1960.75,5882.25
12408,2408,8,4,2098.00,8392.00
12409,2409,9,1,2235.25,2235.25
12410,2410,10,2,2372.50,4745.00
12411,2411,11,3,2509.75,7529.25
12412,2412,12,4,2647.00,10588.00
12413,2413,13,1,2784.25,2784.25
12414,2414,14,2,2921.50,5843.00
12415,2415,15,3,3058.75,9176.25
12416,2416,16,4,3196.00,12784.00
12417,2417,17,1,3333.25,3333.25
12418,2418,18,2,3470.50,6941.00
12419,2419,19,3,3607.75,10823.25
12420,2420,20,4,3745.00,14980.00
12421,2421,21,1,3882.25,3882.25
12422,2422,22,2,4019.50,8039.00
12423,2423,23,3,4156.75,12470.25
12424,2424,24,4,4294.00,17176.00
12425,2425,25,1,4431.25,4431.25
12426,2426,26,2,4568.50,9137.00
12427,2427,27,3,4705.75,14117.25
12428,2428,28,4,4843.00,19372.00
12429,2429,29,1,4980.25,4980.25
12430,2430,30,2,5117.50,10235.00
12431,2431,31,3,5254.75,15764.25
12432,2432,32,4,5392.00,21568.00
12433,2433,33,1,5529.25,5529.25
12434,2434,34,2,5666.50,11333.00
12435,2435,35,3,5803.75,17411.25
12436,2436,36,4,5941.00,23764.00
12437,2437,37,1,6078.25,6078.25
12438,2438,38,2,6215.50,12431.00
12439,2439,39,3,6352.75,19058.25
12440,2440,40,4,6490.00,25960.00
12441,2441,41,1,6627.25,6627.25
12442,2442,42,2,6764.50,13529.00
12443,2443,43,3,6901.75,20705.25
12444,2444,44,4,7039.00,28156.00
12445,2445,45,1,7176.25,7176.25
12446,2446,46,2,7313.50,14627.00
12447,2447,47,3,7450.75,22352.25
12448,2448,48,4,7588.00,30352.00
12449,2449,49,1,7725.25,7725.25
12450,2450,50,2,7862.50,15725.00
12451,2451,51,3,7999.75,23999.25
12452,2452,52,4,8137.00,32548.00
12453,2453,53,1,8274.25,8274.25
12454,2454,54,2,8411.50,16823.00
12455,2455,55,3,8548.75,25646.25
12456,2456,56,4,8686.00,34744.00
12457,2457,57,1,8823.25,8823.25
12458,2458,58,2,8960.50,17921.00
12459,2459,59,3,9097.75,27293.25
12460,2460,60,4,9235.00,36940.00
12461,2461,61,1,9372.25,9372.25
12462,2462,62,2,9509.50,19019.00
12463,2463,63,3,9646.75,28940.25
12464,2464,64,4,9784.00,39136.00
12465,2465,65,1,9921.25,9921.25
12466,2466,66,2,10058.50,20117.00
12467,2467,67,3,10195.75,30587.25
12468,2468,68,4,10333.00,41332.00
12469,2469,69,1,10470.25,10470.25
12470,2470,70,2,10607.50,21215.00
12471,2471,71,3,10744.75,32234.25
12472,2472,72,4,10882.00,43528.00
12473,2473,73,1,11019.25,11019.25
12474,2474,74,2,11156.50,22313.00
12475,2475,75,3,11293.75,33881.25
12476,2476,76,4,11431.00,45724.00
12477,2477,77,1,11568.25,11568.25
12478,2478,78,2,11705.50,23411.00
12479,2479,79,3,11842.75,35528.25
12480,2480,80,4,11980.00,47920.00
12481,2481,81,1,12117.25,12117.25
12482,2482,82,2,12254.50,24509.00
12483,2483,83,3,12391.75,37175.25
12484,2484,84,4,12529.00,50116.00
12485,2485,85,1,12666.25,12666.25
12486,2486,86,2,12803.50,25607.00
12487,2487,87,3,12940.75,38822.25
12488,2488,88,4,13078.00,52312.00
12489,2489,89,1,13215.25,13215.25
12490,2490,90,2,13352.50,26705.00
12491,2491,91,3,13489.75,40469.25
12492,2492,92,4,13627.00,54508.00
12493,2493,93,1,13764.25,13764.25
12494,2494,94,2,13901.50,27803.00
12495,2495,95,3,14038.75,42116.25
12496,2496,96,4,14176.00,56704.00
12497,2497,97,1,14313.25,14313.25
12498,2498,98,2,14450.50,28901.00
12499,2499,99,3,14587.75,43763.25
12500,2500,100,4,14725.00,58900.00
12501,2501,1,1,1137.25,1137.25
12502,2502,2,2,1274.50,2549.00
12503,2503,3,3,1411.75,4235.25
12504,2504,4,4,1549.00,6196.00
12505,2505,5,1,1686.25,1686.25
12506,2506,6,2,1823.50,3647.00
12507,2507,7,3,1960.75,5882.25
12508,2508,8,4,2098.00,8392.00
12509,2509,9,1,2235.25,2235.25
12510,2510,10,2,2372.50,4745.00
12511,2511,11,3,2509.75,7529.25
12512,2512,12,4,2647.00,10588.00
12513,2513,13,1,2784.25,2784.25
12514,2514,14,2,2921.50,5843.00
12515,2515,15,3,3058.75,9176.25
12516,2516,16,4,3196.00,12784.00
12517,2517,17,1,3333.25,3333.25
12518,2518,18,2,3470.50,6941.00
12519,2519,19,3,3607.75,10823.25
12520,2520,20,4,3745.00,14980.00
12521,2521,21,1,3882.25,3882.25
12522,2522,22,2,4019.50,8039.00
12523,2523,23,3,4156.75,12470.25
12524,2524,24,4,4294.00,17176.00
12525,2525,25,1,4431.25,4431.25
12526,2526,26,2,4568.50,9137.00
12527,2527,27,3,4705.75,14117.25
12528,2528,28,4,4843.00,19372.00
12529,2529,29,1,4980.25,4980.25
12530,2530,30,2,5117.50,10235.00
12531,2531,31,3,5254.75,15764.25
12532,2532,32,4,5392.00,21568.00
12533,2533,33,1,5529.25,5529.25
12534,2534,34,2,5666.50,11333.00
12535,2535,35,3,5803.75,17411.25
12536,2536,36,4,5941.00,23764.00
12537,2537,37,1,6078.25,6078.25
12538,2538,38,2,6215.50,12431.00
12539,2539,39,3,6352.75,19058.25
12540,2540,40,4,6490.00,25960.00
12541,2541,41,1,6627.25,6627.25
12542,2542,42,2,6764.50,13529.00
12543,2543,43,3,6901.75,20705.25
12544,2544,44,4,7039.00,28156.00
12545,2545,45,1,7176.25,7176.25
12546,2546,46,2,7313.50,14627.00
12547,2547,47,3,7450.75,22352.25
12548,2548,48,4,7588.00,30352.00
12549,2549,49,1,7725.25,7725.25
12550,2550,50,2,7862.50,15725.00
12551,2551,51,3,7999.75,23999.25
12552,2552,52,4,8137.00,32548.00
12553,2553,53,1,8274.25,8274.25
12554,2554,54,2,8411.50,16823.00
12555,2555,55,3,8548.75,25646.25
12556,2556,56,4,8686.00,34744.00
12557,2557,57,1,8823.25,8823.25
12558,2558,58,2,8960.50,17921.00
12559,2559,59,3,9097.75,27293.25
12560,2560,60,4,9235.00,36940.00
12561,2561,61,1,9372.25,9372.25
12562,2562,62,2,9509.50,19019.00
12563,2563,63,3,9646.75,28940.25
12564,2564,64,4,9784.00,39136.00
12565,2565,65,1,9921.25,9921.25
12566,2566,66,2,10058.50,20117.00
12567,2567,67,3,10195.75,30587.25
12568,2568,68,4,10333.00,41332.00
12569,2569,69,1,10470.25,10470.25
12570,2570,70,2,10607.50,21215.00
12571,2571,71,3,10744.75,32234.25
12572,2572,72,4,10882.00,43528.00
12573,2573,73,1,11019.25,11019.25
12574,2574,74,2,11156.50,22313.00
12575,2575,75,3,11293.75,33881.25
12576,2576,76,4,11431.00,45724.00
12577,2577,77,1,11568.25,11568.25
12578,2578,78,2,11705.50,23411.00
12579,2579,79,3,11842.75,35528.25
12580,2580,80,4,11980.00,47920.00
12581,2581,81,1,12117.25,12117.25
12582,2582,82,2,12254.50,24509.00
12583,2583,83,3,12391.75,37175.25
12584,2584,84,4,12529.00,50116.00
12585,2585,85,1,12666.25,12666.25
12586,2586,86,2,12803.50,25607.00
12587,2587,87,3,12940.75,38822.25
12588,2588,88,4,13078.00,52312.00
12589,2589,89,1,13215.25,13215.25
12590,2590,90,2,13352.50,26705.00
12591,2591,91,3,13489.75,40469.25
12592,2592,92,4,13627.00,54508.00
12593,2593,93,1,13764.25,13764.25
12594,2594,94,2,13901.50,27803.00
12595,2595,95,3,14038.75,42116.25
12596,2596,96,4,14176.00,56704.00
12597,2597,97,1,14313.25,14313.25
12598,2598,98,2,14450.50,28901.00
12599,2599,99,3,14587.75,43763.25
12600,2600,100,4,14725.00,58900.00
12601,2601,1,1,1137.25,1137.25
12602,2602,2,2,1274.50,2549.00
12603,2603,3,3,1411.75,4235.25
12604,2604,4,4,1549.00,6196.00
12605,2605,5,1,1686.25,1686.25
12606,2606,6,2,1823.50,3647.00
12607,2607,7,3,1960.75,5882.25
12608,2608,8,4,2098.00,8392.00
12609,2609,9,1,2235.25,2235.25
12610,2610,10,2,2372.50,4745.00
12611,2611,11,3,2509.75,7529.25
12612,2612,12,4,2647.00,10588.00
12613,2613,13,1,2784.25,2784.25
12614,2614,14,2,2921.50,5843.00
12615,2615,15,3,3058.75,9176.25
12616,2616,16,4,3196.00,12784.00
12617,2617,17,1,3333.25,3333.25
12618,2618,18,2,3470.50,6941.00
12619,2619,19,3,3607.75,10823.25
12620,2620,20,4,3745.00,14980.00
12621,2621,21,1,3882.25,3882.25
12622,2622,22,2,4019.50,8039.00
12623,2623,23,3,4156.75,12470.25
12624,2624,24,4,4294.00,17176.00
12625,2625,25,1,4431.25,4431.25
12626,2626,26,2,4568.50,9137.00
12627,2627,27,3,4705.75,14117.25
12628,2628,28,4,4843.00,19372.00
12629,2629,29,1,4980.25,4980.25
12630,2630,30,2,5117.50,10235.00
12631,2631,31,3,5254.75,15764.25
12632,2632,32,4,5392.00,21568.00
12633,2633,33,1,5529.25,5529.25
12634,2634,34,2,5666.50,11333.00
12635,2635,35,3,5803.75,17411.25
12636,2636,36,4,5941.00,23764.00
12637,2637,37,1,6078.25,6078.25
12638,2638,38,2,6215.50,12431.00
12639,2639,39,3,6352.75,19058.25
12640,2640,40,4,6490.00,25960.00
12641,2641,41,1,6627.25,6627.25
12642,2642,42,2,6764.50,13529.00
12643,2643,43,3,6901.75,20705.25
12644,2644,44,4,7039.00,28156.00
12645,2645,45,1,7176.25,7176.25
12646,2646,46,2,7313.50,14627.00
12647,2647,47,3,7450.75,22352.25
12648,2648,48,4,7588.00,30352.00
12649,2649,49,1,7725.25,7725.25
12650,2650,50,2,7862.50,15725.00
12651,2651,51,3,7999.75,23999.25
12652,2652,52,4,8137.00,32548.00
12653,2653,53,1,8274.25,8274.25
12654,2654,54,2,8411.50,16823.00
12655,2655,55,3,8548.75,25646.25
12656,2656,56,4,8686.00,34744.00
12657,2657,57,1,8823.25,8823.25
12658,2658,58,2,8960.50,17921.00
12659,2659,59,3,9097.75,27293.25
12660,2660,60,4,9235.00,36940.00
12661,2661,61,1,9372.25,9372.25
12662,2662,62,2,9509.50,19019.00
12663,2663,63,3,9646.75,28940.25
12664,2664,64,4,9784.00,39136.00
12665,2665,65,1,9921.25,9921.25
12666,2666,66,2,10058.50,20117.00
12667,2667,67,3,10195.75,30587.25
12668,2668,68,4,10333.00,41332.00
12669,2669,69,1,10470.25,10470.25
12670,2670,70,2,10607.50,21215.00
12671,2671,71,3,10744.75,32234.25
12672,2672,72,4,10882.00,43528.00
12673,2673,73,1,11019.25,11019.25
12674,2674,74,2,11156.50,22313.00
12675,2675,75,3,11293.75,33881.25
12676,2676,76,4,11431.00,45724.00
12677,2677,77,1,11568.25,11568.25
12678,2678,78,2,11705.50,23411.00
12679,2679,79,3,11842.75,35528.25
12680,2680,80,4,11980.00,47920.00
12681,2681,81,1,12117.25,12117.25
12682,2682,82,2,12254.50,24509.00
12683,2683,83,3,12391.75,37175.25
12684,2684,84,4,12529.00,50116.00
12685,2685,85,1,12666.25,12666.25
12686,2686,86,2,12803.50,25607.00
12687,2687,87,3,12940.75,38822.25
12688,2688,88,4,13078.00,52312.00
12689,2689,89,1,13215.25,13215.25
12690,2690,90,2,13352.50,26705.00
12691,2691,91,3,13489.75,40469.25
12692,2692,92,4,13627.00,54508.00
12693,2693,93,1,13764.25,13764.25
12694,2694,94,2,13901.50,27803.00
12695,2695,95,3,14038.75,42116.25
12696,2696,96,4,14176.00,56704.00
12697,2697,97,1,14313.25,14313.25
12698,2698,98,2,14450.50,28901.00
12699,2699,99,3,14587.75,43763.25
12700,2700,100,4,14725.00,58900.00
12701,2701,1,1,1137.25,1137.25
12702,2702,2,2,1274.50,2549.00
12703,2703,3,3,1411.75,4235.25
12704,2704,4,4,1549.00,6196.00
12705,2705,5,1,1686.25,1686.25
12706,2706,6,2,1823.50,3647.00
12707,2707,7,3,1960.75,5882.25
12708,2708,8,4,2098.00,8392.00
12709,2709,9,1,2235.25,2235.25
12710,2710,10,2,2372.50,4745.00
12711,2711,11,3,2509.75,7529.25
12712,2712,12,4,2647.00,10588.00
12713,2713,13,1,2784.25,2784.25
12714,2714,14,2,2921.50,5843.00
12715,2715,15,3,3058.75,9176.25
12716,2716,16,4,3196.00,12784.00
12717,2717,17,1,3333.25,3333.25
12718,2718,18,2,3470.50,6941.00
12719,2719,19,3,3607.75,10823.25
12720,2720,20,4,3745.00,14980.00
12721,2721,21,1,3882.25,3882.25
12722,2722,22,2,4019.50,8039.00
12723,2723,23,3,4156.75,12470.25
12724,2724,24,4,4294.00,17176.00
12725,2725,25,1,4431.25,4431.25
12726,2726,26,2,4568.50,9137.00
12727,2727,27,3,4705.75,14117.25
12728,2728,28,4,4843.00,19372.00
12729,2729,29,1,4980.25,4980.25
12730,2730,30,2,5117.50,10235.00
12731,2731,31,3,5254.75,15764.25
12732,2732,32,4,5392.00,21568.00
12733,2733,33,1,5529.25,5529.25
12734,2734,34,2,5666.50,11333.00
12735,2735,35,3,5803.75,17411.25
12736,2736,36,4,5941.00,23764.00
12737,2737,37,1,6078.25,6078.25
12738,2738,38,2,6215.50,12431.00
12739,2739,39,3,6352.75,19058.25
12740,2740,40,4,6490.00,25960.00
12741,2741,41,1,6627.25,6627.25
12742,2742,42,2,6764.50,13529.00
12743,2743,43,3,6901.75,20705.25
12744,2744,44,4,7039.00,28156.00
12745,2745,45,1,7176.25,7176.25
12746,2746,46,2,7313.50,14627.00
12747,2747,47,3,7450.75,22352.25
12748,2748,48,4,7588.00,30352.00
12749,2749,49,1,7725.25,7725.25
12750,2750,50,2,7862.50,15725.00
12751,2751,51,3,7999.75,23999.25
12752,2752,52,4,8137.00,32548.00
12753,2753,53,1,8274.25,8274.25
12754,2754,54,2,8411.50,16823.00
12755,2755,55,3,8548.75,25646.25
12756,2756,56,4,8686.00,34744.00
12757,2757,57,1,8823.25,8823.25
12758,2758,58,2,8960.50,17921.00
12759,2759,59,3,9097.75,27293.25
12760,2760,60,4,9235.00,36940.00
12761,2761,61,1,9372.25,9372.25
12762,2762,62,2,9509.50,19019.00
12763,2763,63,3,9646.75,28940.25
12764,2764,64,4,9784.00,39136.00
12765,2765,65,1,9921.25,9921.25
12766,2766,66,2,10058.50,20117.00
12767,2767,67,3,10195.75,30587.25
12768,2768,68,4,10333.00,41332.00
12769,2769,69,1,10470.25,10470.25
12770,2770,70,2,10607.50,21215.00
12771,2771,71,3,10744.75,32234.25
12772,2772,72,4,10882.00,43528.00
12773,2773,73,1,11019.25,11019.25
12774,2774,74,2,11156.50,22313.00
12775,2775,75,3,11293.75,33881.25
12776,2776,76,4,11431.00,45724.00
12777,2777,77,1,11568.25,11568.25
12778,2778,78,2,11705.50,23411.00
12779,2779,79,3,11842.75,35528.25
12780,2780,80,4,11980.00,47920.00
12781,2781,81,1,12117.25,12117.25
12782,2782,82,2,12254.50,24509.00
12783,2783,83,3,12391.75,37175.25
12784,2784,84,4,12529.00,50116.00
12785,2785,85,1,12666.25,12666.25
12786,2786,86,2,12803.50,25607.00
12787,2787,87,3,12940.75,38822.25
12788,2788,88,4,13078.00,52312.00
12789,2789,89,1,13215.25,13215.25
12790,2790,90,2,13352.50,26705.00
12791,2791,91,3,13489.75,40469.25
12792,2792,92,4,13627.00,54508.00
12793,2793,93,1,13764.25,13764.25
12794,2794,94,2,13901.50,27803.00
12795,2795,95,3,14038.75,42116.25
12796,2796,96,4,14176.00,56704.00
12797,2797,97,1,14313.25,14313.25
12798,2798,98,2,14450.50,28901.00
12799,2799,99,3,14587.75,43763.25
12800,2800,100,4,14725.00,58900.00
12801,2801,1,1,1137.25,1137.25
12802,2802,2,2,1274.50,2549.00
12803,2803,3,3,1411.75,4235.25
12804,2804,4,4,1549.00,6196.00
12805,2805,5,1,1686.25,1686.25
12806,2806,6,2,1823.50,3647.00
12807,2807,7,3,1960.75,5882.25
12808,2808,8,4,2098.00,8392.00
12809,2809,9,1,2235.25,2235.25
12810,2810,10,2,2372.50,4745.00
12811,2811,11,3,2509.75,7529.25
12812,2812,12,4,2647.00,10588.00
12813,2813,13,1,2784.25,2784.25
12814,2814,14,2,2921.50,5843.00
12815,2815,15,3,3058.75,9176.25
12816,2816,16,4,3196.00,12784.00
12817,2817,17,1,3333.25,3333.25
12818,2818,18,2,3470.50,6941.00
12819,2819,19,3,3607.75,10823.25
12820,2820,20,4,3745.00,14980.00
12821,2821,21,1,3882.25,3882.25
12822,2822,22,2,4019.50,8039.00
12823,2823,23,3,4156.75,12470.25
12824,2824,24,4,4294.00,17176.00
12825,2825,25,1,4431.25,4431.25
12826,2826,26,2,4568.50,9137.00
12827,2827,27,3,4705.75,14117.25
12828,2828,28,4,4843.00,19372.00
12829,2829,29,1,4980.25,4980.25
12830,2830,30,2,5117.50,10235.00
12831,2831,31,3,5254.75,15764.25
12832,2832,32,4,5392.00,21568.00
12833,2833,33,1,5529.25,5529.25
12834,2834,34,2,5666.50,11333.00
12835,2835,35,3,5803.75,17411.25
12836,2836,36,4,5941.00,23764.00
12837,2837,37,1,6078.25,6078.25
12838,2838,38,2,6215.50,12431.00
12839,2839,39,3,6352.75,19058.25
12840,2840,40,4,6490.00,25960.00
12841,2841,41,1,6627.25,6627.25
12842,2842,42,2,6764.50,13529.00
12843,2843,43,3,6901.75,20705.25
12844,2844,44,4,7039.00,28156.00
12845,2845,45,1,7176.25,7176.25
12846,2846,46,2,7313.50,14627.00
12847,2847,47,3,7450.75,22352.25
12848,2848,48,4,7588.00,30352.00
12849,2849,49,1,7725.25,7725.25
12850,2850,50,2,7862.50,15725.00
12851,2851,51,3,7999.75,23999.25
12852,2852,52,4,8137.00,32548.00
12853,2853,53,1,8274.25,8274.25
12854,2854,54,2,8411.50,16823.00
12855,2855,55,3,8548.75,25646.25
12856,2856,56,4,8686.00,34744.00
12857,2857,57,1,8823.25,8823.25
12858,2858,58,2,8960.50,17921.00
12859,2859,59,3,9097.75,27293.25
12860,2860,60,4,9235.00,36940.00
12861,2861,61,1,9372.25,9372.25
12862,2862,62,2,9509.50,19019.00
12863,2863,63,3,9646.75,28940.25
12864,2864,64,4,9784.00,39136.00
12865,2865,65,1,9921.25,9921.25
12866,2866,66,2,10058.50,20117.00
12867,2867,67,3,10195.75,30587.25
12868,2868,68,4,10333.00,41332.00
12869,2869,69,1,10470.25,10470.25
12870,2870,70,2,10607.50,21215.00
12871,2871,71,3,10744.75,32234.25
12872,2872,72,4,10882.00,43528.00
12873,2873,73,1,11019.25,11019.25
12874,2874,74,2,11156.50,22313.00
12875,2875,75,3,11293.75,33881.25
12876,2876,76,4,11431.00,45724.00
12877,2877,77,1,11568.25,11568.25
12878,2878,78,2,11705.50,23411.00
12879,2879,79,3,11842.75,35528.25
12880,2880,80,4,11980.00,47920.00
12881,2881,81,1,12117.25,12117.25
12882,2882,82,2,12254.50,24509.00
12883,2883,83,3,12391.75,37175.25
12884,2884,84,4,12529.00,50116.00
12885,2885,85,1,12666.25,12666.25
12886,2886,86,2,12803.50,25607.00
12887,2887,87,3,12940.75,38822.25
12888,2888,88,4,13078.00,52312.00
12889,2889,89,1,13215.25,13215.25
12890,2890,90,2,13352.50,26705.00
12891,2891,91,3,13489.75,40469.25
12892,2892,92,4,13627.00,54508.00
12893,2893,93,1,13764.25,13764.25
12894,2894,94,2,13901.50,27803.00
12895,2895,95,3,14038.75,42116.25
12896,2896,96,4,14176.00,56704.00
12897,2897,97,1,14313.25,14313.25
12898,2898,98,2,14450.50,28901.00
12899,2899,99,3,14587.75,43763.25
12900,2900,100,4,14725.00,58900.00
12901,2901,1,1,1137.25,1137.25
12902,2902,2,2,1274.50,2549.00
12903,2903,3,3,1411.75,4235.25
12904,2904,4,4,1549.00,6196.00
12905,2905,5,1,1686.25,1686.25
12906,2906,6,2,1823.50,3647.00
12907,2907,7,3,1960.75,5882.25
12908,2908,8,4,2098.00,8392.00
12909,2909,9,1,2235.25,2235.25
12910,2910,10,2,2372.50,4745.00
12911,2911,11,3,2509.75,7529.25
12912,2912,12,4,2647.00,10588.00
12913,2913,13,1,2784.25,2784.25
12914,2914,14,2,2921.50,5843.00
12915,2915,15,3,3058.75,9176.25
12916,2916,16,4,3196.00,12784.00
12917,2917,17,1,3333.25,3333.25
12918,2918,18,2,3470.50,6941.00
12919,2919,19,3,3607.75,10823.25
12920,2920,20,4,3745.00,14980.00
12921,2921,21,1,3882.25,3882.25
12922,2922,22,2,4019.50,8039.00
12923,2923,23,3,4156.75,12470.25
12924,2924,24,4,4294.00,17176.00
12925,2925,25,1,4431.25,4431.25
12926,2926,26,2,4568.50,9137.00
12927,2927,27,3,4705.75,14117.25
12928,2928,28,4,4843.00,19372.00
12929,2929,29,1,4980.25,4980.25
12930,2930,30,2,5117.50,10235.00
12931,2931,31,3,5254.75,15764.25
12932,2932,32,4,5392.00,21568.00
12933,2933,33,1,5529.25,5529.25
12934,2934,34,2,5666.50,11333.00
12935,2935,35,3,5803.75,17411.25
12936,2936,36,4,5941.00,23764.00
12937,2937,37,1,6078.25,6078.25
12938,2938,38,2,6215.50,12431.00
12939,2939,39,3,6352.75,19058.25
12940,2940,40,4,6490.00,25960.00
12941,2941,41,1,6627.25,6627.25
12942,2942,42,2,6764.50,13529.00
12943,2943,43,3,6901.75,20705.25
12944,2944,44,4,7039.00,28156.00
12945,2945,45,1,7176.25,7176.25
12946,2946,46,2,7313.50,14627.00
12947,2947,47,3,7450.75,22352.25
12948,2948,48,4,7588.00,30352.00
12949,2949,49,1,7725.25,7725.25
12950,2950,50,2,7862.50,15725.00
12951,2951,51,3,7999.75,23999.25
12952,2952,52,4,8137.00,32548.00
12953,2953,53,1,8274.25,8274.25
12954,2954,54,2,8411.50,16823.00
12955,2955,55,3,8548.75,25646.25
12956,2956,56,4,8686.00,34744.00
12957,2957,57,1,8823.25,8823.25
12958,2958,58,2,8960.50,17921.00
12959,2959,59,3,9097.75,27293.25
12960,2960,60,4,9235.00,36940.00
12961,2961,61,1,9372.25,9372.25
12962,2962,62,2,9509.50,19019.00
12963,2963,63,3,9646.75,28940.25
12964,2964,64,4,9784.00,39136.00
12965,2965,65,1,9921.25,9921.25
12966,2966,66,2,10058.50,20117.00
12967,2967,67,3,10195.75,30587.25
12968,2968,68,4,10333.00,41332.00
12969,2969,69,1,10470.25,10470.25
12970,2970,70,2,10607.50,21215.00
12971,2971,71,3,10744.75,32234.25
12972,2972,72,4,10882.00,43528.00
12973,2973,73,1,11019.25,11019.25
12974,2974,74,2,11156.50,22313.00
12975,2975,75,3,11293.75,33881.25
12976,2976,76,4,11431.00,45724.00
12977,2977,77,1,11568.25,11568.25
12978,2978,78,2,11705.50,23411.00
12979,2979,79,3,11842.75,35528.25
12980,2980,80,4,11980.00,47920.00
12981,2981,81,1,12117.25,12117.25
12982,2982,82,2,12254.50,24509.00
12983,2983,83,3,12391.75,37175.25
12984,2984,84,4,12529.00,50116.00
12985,2985,85,1,12666.25,12666.25
12986,2986,86,2,12803.50,25607.00
12987,2987,87,3,12940.75,38822.25
12988,2988,88,4,13078.00,52312.00
12989,2989,89,1,13215.25,13215.25
12990,2990,90,2,13352.50,26705.00
12991,2991,91,3,13489.75,40469.25
12992,2992,92,4,13627.00,54508.00
12993,2993,93,1,13764.25,13764.25
12994,2994,94,2,13901.50,27803.00
12995,2995,95,3,14038.75,42116.25
12996,2996,96,4,14176.00,56704.00
12997,2997,97,1,14313.25,14313.25
12998,2998,98,2,14450.50,28901.00
12999,2999,99,3,14587.75,43763.25
13000,3000,100,4,14725.00,58900.00
13001,3001,1,1,1137.25,1137.25
13002,3002,2,2,1274.50,2549.00
13003,3003,3,3,1411.75,4235.25
13004,3004,4,4,1549.00,6196.00
13005,3005,5,1,1686.25,1686.25
13006,3006,6,2,1823.50,3647.00
13007,3007,7,3,1960.75,5882.25
13008,3008,8,4,2098.00,8392.00
13009,3009,9,1,2235.25,2235.25
13010,3010,10,2,2372.50,4745.00
13011,3011,11,3,2509.75,7529.25
13012,3012,12,4,2647.00,10588.00
13013,3013,13,1,2784.25,2784.25
13014,3014,14,2,2921.50,5843.00
13015,3015,15,3,3058.75,9176.25
13016,3016,16,4,3196.00,12784.00
13017,3017,17,1,3333.25,3333.25
13018,3018,18,2,3470.50,6941.00
13019,3019,19,3,3607.75,10823.25
13020,3020,20,4,3745.00,14980.00
13021,3021,21,1,3882.25,3882.25
13022,3022,22,2,4019.50,8039.00
13023,3023,23,3,4156.75,12470.25
13024,3024,24,4,4294.00,17176.00
13025,3025,25,1,4431.25,4431.25
13026,3026,26,2,4568.50,9137.00
13027,3027,27,3,4705.75,14117.25
13028,3028,28,4,4843.00,19372.00
13029,3029,29,1,4980.25,4980.25
13030,3030,30,2,5117.50,10235.00
13031,3031,31,3,5254.75,15764.25
13032,3032,32,4,5392.00,21568.00
13033,3033,33,1,5529.25,5529.25
13034,3034,34,2,5666.50,11333.00
13035,3035,35,3,5803.75,17411.25
13036,3036,36,4,5941.00,23764.00
13037,3037,37,1,6078.25,6078.25
13038,3038,38,2,6215.50,12431.00
13039,3039,39,3,6352.75,19058.25
13040,3040,40,4,6490.00,25960.00
13041,3041,41,1,6627.25,6627.25
13042,3042,42,2,6764.50,13529.00
13043,3043,43,3,6901.75,20705.25
13044,3044,44,4,7039.00,28156.00
13045,3045,45,1,7176.25,7176.25
13046,3046,46,2,7313.50,14627.00
13047,3047,47,3,7450.75,22352.25
13048,3048,48,4,7588.00,30352.00
13049,3049,49,1,7725.25,7725.25
13050,3050,50,2,7862.50,15725.00
13051,3051,51,3,7999.75,23999.25
13052,3052,52,4,8137.00,32548.00
13053,3053,53,1,8274.25,8274.25
13054,3054,54,2,8411.50,16823.00
13055,3055,55,3,8548.75,25646.25
13056,3056,56,4,8686.00,34744.00
13057,3057,57,1,8823.25,8823.25
13058,3058,58,2,8960.50,17921.00
13059,3059,59,3,9097.75,27293.25
13060,3060,60,4,9235.00,36940.00
13061,3061,61,1,9372.25,9372.25
13062,3062,62,2,9509.50,19019.00
13063,3063,63,3,9646.75,28940.25
13064,3064,64,4,9784.00,39136.00
13065,3065,65,1,9921.25,9921.25
13066,3066,66,2,10058.50,20117.00
13067,3067,67,3,10195.75,30587.25
13068,3068,68,4,10333.00,41332.00
13069,3069,69,1,10470.25,10470.25
13070,3070,70,2,10607.50,21215.00
13071,3071,71,3,10744.75,32234.25
13072,3072,72,4,10882.00,43528.00
13073,3073,73,1,11019.25,11019.25
13074,3074,74,2,11156.50,22313.00
13075,3075,75,3,11293.75,33881.25
13076,3076,76,4,11431.00,45724.00
13077,3077,77,1,11568.25,11568.25
13078,3078,78,2,11705.50,23411.00
13079,3079,79,3,11842.75,35528.25
13080,3080,80,4,11980.00,47920.00
13081,3081,81,1,12117.25,12117.25
13082,3082,82,2,12254.50,24509.00
13083,3083,83,3,12391.75,37175.25
13084,3084,84,4,12529.00,50116.00
13085,3085,85,1,12666.25,12666.25
13086,3086,86,2,12803.50,25607.00
13087,3087,87,3,12940.75,38822.25
13088,3088,88,4,13078.00,52312.00
13089,3089,89,1,13215.25,13215.25
13090,3090,90,2,13352.50,26705.00
13091,3091,91,3,13489.75,40469.25
13092,3092,92,4,13627.00,54508.00
13093,3093,93,1,13764.25,13764.25
13094,3094,94,2,13901.50,27803.00
13095,3095,95,3,14038.75,42116.25
13096,3096,96,4,14176.00,56704.00
13097,3097,97,1,14313.25,14313.25
13098,3098,98,2,14450.50,28901.00
13099,3099,99,3,14587.75,43763.25
13100,3100,100,4,14725.00,58900.00
13101,3101,1,1,1137.25,1137.25
13102,3102,2,2,1274.50,2549.00
13103,3103,3,3,1411.75,4235.25
13104,3104,4,4,1549.00,6196.00
13105,3105,5,1,1686.25,1686.25
13106,3106,6,2,1823.50,3647.00
13107,3107,7,3,1960.75,5882.25
13108,3108,8,4,2098.00,8392.00
13109,3109,9,1,2235.25,2235.25
13110,3110,10,2,2372.50,4745.00
13111,3111,11,3,2509.75,7529.25
13112,3112,12,4,2647.00,10588.00
13113,3113,13,1,2784.25,2784.25
13114,3114,14,2,2921.50,5843.00
13115,3115,15,3,3058.75,9176.25
13116,3116,16,4,3196.00,12784.00
13117,3117,17,1,3333.25,3333.25
13118,3118,18,2,3470.50,6941.00
13119,3119,19,3,3607.75,10823.25
13120,3120,20,4,3745.00,14980.00
13121,3121,21,1,3882.25,3882.25
13122,3122,22,2,4019.50,8039.00
13123,3123,23,3,4156.75,12470.25
13124,3124,24,4,4294.00,17176.00
13125,3125,25,1,4431.25,4431.25
13126,3126,26,2,4568.50,9137.00
13127,3127,27,3,4705.75,14117.25
13128,3128,28,4,4843.00,19372.00
13129,3129,29,1,4980.25,4980.25
13130,3130,30,2,5117.50,10235.00
13131,3131,31,3,5254.75,15764.25
13132,3132,32,4,5392.00,21568.00
13133,3133,33,1,5529.25,5529.25
13134,3134,34,2,5666.50,11333.00
13135,3135,35,3,5803.75,17411.25
13136,3136,36,4,5941.00,23764.00
13137,3137,37,1,6078.25,6078.25
13138,3138,38,2,6215.50,12431.00
13139,3139,39,3,6352.75,19058.25
13140,3140,40,4,6490.00,25960.00
13141,3141,41,1,6627.25,6627.25
13142,3142,42,2,6764.50,13529.00
13143,3143,43,3,6901.75,20705.25
13144,3144,44,4,7039.00,28156.00
13145,3145,45,1,7176.25,7176.25
13146,3146,46,2,7313.50,14627.00
13147,3147,47,3,7450.75,22352.25
13148,3148,48,4,7588.00,30352.00
13149,3149,49,1,7725.25,7725.25
13150,3150,50,2,7862.50,15725.00
13151,3151,51,3,7999.75,23999.25
13152,3152,52,4,8137.00,32548.00
13153,3153,53,1,8274.25,8274.25
13154,3154,54,2,8411.50,16823.00
13155,3155,55,3,8548.75,25646.25
13156,3156,56,4,8686.00,34744.00
13157,3157,57,1,8823.25,8823.25
13158,3158,58,2,8960.50,17921.00
13159,3159,59,3,9097.75,27293.25
13160,3160,60,4,9235.00,36940.00
13161,3161,61,1,9372.25,9372.25
13162,3162,62,2,9509.50,19019.00
13163,3163,63,3,9646.75,28940.25
13164,3164,64,4,9784.00,39136.00
13165,3165,65,1,9921.25,9921.25
13166,3166,66,2,10058.50,20117.00
13167,3167,67,3,10195.75,30587.25
13168,3168,68,4,10333.00,41332.00
13169,3169,69,1,10470.25,10470.25
13170,3170,70,2,10607.50,21215.00
13171,3171,71,3,10744.75,32234.25
13172,3172,72,4,10882.00,43528.00
13173,3173,73,1,11019.25,11019.25
13174,3174,74,2,11156.50,22313.00
13175,3175,75,3,11293.75,33881.25
13176,3176,76,4,11431.00,45724.00
13177,3177,77,1,11568.25,11568.25
13178,3178,78,2,11705.50,23411.00
13179,3179,79,3,11842.75,35528.25
13180,3180,80,4,11980.00,47920.00
13181,3181,81,1,12117.25,12117.25
13182,3182,82,2,12254.50,24509.00
13183,3183,83,3,12391.75,37175.25
13184,3184,84,4,12529.00,50116.00
13185,3185,85,1,12666.25,12666.25
13186,3186,86,2,12803.50,25607.00
13187,3187,87,3,12940.75,38822.25
13188,3188,88,4,13078.00,52312.00
13189,3189,89,1,13215.25,13215.25
13190,3190,90,2,13352.50,26705.00
13191,3191,91,3,13489.75,40469.25
13192,3192,92,4,13627.00,54508.00
13193,3193,93,1,13764.25,13764.25
13194,3194,94,2,13901.50,27803.00
13195,3195,95,3,14038.75,42116.25
13196,3196,96,4,14176.00,56704.00
13197,3197,97,1,14313.25,14313.25
13198,3198,98,2,14450.50,28901.00
13199,3199,99,3,14587.75,43763.25
13200,3200,100,4,14725.00,58900.00
13201,3201,1,1,1137.25,1137.25
13202,3202,2,2,1274.50,2549.00
13203,3203,3,3,1411.75,4235.25
13204,3204,4,4,1549.00,6196.00
13205,3205,5,1,1686.25,1686.25
13206,3206,6,2,1823.50,3647.00
13207,3207,7,3,1960.75,5882.25
13208,3208,8,4,2098.00,8392.00
13209,3209,9,1,2235.25,2235.25
13210,3210,10,2,2372.50,4745.00
13211,3211,11,3,2509.75,7529.25
13212,3212,12,4,2647.00,10588.00
13213,3213,13,1,2784.25,2784.25
13214,3214,14,2,2921.50,5843.00
13215,3215,15,3,3058.75,9176.25
13216,3216,16,4,3196.00,12784.00
13217,3217,17,1,3333.25,3333.25
13218,3218,18,2,3470.50,6941.00
13219,3219,19,3,3607.75,10823.25
13220,3220,20,4,3745.00,14980.00
13221,3221,21,1,3882.25,3882.25
13222,3222,22,2,4019.50,8039.00
13223,3223,23,3,4156.75,12470.25
13224,3224,24,4,4294.00,17176.00
13225,3225,25,1,4431.25,4431.25
13226,3226,26,2,4568.50,9137.00
13227,3227,27,3,4705.75,14117.25
13228,3228,28,4,4843.00,19372.00
13229,3229,29,1,4980.25,4980.25
13230,3230,30,2,5117.50,10235.00
13231,3231,31,3,5254.75,15764.25
13232,3232,32,4,5392.00,21568.00
13233,3233,33,1,5529.25,5529.25
13234,3234,34,2,5666.50,11333.00
13235,3235,35,3,5803.75,17411.25
13236,3236,36,4,5941.00,23764.00
13237,3237,37,1,6078.25,6078.25
13238,3238,38,2,6215.50,12431.00
13239,3239,39,3,6352.75,19058.25
13240,3240,40,4,6490.00,25960.00
13241,3241,41,1,6627.25,6627.25
13242,3242,42,2,6764.50,13529.00
13243,3243,43,3,6901.75,20705.25
13244,3244,44,4,7039.00,28156.00
13245,3245,45,1,7176.25,7176.25
13246,3246,46,2,7313.50,14627.00
13247,3247,47,3,7450.75,22352.25
13248,3248,48,4,7588.00,30352.00
13249,3249,49,1,7725.25,7725.25
13250,3250,50,2,7862.50,15725.00
13251,3251,51,3,7999.75,23999.25
13252,3252,52,4,8137.00,32548.00
13253,3253,53,1,8274.25,8274.25
13254,3254,54,2,8411.50,16823.00
13255,3255,55,3,8548.75,25646.25
13256,3256,56,4,8686.00,34744.00
13257,3257,57,1,8823.25,8823.25
13258,3258,58,2,8960.50,17921.00
13259,3259,59,3,9097.75,27293.25
13260,3260,60,4,9235.00,36940.00
13261,3261,61,1,9372.25,9372.25
13262,3262,62,2,9509.50,19019.00
13263,3263,63,3,9646.75,28940.25
13264,3264,64,4,9784.00,39136.00
13265,3265,65,1,9921.25,9921.25
13266,3266,66,2,10058.50,20117.00
13267,3267,67,3,10195.75,30587.25
13268,3268,68,4,10333.00,41332.00
13269,3269,69,1,10470.25,10470.25
13270,3270,70,2,10607.50,21215.00
13271,3271,71,3,10744.75,32234.25
13272,3272,72,4,10882.00,43528.00
13273,3273,73,1,11019.25,11019.25
13274,3274,74,2,11156.50,22313.00
13275,3275,75,3,11293.75,33881.25
13276,3276,76,4,11431.00,45724.00
13277,3277,77,1,11568.25,11568.25
13278,3278,78,2,11705.50,23411.00
13279,3279,79,3,11842.75,35528.25
13280,3280,80,4,11980.00,47920.00
13281,3281,81,1,12117.25,12117.25
13282,3282,82,2,12254.50,24509.00
13283,3283,83,3,12391.75,37175.25
13284,3284,84,4,12529.00,50116.00
13285,3285,85,1,12666.25,12666.25
13286,3286,86,2,12803.50,25607.00
13287,3287,87,3,12940.75,38822.25
13288,3288,88,4,13078.00,52312.00
13289,3289,89,1,13215.25,13215.25
13290,3290,90,2,13352.50,26705.00
13291,3291,91,3,13489.75,40469.25
13292,3292,92,4,13627.00,54508.00
13293,3293,93,1,13764.25,13764.25
13294,3294,94,2,13901.50,27803.00
13295,3295,95,3,14038.75,42116.25
13296,3296,96,4,14176.00,56704.00
13297,3297,97,1,14313.25,14313.25
13298,3298,98,2,14450.50,28901.00
13299,3299,99,3,14587.75,43763.25
13300,3300,100,4,14725.00,58900.00
13301,3301,1,1,1137.25,1137.25
13302,3302,2,2,1274.50,2549.00
13303,3303,3,3,1411.75,4235.25
13304,3304,4,4,1549.00,6196.00
13305,3305,5,1,1686.25,1686.25
13306,3306,6,2,1823.50,3647.00
13307,3307,7,3,1960.75,5882.25
13308,3308,8,4,2098.00,8392.00
13309,3309,9,1,2235.25,2235.25
13310,3310,10,2,2372.50,4745.00
13311,3311,11,3,2509.75,7529.25
13312,3312,12,4,2647.00,10588.00
13313,3313,13,1,2784.25,2784.25
13314,3314,14,2,2921.50,5843.00
13315,3315,15,3,3058.75,9176.25
13316,3316,16,4,3196.00,12784.00
13317,3317,17,1,3333.25,3333.25
13318,3318,18,2,3470.50,6941.00
13319,3319,19,3,3607.75,10823.25
13320,3320,20,4,3745.00,14980.00
13321,3321,21,1,3882.25,3882.25
13322,3322,22,2,4019.50,8039.00
13323,3323,23,3,4156.75,12470.25
13324,3324,24,4,4294.00,17176.00
13325,3325,25,1,4431.25,4431.25
13326,3326,26,2,4568.50,9137.00
13327,3327,27,3,4705.75,14117.25
13328,3328,28,4,4843.00,19372.00
13329,3329,29,1,4980.25,4980.25
13330,3330,30,2,5117.50,10235.00
13331,3331,31,3,5254.75,15764.25
13332,3332,32,4,5392.00,21568.00
13333,3333,33,1,5529.25,5529.25
13334,3334,34,2,5666.50,11333.00
13335,3335,35,3,5803.75,17411.25
13336,3336,36,4,5941.00,23764.00
13337,3337,37,1,6078.25,6078.25
13338,3338,38,2,6215.50,12431.00
13339,3339,39,3,6352.75,19058.25
13340,3340,40,4,6490.00,25960.00
13341,3341,41,1,6627.25,6627.25
13342,3342,42,2,6764.50,13529.00
13343,3343,43,3,6901.75,20705.25
13344,3344,44,4,7039.00,28156.00
13345,3345,45,1,7176.25,7176.25
13346,3346,46,2,7313.50,14627.00
13347,3347,47,3,7450.75,22352.25
13348,3348,48,4,7588.00,30352.00
13349,3349,49,1,7725.25,7725.25
13350,3350,50,2,7862.50,15725.00
13351,3351,51,3,7999.75,23999.25
13352,3352,52,4,8137.00,32548.00
13353,3353,53,1,8274.25,8274.25
13354,3354,54,2,8411.50,16823.00
13355,3355,55,3,8548.75,25646.25
13356,3356,56,4,8686.00,34744.00
13357,3357,57,1,8823.25,8823.25
13358,3358,58,2,8960.50,17921.00
13359,3359,59,3,9097.75,27293.25
13360,3360,60,4,9235.00,36940.00
13361,3361,61,1,9372.25,9372.25
13362,3362,62,2,9509.50,19019.00
13363,3363,63,3,9646.75,28940.25
13364,3364,64,4,9784.00,39136.00
13365,3365,65,1,9921.25,9921.25
13366,3366,66,2,10058.50,20117.00
13367,3367,67,3,10195.75,30587.25
13368,3368,68,4,10333.00,41332.00
13369,3369,69,1,10470.25,10470.25
13370,3370,70,2,10607.50,21215.00
13371,3371,71,3,10744.75,32234.25
13372,3372,72,4,10882.00,43528.00
13373,3373,73,1,11019.25,11019.25
13374,3374,74,2,11156.50,22313.00
13375,3375,75,3,11293.75,33881.25
13376,3376,76,4,11431.00,45724.00
13377,3377,77,1,11568.25,11568.25
13378,3378,78,2,11705.50,23411.00
13379,3379,79,3,11842.75,35528.25
13380,3380,80,4,11980.00,47920.00
13381,3381,81,1,12117.25,12117.25
13382,3382,82,2,12254.50,24509.00
13383,3383,83,3,12391.75,37175.25
13384,3384,84,4,12529.00,50116.00
13385,3385,85,1,12666.25,12666.25
13386,3386,86,2,12803.50,25607.00
13387,3387,87,3,12940.75,38822.25
13388,3388,88,4,13078.00,52312.00
13389,3389,89,1,13215.25,13215.25
13390,3390,90,2,13352.50,26705.00
13391,3391,91,3,13489.75,40469.25
13392,3392,92,4,13627.00,54508.00
13393,3393,93,1,13764.25,13764.25
13394,3394,94,2,13901.50,27803.00
13395,3395,95,3,14038.75,42116.25
13396,3396,96,4,14176.00,56704.00
13397,3397,97,1,14313.25,14313.25
13398,3398,98,2,14450.50,28901.00
13399,3399,99,3,14587.75,43763.25
13400,3400,100,4,14725.00,58900.00
13401,3401,1,1,1137.25,1137.25
13402,3402,2,2,1274.50,2549.00
13403,3403,3,3,1411.75,4235.25
13404,3404,4,4,1549.00,6196.00
13405,3405,5,1,1686.25,1686.25
13406,3406,6,2,1823.50,3647.00
13407,3407,7,3,1960.75,5882.25
13408,3408,8,4,2098.00,8392.00
13409,3409,9,1,2235.25,2235.25
13410,3410,10,2,2372.50,4745.00
13411,3411,11,3,2509.75,7529.25
13412,3412,12,4,2647.00,10588.00
13413,3413,13,1,2784.25,2784.25
13414,3414,14,2,2921.50,5843.00
13415,3415,15,3,3058.75,9176.25
13416,3416,16,4,3196.00,12784.00
13417,3417,17,1,3333.25,3333.25
13418,3418,18,2,3470.50,6941.00
13419,3419,19,3,3607.75,10823.25
13420,3420,20,4,3745.00,14980.00
13421,3421,21,1,3882.25,3882.25
13422,3422,22,2,4019.50,8039.00
13423,3423,23,3,4156.75,12470.25
13424,3424,24,4,4294.00,17176.00
13425,3425,25,1,4431.25,4431.25
13426,3426,26,2,4568.50,9137.00
13427,3427,27,3,4705.75,14117.25
13428,3428,28,4,4843.00,19372.00
13429,3429,29,1,4980.25,4980.25
13430,3430,30,2,5117.50,10235.00
13431,3431,31,3,5254.75,15764.25
13432,3432,32,4,5392.00,21568.00
13433,3433,33,1,5529.25,5529.25
13434,3434,34,2,5666.50,11333.00
13435,3435,35,3,5803.75,17411.25
13436,3436,36,4,5941.00,23764.00
13437,3437,37,1,6078.25,6078.25
13438,3438,38,2,6215.50,12431.00
13439,3439,39,3,6352.75,19058.25
13440,3440,40,4,6490.00,25960.00
13441,3441,41,1,6627.25,6627.25
13442,3442,42,2,6764.50,13529.00
13443,3443,43,3,6901.75,20705.25
13444,3444,44,4,7039.00,28156.00
13445,3445,45,1,7176.25,7176.25
13446,3446,46,2,7313.50,14627.00
13447,3447,47,3,7450.75,22352.25
13448,3448,48,4,7588.00,30352.00
13449,3449,49,1,7725.25,7725.25
13450,3450,50,2,7862.50,15725.00
13451,3451,51,3,7999.75,23999.25
13452,3452,52,4,8137.00,32548.00
13453,3453,53,1,8274.25,8274.25
13454,3454,54,2,8411.50,16823.00
13455,3455,55,3,8548.75,25646.25
13456,3456,56,4,8686.00,34744.00
13457,3457,57,1,8823.25,8823.25
13458,3458,58,2,8960.50,17921.00
13459,3459,59,3,9097.75,27293.25
13460,3460,60,4,9235.00,36940.00
13461,3461,61,1,9372.25,9372.25
13462,3462,62,2,9509.50,19019.00
13463,3463,63,3,9646.75,28940.25
13464,3464,64,4,9784.00,39136.00
13465,3465,65,1,9921.25,9921.25
13466,3466,66,2,10058.50,20117.00
13467,3467,67,3,10195.75,30587.25
13468,3468,68,4,10333.00,41332.00
13469,3469,69,1,10470.25,10470.25
13470,3470,70,2,10607.50,21215.00
13471,3471,71,3,10744.75,32234.25
13472,3472,72,4,10882.00,43528.00
13473,3473,73,1,11019.25,11019.25
13474,3474,74,2,11156.50,22313.00
13475,3475,75,3,11293.75,33881.25
13476,3476,76,4,11431.00,45724.00
13477,3477,77,1,11568.25,11568.25
13478,3478,78,2,11705.50,23411.00
13479,3479,79,3,11842.75,35528.25
13480,3480,80,4,11980.00,47920.00
13481,3481,81,1,12117.25,12117.25
13482,3482,82,2,12254.50,24509.00
13483,3483,83,3,12391.75,37175.25
13484,3484,84,4,12529.00,50116.00
13485,3485,85,1,12666.25,12666.25
13486,3486,86,2,12803.50,25607.00
13487,3487,87,3,12940.75,38822.25
13488,3488,88,4,13078.00,52312.00
13489,3489,89,1,13215.25,13215.25
13490,3490,90,2,13352.50,26705.00
13491,3491,91,3,13489.75,40469.25
13492,3492,92,4,13627.00,54508.00
13493,3493,93,1,13764.25,13764.25
13494,3494,94,2,13901.50,27803.00
13495,3495,95,3,14038.75,42116.25
13496,3496,96,4,14176.00,56704.00
13497,3497,97,1,14313.25,14313.25
13498,3498,98,2,14450.50,28901.00
13499,3499,99,3,14587.75,43763.25
13500,3500,100,4,14725.00,58900.00
13501,3501,1,1,1137.25,1137.25
13502,3502,2,2,1274.50,2549.00
13503,3503,3,3,1411.75,4235.25
13504,3504,4,4,1549.00,6196.00
13505,3505,5,1,1686.25,1686.25
13506,3506,6,2,1823.50,3647.00
13507,3507,7,3,1960.75,5882.25
13508,3508,8,4,2098.00,8392.00
13509,3509,9,1,2235.25,2235.25
13510,3510,10,2,2372.50,4745.00
13511,3511,11,3,2509.75,7529.25
13512,3512,12,4,2647.00,10588.00
13513,3513,13,1,2784.25,2784.25
13514,3514,14,2,2921.50,5843.00
13515,3515,15,3,3058.75,9176.25
13516,3516,16,4,3196.00,12784.00
13517,3517,17,1,3333.25,3333.25
13518,3518,18,2,3470.50,6941.00
13519,3519,19,3,3607.75,10823.25
13520,3520,20,4,3745.00,14980.00
13521,3521,21,1,3882.25,3882.25
13522,3522,22,2,4019.50,8039.00
13523,3523,23,3,4156.75,12470.25
13524,3524,24,4,4294.00,17176.00
13525,3525,25,1,4431.25,4431.25
13526,3526,26,2,4568.50,9137.00
13527,3527,27,3,4705.75,14117.25
13528,3528,28,4,4843.00,19372.00
13529,3529,29,1,4980.25,4980.25
13530,3530,30,2,5117.50,10235.00
13531,3531,31,3,5254.75,15764.25
13532,3532,32,4,5392.00,21568.00
13533,3533,33,1,5529.25,5529.25
13534,3534,34,2,5666.50,11333.00
13535,3535,35,3,5803.75,17411.25
13536,3536,36,4,5941.00,23764.00
13537,3537,37,1,6078.25,6078.25
13538,3538,38,2,6215.50,12431.00
13539,3539,39,3,6352.75,19058.25
13540,3540,40,4,6490.00,25960.00
13541,3541,41,1,6627.25,6627.25
13542,3542,42,2,6764.50,13529.00
13543,3543,43,3,6901.75,20705.25
13544,3544,44,4,7039.00,28156.00
13545,3545,45,1,7176.25,7176.25
13546,3546,46,2,7313.50,14627.00
13547,3547,47,3,7450.75,22352.25
13548,3548,48,4,7588.00,30352.00
13549,3549,49,1,7725.25,7725.25
13550,3550,50,2,7862.50,15725.00
13551,3551,51,3,7999.75,23999.25
13552,3552,52,4,8137.00,32548.00
13553,3553,53,1,8274.25,8274.25
13554,3554,54,2,8411.50,16823.00
13555,3555,55,3,8548.75,25646.25
13556,3556,56,4,8686.00,34744.00
13557,3557,57,1,8823.25,8823.25
13558,3558,58,2,8960.50,17921.00
13559,3559,59,3,9097.75,27293.25
13560,3560,60,4,9235.00,36940.00
13561,3561,61,1,9372.25,9372.25
13562,3562,62,2,9509.50,19019.00
13563,3563,63,3,9646.75,28940.25
13564,3564,64,4,9784.00,39136.00
13565,3565,65,1,9921.25,9921.25
13566,3566,66,2,10058.50,20117.00
13567,3567,67,3,10195.75,30587.25
13568,3568,68,4,10333.00,41332.00
13569,3569,69,1,10470.25,10470.25
13570,3570,70,2,10607.50,21215.00
13571,3571,71,3,10744.75,32234.25
13572,3572,72,4,10882.00,43528.00
13573,3573,73,1,11019.25,11019.25
13574,3574,74,2,11156.50,22313.00
13575,3575,75,3,11293.75,33881.25
13576,3576,76,4,11431.00,45724.00
13577,3577,77,1,11568.25,11568.25
13578,3578,78,2,11705.50,23411.00
13579,3579,79,3,11842.75,35528.25
13580,3580,80,4,11980.00,47920.00
13581,3581,81,1,12117.25,12117.25
13582,3582,82,2,12254.50,24509.00
13583,3583,83,3,12391.75,37175.25
13584,3584,84,4,12529.00,50116.00
13585,3585,85,1,12666.25,12666.25
13586,3586,86,2,12803.50,25607.00
13587,3587,87,3,12940.75,38822.25
13588,3588,88,4,13078.00,52312.00
13589,3589,89,1,13215.25,13215.25
13590,3590,90,2,13352.50,26705.00
13591,3591,91,3,13489.75,40469.25
13592,3592,92,4,13627.00,54508.00
13593,3593,93,1,13764.25,13764.25
13594,3594,94,2,13901.50,27803.00
13595,3595,95,3,14038.75,42116.25
13596,3596,96,4,14176.00,56704.00
13597,3597,97,1,14313.25,14313.25
13598,3598,98,2,14450.50,28901.00
13599,3599,99,3,14587.75,43763.25
13600,3600,100,4,14725.00,58900.00
13601,3601,1,1,1137.25,1137.25
13602,3602,2,2,1274.50,2549.00
13603,3603,3,3,1411.75,4235.25
13604,3604,4,4,1549.00,6196.00
13605,3605,5,1,1686.25,1686.25
13606,3606,6,2,1823.50,3647.00
13607,3607,7,3,1960.75,5882.25
13608,3608,8,4,2098.00,8392.00
13609,3609,9,1,2235.25,2235.25
13610,3610,10,2,2372.50,4745.00
13611,3611,11,3,2509.75,7529.25
13612,3612,12,4,2647.00,10588.00
13613,3613,13,1,2784.25,2784.25
13614,3614,14,2,2921.50,5843.00
13615,3615,15,3,3058.75,9176.25
13616,3616,16,4,3196.00,12784.00
13617,3617,17,1,3333.25,3333.25
13618,3618,18,2,3470.50,6941.00
13619,3619,19,3,3607.75,10823.25
13620,3620,20,4,3745.00,14980.00
13621,3621,21,1,3882.25,3882.25
13622,3622,22,2,4019.50,8039.00
13623,3623,23,3,4156.75,12470.25
13624,3624,24,4,4294.00,17176.00
13625,3625,25,1,4431.25,4431.25
13626,3626,26,2,4568.50,9137.00
13627,3627,27,3,4705.75,14117.25
13628,3628,28,4,4843.00,19372.00
13629,3629,29,1,4980.25,4980.25
13630,3630,30,2,5117.50,10235.00
13631,3631,31,3,5254.75,15764.25
13632,3632,32,4,5392.00,21568.00
13633,3633,33,1,5529.25,5529.25
13634,3634,34,2,5666.50,11333.00
13635,3635,35,3,5803.75,17411.25
13636,3636,36,4,5941.00,23764.00
13637,3637,37,1,6078.25,6078.25
13638,3638,38,2,6215.50,12431.00
13639,3639,39,3,6352.75,19058.25
13640,3640,40,4,6490.00,25960.00
13641,3641,41,1,6627.25,6627.25
13642,3642,42,2,6764.50,13529.00
13643,3643,43,3,6901.75,20705.25
13644,3644,44,4,7039.00,28156.00
13645,3645,45,1,7176.25,7176.25
13646,3646,46,2,7313.50,14627.00
13647,3647,47,3,7450.75,22352.25
13648,3648,48,4,7588.00,30352.00
13649,3649,49,1,7725.25,7725.25
13650,3650,50,2,7862.50,15725.00
13651,3651,51,3,7999.75,23999.25
13652,3652,52,4,8137.00,32548.00
13653,3653,53,1,8274.25,8274.25
13654,3654,54,2,8411.50,16823.00
13655,3655,55,3,8548.75,25646.25
13656,3656,56,4,8686.00,34744.00
13657,3657,57,1,8823.25,8823.25
13658,3658,58,2,8960.50,17921.00
13659,3659,59,3,9097.75,27293.25
13660,3660,60,4,9235.00,36940.00
13661,3661,61,1,9372.25,9372.25
13662,3662,62,2,9509.50,19019.00
13663,3663,63,3,9646.75,28940.25
13664,3664,64,4,9784.00,39136.00
13665,3665,65,1,9921.25,9921.25
13666,3666,66,2,10058.50,20117.00
13667,3667,67,3,10195.75,30587.25
13668,3668,68,4,10333.00,41332.00
13669,3669,69,1,10470.25,10470.25
13670,3670,70,2,10607.50,21215.00
13671,3671,71,3,10744.75,32234.25
13672,3672,72,4,10882.00,43528.00
13673,3673,73,1,11019.25,11019.25
13674,3674,74,2,11156.50,22313.00
13675,3675,75,3,11293.75,33881.25
13676,3676,76,4,11431.00,45724.00
13677,3677,77,1,11568.25,11568.25
13678,3678,78,2,11705.50,23411.00
13679,3679,79,3,11842.75,35528.25
13680,3680,80,4,11980.00,47920.00
13681,3681,81,1,12117.25,12117.25
13682,3682,82,2,12254.50,24509.00
13683,3683,83,3,12391.75,37175.25
13684,3684,84,4,12529.00,50116.00
13685,3685,85,1,12666.25,12666.25
13686,3686,86,2,12803.50,25607.00
13687,3687,87,3,12940.75,38822.25
13688,3688,88,4,13078.00,52312.00
13689,3689,89,1,13215.25,13215.25
13690,3690,90,2,13352.50,26705.00
13691,3691,91,3,13489.75,40469.25
13692,3692,92,4,13627.00,54508.00
13693,3693,93,1,13764.25,13764.25
13694,3694,94,2,13901.50,27803.00
13695,3695,95,3,14038.75,42116.25
13696,3696,96,4,14176.00,56704.00
13697,3697,97,1,14313.25,14313.25
13698,3698,98,2,14450.50,28901.00
13699,3699,99,3,14587.75,43763.25
13700,3700,100,4,14725.00,58900.00
13701,3701,1,1,1137.25,1137.25
13702,3702,2,2,1274.50,2549.00
13703,3703,3,3,1411.75,4235.25
13704,3704,4,4,1549.00,6196.00
13705,3705,5,1,1686.25,1686.25
13706,3706,6,2,1823.50,3647.00
13707,3707,7,3,1960.75,5882.25
13708,3708,8,4,2098.00,8392.00
13709,3709,9,1,2235.25,2235.25
13710,3710,10,2,2372.50,4745.00
13711,3711,11,3,2509.75,7529.25
13712,3712,12,4,2647.00,10588.00
13713,3713,13,1,2784.25,2784.25
13714,3714,14,2,2921.50,5843.00
13715,3715,15,3,3058.75,9176.25
13716,3716,16,4,3196.00,12784.00
13717,3717,17,1,3333.25,3333.25
13718,3718,18,2,3470.50,6941.00
13719,3719,19,3,3607.75,10823.25
13720,3720,20,4,3745.00,14980.00
13721,3721,21,1,3882.25,3882.25
13722,3722,22,2,4019.50,8039.00
13723,3723,23,3,4156.75,12470.25
13724,3724,24,4,4294.00,17176.00
13725,3725,25,1,4431.25,4431.25
13726,3726,26,2,4568.50,9137.00
13727,3727,27,3,4705.75,14117.25
13728,3728,28,4,4843.00,19372.00
13729,3729,29,1,4980.25,4980.25
13730,3730,30,2,5117.50,10235.00
13731,3731,31,3,5254.75,15764.25
13732,3732,32,4,5392.00,21568.00
13733,3733,33,1,5529.25,5529.25
13734,3734,34,2,5666.50,11333.00
13735,3735,35,3,5803.75,17411.25
13736,3736,36,4,5941.00,23764.00
13737,3737,37,1,6078.25,6078.25
13738,3738,38,2,6215.50,12431.00
13739,3739,39,3,6352.75,19058.25
13740,3740,40,4,6490.00,25960.00
13741,3741,41,1,6627.25,6627.25
13742,3742,42,2,6764.50,13529.00
13743,3743,43,3,6901.75,20705.25
13744,3744,44,4,7039.00,28156.00
13745,3745,45,1,7176.25,7176.25
13746,3746,46,2,7313.50,14627.00
13747,3747,47,3,7450.75,22352.25
13748,3748,48,4,7588.00,30352.00
13749,3749,49,1,7725.25,7725.25
13750,3750,50,2,7862.50,15725.00
13751,3751,51,3,7999.75,23999.25
13752,3752,52,4,8137.00,32548.00
13753,3753,53,1,8274.25,8274.25
13754,3754,54,2,8411.50,16823.00
13755,3755,55,3,8548.75,25646.25
13756,3756,56,4,8686.00,34744.00
13757,3757,57,1,8823.25,8823.25
13758,3758,58,2,8960.50,17921.00
13759,3759,59,3,9097.75,27293.25
13760,3760,60,4,9235.00,36940.00
13761,3761,61,1,9372.25,9372.25
13762,3762,62,2,9509.50,19019.00
13763,3763,63,3,9646.75,28940.25
13764,3764,64,4,9784.00,39136.00
13765,3765,65,1,9921.25,9921.25
13766,3766,66,2,10058.50,20117.00
13767,3767,67,3,10195.75,30587.25
13768,3768,68,4,10333.00,41332.00
13769,3769,69,1,10470.25,10470.25
13770,3770,70,2,10607.50,21215.00
13771,3771,71,3,10744.75,32234.25
13772,3772,72,4,10882.00,43528.00
13773,3773,73,1,11019.25,11019.25
13774,3774,74,2,11156.50,22313.00
13775,3775,75,3,11293.75,33881.25
13776,3776,76,4,11431.00,45724.00
13777,3777,77,1,11568.25,11568.25
13778,3778,78,2,11705.50,23411.00
13779,3779,79,3,11842.75,35528.25
13780,3780,80,4,11980.00,47920.00
13781,3781,81,1,12117.25,12117.25
13782,3782,82,2,12254.50,24509.00
13783,3783,83,3,12391.75,37175.25
13784,3784,84,4,12529.00,50116.00
13785,3785,85,1,12666.25,12666.25
13786,3786,86,2,12803.50,25607.00
13787,3787,87,3,12940.75,38822.25
13788,3788,88,4,13078.00,52312.00
13789,3789,89,1,13215.25,13215.25
13790,3790,90,2,13352.50,26705.00
13791,3791,91,3,13489.75,40469.25
13792,3792,92,4,13627.00,54508.00
13793,3793,93,1,13764.25,13764.25
13794,3794,94,2,13901.50,27803.00
13795,3795,95,3,14038.75,42116.25
13796,3796,96,4,14176.00,56704.00
13797,3797,97,1,14313.25,14313.25
13798,3798,98,2,14450.50,28901.00
13799,3799,99,3,14587.75,43763.25
13800,3800,100,4,14725.00,58900.00
13801,3801,1,1,1137.25,1137.25
13802,3802,2,2,1274.50,2549.00
13803,3803,3,3,1411.75,4235.25
13804,3804,4,4,1549.00,6196.00
13805,3805,5,1,1686.25,1686.25
13806,3806,6,2,1823.50,3647.00
13807,3807,7,3,1960.75,5882.25
13808,3808,8,4,2098.00,8392.00
13809,3809,9,1,2235.25,2235.25
13810,3810,10,2,2372.50,4745.00
13811,3811,11,3,2509.75,7529.25
13812,3812,12,4,2647.00,10588.00
13813,3813,13,1,2784.25,2784.25
13814,3814,14,2,2921.50,5843.00
13815,3815,15,3,3058.75,9176.25
13816,3816,16,4,3196.00,12784.00
13817,3817,17,1,3333.25,3333.25
13818,3818,18,2,3470.50,6941.00
13819,3819,19,3,3607.75,10823.25
13820,3820,20,4,3745.00,14980.00
13821,3821,21,1,3882.25,3882.25
13822,3822,22,2,4019.50,8039.00
13823,3823,23,3,4156.75,12470.25
13824,3824,24,4,4294.00,17176.00
13825,3825,25,1,4431.25,4431.25
13826,3826,26,2,4568.50,9137.00
13827,3827,27,3,4705.75,14117.25
13828,3828,28,4,4843.00,19372.00
13829,3829,29,1,4980.25,4980.25
13830,3830,30,2,5117.50,10235.00
13831,3831,31,3,5254.75,15764.25
13832,3832,32,4,5392.00,21568.00
13833,3833,33,1,5529.25,5529.25
13834,3834,34,2,5666.50,11333.00
13835,3835,35,3,5803.75,17411.25
13836,3836,36,4,5941.00,23764.00
13837,3837,37,1,6078.25,6078.25
13838,3838,38,2,6215.50,12431.00
13839,3839,39,3,6352.75,19058.25
13840,3840,40,4,6490.00,25960.00
13841,3841,41,1,6627.25,6627.25
13842,3842,42,2,6764.50,13529.00
13843,3843,43,3,6901.75,20705.25
13844,3844,44,4,7039.00,28156.00
13845,3845,45,1,7176.25,7176.25
13846,3846,46,2,7313.50,14627.00
13847,3847,47,3,7450.75,22352.25
13848,3848,48,4,7588.00,30352.00
13849,3849,49,1,7725.25,7725.25
13850,3850,50,2,7862.50,15725.00
13851,3851,51,3,7999.75,23999.25
13852,3852,52,4,8137.00,32548.00
13853,3853,53,1,8274.25,8274.25
13854,3854,54,2,8411.50,16823.00
13855,3855,55,3,8548.75,25646.25
13856,3856,56,4,8686.00,34744.00
13857,3857,57,1,8823.25,8823.25
13858,3858,58,2,8960.50,17921.00
13859,3859,59,3,9097.75,27293.25
13860,3860,60,4,9235.00,36940.00
13861,3861,61,1,9372.25,9372.25
13862,3862,62,2,9509.50,19019.00
13863,3863,63,3,9646.75,28940.25
13864,3864,64,4,9784.00,39136.00
13865,3865,65,1,9921.25,9921.25
13866,3866,66,2,10058.50,20117.00
13867,3867,67,3,10195.75,30587.25
13868,3868,68,4,10333.00,41332.00
13869,3869,69,1,10470.25,10470.25
13870,3870,70,2,10607.50,21215.00
13871,3871,71,3,10744.75,32234.25
13872,3872,72,4,10882.00,43528.00
13873,3873,73,1,11019.25,11019.25
13874,3874,74,2,11156.50,22313.00
13875,3875,75,3,11293.75,33881.25
13876,3876,76,4,11431.00,45724.00
13877,3877,77,1,11568.25,11568.25
13878,3878,78,2,11705.50,23411.00
13879,3879,79,3,11842.75,35528.25
13880,3880,80,4,11980.00,47920.00
13881,3881,81,1,12117.25,12117.25
13882,3882,82,2,12254.50,24509.00
13883,3883,83,3,12391.75,37175.25
13884,3884,84,4,12529.00,50116.00
13885,3885,85,1,12666.25,12666.25
13886,3886,86,2,12803.50,25607.00
13887,3887,87,3,12940.75,38822.25
13888,3888,88,4,13078.00,52312.00
13889,3889,89,1,13215.25,13215.25
13890,3890,90,2,13352.50,26705.00
13891,3891,91,3,13489.75,40469.25
13892,3892,92,4,13627.00,54508.00
13893,3893,93,1,13764.25,13764.25
13894,3894,94,2,13901.50,27803.00
13895,3895,95,3,14038.75,42116.25
13896,3896,96,4,14176.00,56704.00
13897,3897,97,1,14313.25,14313.25
13898,3898,98,2,14450.50,28901.00
13899,3899,99,3,14587.75,43763.25
13900,3900,100,4,14725.00,58900.00
13901,3901,1,1,1137.25,1137.25
13902,3902,2,2,1274.50,2549.00
13903,3903,3,3,1411.75,4235.25
13904,3904,4,4,1549.00,6196.00
13905,3905,5,1,1686.25,1686.25
13906,3906,6,2,1823.50,3647.00
13907,3907,7,3,1960.75,5882.25
13908,3908,8,4,2098.00,8392.00
13909,3909,9,1,2235.25,2235.25
13910,3910,10,2,2372.50,4745.00
13911,3911,11,3,2509.75,7529.25
13912,3912,12,4,2647.00,10588.00
13913,3913,13,1,2784.25,2784.25
13914,3914,14,2,2921.50,5843.00
13915,3915,15,3,3058.75,9176.25
13916,3916,16,4,3196.00,12784.00
13917,3917,17,1,3333.25,3333.25
13918,3918,18,2,3470.50,6941.00
13919,3919,19,3,3607.75,10823.25
13920,3920,20,4,3745.00,14980.00
13921,3921,21,1,3882.25,3882.25
13922,3922,22,2,4019.50,8039.00
13923,3923,23,3,4156.75,12470.25
13924,3924,24,4,4294.00,17176.00
13925,3925,25,1,4431.25,4431.25
13926,3926,26,2,4568.50,9137.00
13927,3927,27,3,4705.75,14117.25
13928,3928,28,4,4843.00,19372.00
13929,3929,29,1,4980.25,4980.25
13930,3930,30,2,5117.50,10235.00
13931,3931,31,3,5254.75,15764.25
13932,3932,32,4,5392.00,21568.00
13933,3933,33,1,5529.25,5529.25
13934,3934,34,2,5666.50,11333.00
13935,3935,35,3,5803.75,17411.25
13936,3936,36,4,5941.00,23764.00
13937,3937,37,1,6078.25,6078.25
13938,3938,38,2,6215.50,12431.00
13939,3939,39,3,6352.75,19058.25
13940,3940,40,4,6490.00,25960.00
13941,3941,41,1,6627.25,6627.25
13942,3942,42,2,6764.50,13529.00
13943,3943,43,3,6901.75,20705.25
13944,3944,44,4,7039.00,28156.00
13945,3945,45,1,7176.25,7176.25
13946,3946,46,2,7313.50,14627.00
13947,3947,47,3,7450.75,22352.25
13948,3948,48,4,7588.00,30352.00
13949,3949,49,1,7725.25,7725.25
13950,3950,50,2,7862.50,15725.00
13951,3951,51,3,7999.75,23999.25
13952,3952,52,4,8137.00,32548.00
13953,3953,53,1,8274.25,8274.25
13954,3954,54,2,8411.50,16823.00
13955,3955,55,3,8548.75,25646.25
13956,3956,56,4,8686.00,34744.00
13957,3957,57,1,8823.25,8823.25
13958,3958,58,2,8960.50,17921.00
13959,3959,59,3,9097.75,27293.25
13960,3960,60,4,9235.00,36940.00
13961,3961,61,1,9372.25,9372.25
13962,3962,62,2,9509.50,19019.00
13963,3963,63,3,9646.75,28940.25
13964,3964,64,4,9784.00,39136.00
13965,3965,65,1,9921.25,9921.25
13966,3966,66,2,10058.50,20117.00
13967,3967,67,3,10195.75,30587.25
13968,3968,68,4,10333.00,41332.00
13969,3969,69,1,10470.25,10470.25
13970,3970,70,2,10607.50,21215.00
13971,3971,71,3,10744.75,32234.25
13972,3972,72,4,10882.00,43528.00
13973,3973,73,1,11019.25,11019.25
13974,3974,74,2,11156.50,22313.00
13975,3975,75,3,11293.75,33881.25
13976,3976,76,4,11431.00,45724.00
13977,3977,77,1,11568.25,11568.25
13978,3978,78,2,11705.50,23411.00
13979,3979,79,3,11842.75,35528.25
13980,3980,80,4,11980.00,47920.00
13981,3981,81,1,12117.25,12117.25
13982,3982,82,2,12254.50,24509.00
13983,3983,83,3,12391.75,37175.25
13984,3984,84,4,12529.00,50116.00
13985,3985,85,1,12666.25,12666.25
13986,3986,86,2,12803.50,25607.00
13987,3987,87,3,12940.75,38822.25
13988,3988,88,4,13078.00,52312.00
13989,3989,89,1,13215.25,13215.25
13990,3990,90,2,13352.50,26705.00
13991,3991,91,3,13489.75,40469.25
13992,3992,92,4,13627.00,54508.00
13993,3993,93,1,13764.25,13764.25
13994,3994,94,2,13901.50,27803.00
13995,3995,95,3,14038.75,42116.25
13996,3996,96,4,14176.00,56704.00
13997,3997,97,1,14313.25,14313.25
13998,3998,98,2,14450.50,28901.00
13999,3999,99,3,14587.75,43763.25
14000,4000,100,4,14725.00,58900.00
14001,4001,1,1,1137.25,1137.25
14002,4002,2,2,1274.50,2549.00
14003,4003,3,3,1411.75,4235.25
14004,4004,4,4,1549.00,6196.00
14005,4005,5,1,1686.25,1686.25
14006,4006,6,2,1823.50,3647.00
14007,4007,7,3,1960.75,5882.25
14008,4008,8,4,2098.00,8392.00
14009,4009,9,1,2235.25,2235.25
14010,4010,10,2,2372.50,4745.00
14011,4011,11,3,2509.75,7529.25
14012,4012,12,4,2647.00,10588.00
14013,4013,13,1,2784.25,2784.25
14014,4014,14,2,2921.50,5843.00
14015,4015,15,3,3058.75,9176.25
14016,4016,16,4,3196.00,12784.00
14017,4017,17,1,3333.25,3333.25
14018,4018,18,2,3470.50,6941.00
14019,4019,19,3,3607.75,10823.25
14020,4020,20,4,3745.00,14980.00
14021,4021,21,1,3882.25,3882.25
14022,4022,22,2,4019.50,8039.00
14023,4023,23,3,4156.75,12470.25
14024,4024,24,4,4294.00,17176.00
14025,4025,25,1,4431.25,4431.25
14026,4026,26,2,4568.50,9137.00
14027,4027,27,3,4705.75,14117.25
14028,4028,28,4,4843.00,19372.00
14029,4029,29,1,4980.25,4980.25
14030,4030,30,2,5117.50,10235.00
14031,4031,31,3,5254.75,15764.25
14032,4032,32,4,5392.00,21568.00
14033,4033,33,1,5529.25,5529.25
14034,4034,34,2,5666.50,11333.00
14035,4035,35,3,5803.75,17411.25
14036,4036,36,4,5941.00,23764.00
14037,4037,37,1,6078.25,6078.25
14038,4038,38,2,6215.50,12431.00
14039,4039,39,3,6352.75,19058.25
14040,4040,40,4,6490.00,25960.00
14041,4041,41,1,6627.25,6627.25
14042,4042,42,2,6764.50,13529.00
14043,4043,43,3,6901.75,20705.25
14044,4044,44,4,7039.00,28156.00
14045,4045,45,1,7176.25,7176.25
14046,4046,46,2,7313.50,14627.00
14047,4047,47,3,7450.75,22352.25
14048,4048,48,4,7588.00,30352.00
14049,4049,49,1,7725.25,7725.25
14050,4050,50,2,7862.50,15725.00
14051,4051,51,3,7999.75,23999.25
14052,4052,52,4,8137.00,32548.00
14053,4053,53,1,8274.25,8274.25
14054,4054,54,2,8411.50,16823.00
14055,4055,55,3,8548.75,25646.25
14056,4056,56,4,8686.00,34744.00
14057,4057,57,1,8823.25,8823.25
14058,4058,58,2,8960.50,17921.00
14059,4059,59,3,9097.75,27293.25
14060,4060,60,4,9235.00,36940.00
14061,4061,61,1,9372.25,9372.25
14062,4062,62,2,9509.50,19019.00
14063,4063,63,3,9646.75,28940.25
14064,4064,64,4,9784.00,39136.00
14065,4065,65,1,9921.25,9921.25
14066,4066,66,2,10058.50,20117.00
14067,4067,67,3,10195.75,30587.25
14068,4068,68,4,10333.00,41332.00
14069,4069,69,1,10470.25,10470.25
14070,4070,70,2,10607.50,21215.00
14071,4071,71,3,10744.75,32234.25
14072,4072,72,4,10882.00,43528.00
14073,4073,73,1,11019.25,11019.25
14074,4074,74,2,11156.50,22313.00
14075,4075,75,3,11293.75,33881.25
14076,4076,76,4,11431.00,45724.00
14077,4077,77,1,11568.25,11568.25
14078,4078,78,2,11705.50,23411.00
14079,4079,79,3,11842.75,35528.25
14080,4080,80,4,11980.00,47920.00
14081,4081,81,1,12117.25,12117.25
14082,4082,82,2,12254.50,24509.00
14083,4083,83,3,12391.75,37175.25
14084,4084,84,4,12529.00,50116.00
14085,4085,85,1,12666.25,12666.25
14086,4086,86,2,12803.50,25607.00
14087,4087,87,3,12940.75,38822.25
14088,4088,88,4,13078.00,52312.00
14089,4089,89,1,13215.25,13215.25
14090,4090,90,2,13352.50,26705.00
14091,4091,91,3,13489.75,40469.25
14092,4092,92,4,13627.00,54508.00
14093,4093,93,1,13764.25,13764.25
14094,4094,94,2,13901.50,27803.00
14095,4095,95,3,14038.75,42116.25
14096,4096,96,4,14176.00,56704.00
14097,4097,97,1,14313.25,14313.25
14098,4098,98,2,14450.50,28901.00
14099,4099,99,3,14587.75,43763.25
14100,4100,100,4,14725.00,58900.00
14101,4101,1,1,1137.25,1137.25
14102,4102,2,2,1274.50,2549.00
14103,4103,3,3,1411.75,4235.25
14104,4104,4,4,1549.00,6196.00
14105,4105,5,1,1686.25,1686.25
14106,4106,6,2,1823.50,3647.00
14107,4107,7,3,1960.75,5882.25
14108,4108,8,4,2098.00,8392.00
14109,4109,9,1,2235.25,2235.25
14110,4110,10,2,2372.50,4745.00
14111,4111,11,3,2509.75,7529.25
14112,4112,12,4,2647.00,10588.00
14113,4113,13,1,2784.25,2784.25
14114,4114,14,2,2921.50,5843.00
14115,4115,15,3,3058.75,9176.25
14116,4116,16,4,3196.00,12784.00
14117,4117,17,1,3333.25,3333.25
14118,4118,18,2,3470.50,6941.00
14119,4119,19,3,3607.75,10823.25
14120,4120,20,4,3745.00,14980.00
14121,4121,21,1,3882.25,3882.25
14122,4122,22,2,4019.50,8039.00
14123,4123,23,3,4156.75,12470.25
14124,4124,24,4,4294.00,17176.00
14125,4125,25,1,4431.25,4431.25
14126,4126,26,2,4568.50,9137.00
14127,4127,27,3,4705.75,14117.25
14128,4128,28,4,4843.00,19372.00
14129,4129,29,1,4980.25,4980.25
14130,4130,30,2,5117.50,10235.00
14131,4131,31,3,5254.75,15764.25
14132,4132,32,4,5392.00,21568.00
14133,4133,33,1,5529.25,5529.25
14134,4134,34,2,5666.50,11333.00
14135,4135,35,3,5803.75,17411.25
14136,4136,36,4,5941.00,23764.00
14137,4137,37,1,6078.25,6078.25
14138,4138,38,2,6215.50,12431.00
14139,4139,39,3,6352.75,19058.25
14140,4140,40,4,6490.00,25960.00
14141,4141,41,1,6627.25,6627.25
14142,4142,42,2,6764.50,13529.00
14143,4143,43,3,6901.75,20705.25
14144,4144,44,4,7039.00,28156.00
14145,4145,45,1,7176.25,7176.25
14146,4146,46,2,7313.50,14627.00
14147,4147,47,3,7450.75,22352.25
14148,4148,48,4,7588.00,30352.00
14149,4149,49,1,7725.25,7725.25
14150,4150,50,2,7862.50,15725.00
14151,4151,51,3,7999.75,23999.25
14152,4152,52,4,8137.00,32548.00
14153,4153,53,1,8274.25,8274.25
14154,4154,54,2,8411.50,16823.00
14155,4155,55,3,8548.75,25646.25
14156,4156,56,4,8686.00,34744.00
14157,4157,57,1,8823.25,8823.25
14158,4158,58,2,8960.50,17921.00
14159,4159,59,3,9097.75,27293.25
14160,4160,60,4,9235.00,36940.00
14161,4161,61,1,9372.25,9372.25
14162,4162,62,2,9509.50,19019.00
14163,4163,63,3,9646.75,28940.25
14164,4164,64,4,9784.00,39136.00
14165,4165,65,1,9921.25,9921.25
14166,4166,66,2,10058.50,20117.00
14167,4167,67,3,10195.75,30587.25
14168,4168,68,4,10333.00,41332.00
14169,4169,69,1,10470.25,10470.25
14170,4170,70,2,10607.50,21215.00
14171,4171,71,3,10744.75,32234.25
14172,4172,72,4,10882.00,43528.00
14173,4173,73,1,11019.25,11019.25
14174,4174,74,2,11156.50,22313.00
14175,4175,75,3,11293.75,33881.25
14176,4176,76,4,11431.00,45724.00
14177,4177,77,1,11568.25,11568.25
14178,4178,78,2,11705.50,23411.00
14179,4179,79,3,11842.75,35528.25
14180,4180,80,4,11980.00,47920.00
14181,4181,81,1,12117.25,12117.25
14182,4182,82,2,12254.50,24509.00
14183,4183,83,3,12391.75,37175.25
14184,4184,84,4,12529.00,50116.00
14185,4185,85,1,12666.25,12666.25
14186,4186,86,2,12803.50,25607.00
14187,4187,87,3,12940.75,38822.25
14188,4188,88,4,13078.00,52312.00
14189,4189,89,1,13215.25,13215.25
14190,4190,90,2,13352.50,26705.00
14191,4191,91,3,13489.75,40469.25
14192,4192,92,4,13627.00,54508.00
14193,4193,93,1,13764.25,13764.25
14194,4194,94,2,13901.50,27803.00
14195,4195,95,3,14038.75,42116.25
14196,4196,96,4,14176.00,56704.00
14197,4197,97,1,14313.25,14313.25
14198,4198,98,2,14450.50,28901.00
14199,4199,99,3,14587.75,43763.25
14200,4200,100,4,14725.00,58900.00
14201,4201,1,1,1137.25,1137.25
14202,4202,2,2,1274.50,2549.00
14203,4203,3,3,1411.75,4235.25
14204,4204,4,4,1549.00,6196.00
14205,4205,5,1,1686.25,1686.25
14206,4206,6,2,1823.50,3647.00
14207,4207,7,3,1960.75,5882.25
14208,4208,8,4,2098.00,8392.00
14209,4209,9,1,2235.25,2235.25
14210,4210,10,2,2372.50,4745.00
14211,4211,11,3,2509.75,7529.25
14212,4212,12,4,2647.00,10588.00
14213,4213,13,1,2784.25,2784.25
14214,4214,14,2,2921.50,5843.00
14215,4215,15,3,3058.75,9176.25
14216,4216,16,4,3196.00,12784.00
14217,4217,17,1,3333.25,3333.25
14218,4218,18,2,3470.50,6941.00
14219,4219,19,3,3607.75,10823.25
14220,4220,20,4,3745.00,14980.00
14221,4221,21,1,3882.25,3882.25
14222,4222,22,2,4019.50,8039.00
14223,4223,23,3,4156.75,12470.25
14224,4224,24,4,4294.00,17176.00
14225,4225,25,1,4431.25,4431.25
14226,4226,26,2,4568.50,9137.00
14227,4227,27,3,4705.75,14117.25
14228,4228,28,4,4843.00,19372.00
14229,4229,29,1,4980.25,4980.25
14230,4230,30,2,5117.50,10235.00
14231,4231,31,3,5254.75,15764.25
14232,4232,32,4,5392.00,21568.00
14233,4233,33,1,5529.25,5529.25
14234,4234,34,2,5666.50,11333.00
14235,4235,35,3,5803.75,17411.25
14236,4236,36,4,5941.00,23764.00
14237,4237,37,1,6078.25,6078.25
14238,4238,38,2,6215.50,12431.00
14239,4239,39,3,6352.75,19058.25
14240,4240,40,4,6490.00,25960.00
14241,4241,41,1,6627.25,6627.25
14242,4242,42,2,6764.50,13529.00
14243,4243,43,3,6901.75,20705.25
14244,4244,44,4,7039.00,28156.00
14245,4245,45,1,7176.25,7176.25
14246,4246,46,2,7313.50,14627.00
14247,4247,47,3,7450.75,22352.25
14248,4248,48,4,7588.00,30352.00
14249,4249,49,1,7725.25,7725.25
14250,4250,50,2,7862.50,15725.00
14251,4251,51,3,7999.75,23999.25
14252,4252,52,4,8137.00,32548.00
14253,4253,53,1,8274.25,8274.25
14254,4254,54,2,8411.50,16823.00
14255,4255,55,3,8548.75,25646.25
14256,4256,56,4,8686.00,34744.00
14257,4257,57,1,8823.25,8823.25
14258,4258,58,2,8960.50,17921.00
14259,4259,59,3,9097.75,27293.25
14260,4260,60,4,9235.00,36940.00
14261,4261,61,1,9372.25,9372.25
14262,4262,62,2,9509.50,19019.00
14263,4263,63,3,9646.75,28940.25
14264,4264,64,4,9784.00,39136.00
14265,4265,65,1,9921.25,9921.25
14266,4266,66,2,10058.50,20117.00
14267,4267,67,3,10195.75,30587.25
14268,4268,68,4,10333.00,41332.00
14269,4269,69,1,10470.25,10470.25
14270,4270,70,2,10607.50,21215.00
14271,4271,71,3,10744.75,32234.25
14272,4272,72,4,10882.00,43528.00
14273,4273,73,1,11019.25,11019.25
14274,4274,74,2,11156.50,22313.00
14275,4275,75,3,11293.75,33881.25
14276,4276,76,4,11431.00,45724.00
14277,4277,77,1,11568.25,11568.25
14278,4278,78,2,11705.50,23411.00
14279,4279,79,3,11842.75,35528.25
14280,4280,80,4,11980.00,47920.00
14281,4281,81,1,12117.25,12117.25
14282,4282,82,2,12254.50,24509.00
14283,4283,83,3,12391.75,37175.25
14284,4284,84,4,12529.00,50116.00
14285,4285,85,1,12666.25,12666.25
14286,4286,86,2,12803.50,25607.00
14287,4287,87,3,12940.75,38822.25
14288,4288,88,4,13078.00,52312.00
14289,4289,89,1,13215.25,13215.25
14290,4290,90,2,13352.50,26705.00
14291,4291,91,3,13489.75,40469.25
14292,4292,92,4,13627.00,54508.00
14293,4293,93,1,13764.25,13764.25
14294,4294,94,2,13901.50,27803.00
14295,4295,95,3,14038.75,42116.25
14296,4296,96,4,14176.00,56704.00
14297,4297,97,1,14313.25,14313.25
14298,4298,98,2,14450.50,28901.00
14299,4299,99,3,14587.75,43763.25
14300,4300,100,4,14725.00,58900.00
14301,4301,1,1,1137.25,1137.25
14302,4302,2,2,1274.50,2549.00
14303,4303,3,3,1411.75,4235.25
14304,4304,4,4,1549.00,6196.00
14305,4305,5,1,1686.25,1686.25
14306,4306,6,2,1823.50,3647.00
14307,4307,7,3,1960.75,5882.25
14308,4308,8,4,2098.00,8392.00
14309,4309,9,1,2235.25,2235.25
14310,4310,10,2,2372.50,4745.00
14311,4311,11,3,2509.75,7529.25
14312,4312,12,4,2647.00,10588.00
14313,4313,13,1,2784.25,2784.25
14314,4314,14,2,2921.50,5843.00
14315,4315,15,3,3058.75,9176.25
14316,4316,16,4,3196.00,12784.00
14317,4317,17,1,3333.25,3333.25
14318,4318,18,2,3470.50,6941.00
14319,4319,19,3,3607.75,10823.25
14320,4320,20,4,3745.00,14980.00
14321,4321,21,1,3882.25,3882.25
14322,4322,22,2,4019.50,8039.00
14323,4323,23,3,4156.75,12470.25
14324,4324,24,4,4294.00,17176.00
14325,4325,25,1,4431.25,4431.25
14326,4326,26,2,4568.50,9137.00
14327,4327,27,3,4705.75,14117.25
14328,4328,28,4,4843.00,19372.00
14329,4329,29,1,4980.25,4980.25
14330,4330,30,2,5117.50,10235.00
14331,4331,31,3,5254.75,15764.25
14332,4332,32,4,5392.00,21568.00
14333,4333,33,1,5529.25,5529.25
14334,4334,34,2,5666.50,11333.00
14335,4335,35,3,5803.75,17411.25
14336,4336,36,4,5941.00,23764.00
14337,4337,37,1,6078.25,6078.25
14338,4338,38,2,6215.50,12431.00
14339,4339,39,3,6352.75,19058.25
14340,4340,40,4,6490.00,25960.00
14341,4341,41,1,6627.25,6627.25
14342,4342,42,2,6764.50,13529.00
14343,4343,43,3,6901.75,20705.25
14344,4344,44,4,7039.00,28156.00
14345,4345,45,1,7176.25,7176.25
14346,4346,46,2,7313.50,14627.00
14347,4347,47,3,7450.75,22352.25
14348,4348,48,4,7588.00,30352.00
14349,4349,49,1,7725.25,7725.25
14350,4350,50,2,7862.50,15725.00
14351,4351,51,3,7999.75,23999.25
14352,4352,52,4,8137.00,32548.00
14353,4353,53,1,8274.25,8274.25
14354,4354,54,2,8411.50,16823.00
14355,4355,55,3,8548.75,25646.25
14356,4356,56,4,8686.00,34744.00
14357,4357,57,1,8823.25,8823.25
14358,4358,58,2,8960.50,17921.00
14359,4359,59,3,9097.75,27293.25
14360,4360,60,4,9235.00,36940.00
14361,4361,61,1,9372.25,9372.25
14362,4362,62,2,9509.50,19019.00
14363,4363,63,3,9646.75,28940.25
14364,4364,64,4,9784.00,39136.00
14365,4365,65,1,9921.25,9921.25
14366,4366,66,2,10058.50,20117.00
14367,4367,67,3,10195.75,30587.25
14368,4368,68,4,10333.00,41332.00
14369,4369,69,1,10470.25,10470.25
14370,4370,70,2,10607.50,21215.00
14371,4371,71,3,10744.75,32234.25
14372,4372,72,4,10882.00,43528.00
14373,4373,73,1,11019.25,11019.25
14374,4374,74,2,11156.50,22313.00
14375,4375,75,3,11293.75,33881.25
14376,4376,76,4,11431.00,45724.00
14377,4377,77,1,11568.25,11568.25
14378,4378,78,2,11705.50,23411.00
14379,4379,79,3,11842.75,35528.25
14380,4380,80,4,11980.00,47920.00
14381,4381,81,1,12117.25,12117.25
14382,4382,82,2,12254.50,24509.00
14383,4383,83,3,12391.75,37175.25
14384,4384,84,4,12529.00,50116.00
14385,4385,85,1,12666.25,12666.25
14386,4386,86,2,12803.50,25607.00
14387,4387,87,3,12940.75,38822.25
14388,4388,88,4,13078.00,52312.00
14389,4389,89,1,13215.25,13215.25
14390,4390,90,2,13352.50,26705.00
14391,4391,91,3,13489.75,40469.25
14392,4392,92,4,13627.00,54508.00
14393,4393,93,1,13764.25,13764.25
14394,4394,94,2,13901.50,27803.00
14395,4395,95,3,14038.75,42116.25
14396,4396,96,4,14176.00,56704.00
14397,4397,97,1,14313.25,14313.25
14398,4398,98,2,14450.50,28901.00
14399,4399,99,3,14587.75,43763.25
14400,4400,100,4,14725.00,58900.00
14401,4401,1,1,1137.25,1137.25
14402,4402,2,2,1274.50,2549.00
14403,4403,3,3,1411.75,4235.25
14404,4404,4,4,1549.00,6196.00
14405,4405,5,1,1686.25,1686.25
14406,4406,6,2,1823.50,3647.00
14407,4407,7,3,1960.75,5882.25
14408,4408,8,4,2098.00,8392.00
14409,4409,9,1,2235.25,2235.25
14410,4410,10,2,2372.50,4745.00
14411,4411,11,3,2509.75,7529.25
14412,4412,12,4,2647.00,10588.00
14413,4413,13,1,2784.25,2784.25
14414,4414,14,2,2921.50,5843.00
14415,4415,15,3,3058.75,9176.25
14416,4416,16,4,3196.00,12784.00
14417,4417,17,1,3333.25,3333.25
14418,4418,18,2,3470.50,6941.00
14419,4419,19,3,3607.75,10823.25
14420,4420,20,4,3745.00,14980.00
14421,4421,21,1,3882.25,3882.25
14422,4422,22,2,4019.50,8039.00
14423,4423,23,3,4156.75,12470.25
14424,4424,24,4,4294.00,17176.00
14425,4425,25,1,4431.25,4431.25
14426,4426,26,2,4568.50,9137.00
14427,4427,27,3,4705.75,14117.25
14428,4428,28,4,4843.00,19372.00
14429,4429,29,1,4980.25,4980.25
14430,4430,30,2,5117.50,10235.00
14431,4431,31,3,5254.75,15764.25
14432,4432,32,4,5392.00,21568.00
14433,4433,33,1,5529.25,5529.25
14434,4434,34,2,5666.50,11333.00
14435,4435,35,3,5803.75,17411.25
14436,4436,36,4,5941.00,23764.00
14437,4437,37,1,6078.25,6078.25
14438,4438,38,2,6215.50,12431.00
14439,4439,39,3,6352.75,19058.25
14440,4440,40,4,6490.00,25960.00
14441,4441,41,1,6627.25,6627.25
14442,4442,42,2,6764.50,13529.00
14443,4443,43,3,6901.75,20705.25
14444,4444,44,4,7039.00,28156.00
14445,4445,45,1,7176.25,7176.25
14446,4446,46,2,7313.50,14627.00
14447,4447,47,3,7450.75,22352.25
14448,4448,48,4,7588.00,30352.00
14449,4449,49,1,7725.25,7725.25
14450,4450,50,2,7862.50,15725.00
14451,4451,51,3,7999.75,23999.25
14452,4452,52,4,8137.00,32548.00
14453,4453,53,1,8274.25,8274.25
14454,4454,54,2,8411.50,16823.00
14455,4455,55,3,8548.75,25646.25
14456,4456,56,4,8686.00,34744.00
14457,4457,57,1,8823.25,8823.25
14458,4458,58,2,8960.50,17921.00
14459,4459,59,3,9097.75,27293.25
14460,4460,60,4,9235.00,36940.00
14461,4461,61,1,9372.25,9372.25
14462,4462,62,2,9509.50,19019.00
14463,4463,63,3,9646.75,28940.25
14464,4464,64,4,9784.00,39136.00
14465,4465,65,1,9921.25,9921.25
14466,4466,66,2,10058.50,20117.00
14467,4467,67,3,10195.75,30587.25
14468,4468,68,4,10333.00,41332.00
14469,4469,69,1,10470.25,10470.25
14470,4470,70,2,10607.50,21215.00
14471,4471,71,3,10744.75,32234.25
14472,4472,72,4,10882.00,43528.00
14473,4473,73,1,11019.25,11019.25
14474,4474,74,2,11156.50,22313.00
14475,4475,75,3,11293.75,33881.25
14476,4476,76,4,11431.00,45724.00
14477,4477,77,1,11568.25,11568.25
14478,4478,78,2,11705.50,23411.00
14479,4479,79,3,11842.75,35528.25
14480,4480,80,4,11980.00,47920.00
14481,4481,81,1,12117.25,12117.25
14482,4482,82,2,12254.50,24509.00
14483,4483,83,3,12391.75,37175.25
14484,4484,84,4,12529.00,50116.00
14485,4485,85,1,12666.25,12666.25
14486,4486,86,2,12803.50,25607.00
14487,4487,87,3,12940.75,38822.25
14488,4488,88,4,13078.00,52312.00
14489,4489,89,1,13215.25,13215.25
14490,4490,90,2,13352.50,26705.00
14491,4491,91,3,13489.75,40469.25
14492,4492,92,4,13627.00,54508.00
14493,4493,93,1,13764.25,13764.25
14494,4494,94,2,13901.50,27803.00
14495,4495,95,3,14038.75,42116.25
14496,4496,96,4,14176.00,56704.00
14497,4497,97,1,14313.25,14313.25
14498,4498,98,2,14450.50,28901.00
14499,4499,99,3,14587.75,43763.25
14500,4500,100,4,14725.00,58900.00
14501,4501,1,1,1137.25,1137.25
14502,4502,2,2,1274.50,2549.00
14503,4503,3,3,1411.75,4235.25
14504,4504,4,4,1549.00,6196.00
14505,4505,5,1,1686.25,1686.25
14506,4506,6,2,1823.50,3647.00
14507,4507,7,3,1960.75,5882.25
14508,4508,8,4,2098.00,8392.00
14509,4509,9,1,2235.25,2235.25
14510,4510,10,2,2372.50,4745.00
14511,4511,11,3,2509.75,7529.25
14512,4512,12,4,2647.00,10588.00
14513,4513,13,1,2784.25,2784.25
14514,4514,14,2,2921.50,5843.00
14515,4515,15,3,3058.75,9176.25
14516,4516,16,4,3196.00,12784.00
14517,4517,17,1,3333.25,3333.25
14518,4518,18,2,3470.50,6941.00
14519,4519,19,3,3607.75,10823.25
14520,4520,20,4,3745.00,14980.00
14521,4521,21,1,3882.25,3882.25
14522,4522,22,2,4019.50,8039.00
14523,4523,23,3,4156.75,12470.25
14524,4524,24,4,4294.00,17176.00
14525,4525,25,1,4431.25,4431.25
14526,4526,26,2,4568.50,9137.00
14527,4527,27,3,4705.75,14117.25
14528,4528,28,4,4843.00,19372.00
14529,4529,29,1,4980.25,4980.25
14530,4530,30,2,5117.50,10235.00
14531,4531,31,3,5254.75,15764.25
14532,4532,32,4,5392.00,21568.00
14533,4533,33,1,5529.25,5529.25
14534,4534,34,2,5666.50,11333.00
14535,4535,35,3,5803.75,17411.25
14536,4536,36,4,5941.00,23764.00
14537,4537,37,1,6078.25,6078.25
14538,4538,38,2,6215.50,12431.00
14539,4539,39,3,6352.75,19058.25
14540,4540,40,4,6490.00,25960.00
14541,4541,41,1,6627.25,6627.25
14542,4542,42,2,6764.50,13529.00
14543,4543,43,3,6901.75,20705.25
14544,4544,44,4,7039.00,28156.00
14545,4545,45,1,7176.25,7176.25
14546,4546,46,2,7313.50,14627.00
14547,4547,47,3,7450.75,22352.25
14548,4548,48,4,7588.00,30352.00
14549,4549,49,1,7725.25,7725.25
14550,4550,50,2,7862.50,15725.00
14551,4551,51,3,7999.75,23999.25
14552,4552,52,4,8137.00,32548.00
14553,4553,53,1,8274.25,8274.25
14554,4554,54,2,8411.50,16823.00
14555,4555,55,3,8548.75,25646.25
14556,4556,56,4,8686.00,34744.00
14557,4557,57,1,8823.25,8823.25
14558,4558,58,2,8960.50,17921.00
14559,4559,59,3,9097.75,27293.25
14560,4560,60,4,9235.00,36940.00
14561,4561,61,1,9372.25,9372.25
14562,4562,62,2,9509.50,19019.00
14563,4563,63,3,9646.75,28940.25
14564,4564,64,4,9784.00,39136.00
14565,4565,65,1,9921.25,9921.25
14566,4566,66,2,10058.50,20117.00
14567,4567,67,3,10195.75,30587.25
14568,4568,68,4,10333.00,41332.00
14569,4569,69,1,10470.25,10470.25
14570,4570,70,2,10607.50,21215.00
14571,4571,71,3,10744.75,32234.25
14572,4572,72,4,10882.00,43528.00
14573,4573,73,1,11019.25,11019.25
14574,4574,74,2,11156.50,22313.00
14575,4575,75,3,11293.75,33881.25
14576,4576,76,4,11431.00,45724.00
14577,4577,77,1,11568.25,11568.25
14578,4578,78,2,11705.50,23411.00
14579,4579,79,3,11842.75,35528.25
14580,4580,80,4,11980.00,47920.00
14581,4581,81,1,12117.25,12117.25
14582,4582,82,2,12254.50,24509.00
14583,4583,83,3,12391.75,37175.25
14584,4584,84,4,12529.00,50116.00
14585,4585,85,1,12666.25,12666.25
14586,4586,86,2,12803.50,25607.00
14587,4587,87,3,12940.75,38822.25
14588,4588,88,4,13078.00,52312.00
14589,4589,89,1,13215.25,13215.25
14590,4590,90,2,13352.50,26705.00
14591,4591,91,3,13489.75,40469.25
14592,4592,92,4,13627.00,54508.00
14593,4593,93,1,13764.25,13764.25
14594,4594,94,2,13901.50,27803.00
14595,4595,95,3,14038.75,42116.25
14596,4596,96,4,14176.00,56704.00
14597,4597,97,1,14313.25,14313.25
14598,4598,98,2,14450.50,28901.00
14599,4599,99,3,14587.75,43763.25
14600,4600,100,4,14725.00,58900.00
14601,4601,1,1,1137.25,1137.25
14602,4602,2,2,1274.50,2549.00
14603,4603,3,3,1411.75,4235.25
14604,4604,4,4,1549.00,6196.00
14605,4605,5,1,1686.25,1686.25
14606,4606,6,2,1823.50,3647.00
14607,4607,7,3,1960.75,5882.25
14608,4608,8,4,2098.00,8392.00
14609,4609,9,1,2235.25,2235.25
14610,4610,10,2,2372.50,4745.00
14611,4611,11,3,2509.75,7529.25
14612,4612,12,4,2647.00,10588.00
14613,4613,13,1,2784.25,2784.25
14614,4614,14,2,2921.50,5843.00
14615,4615,15,3,3058.75,9176.25
14616,4616,16,4,3196.00,12784.00
14617,4617,17,1,3333.25,3333.25
14618,4618,18,2,3470.50,6941.00
14619,4619,19,3,3607.75,10823.25
14620,4620,20,4,3745.00,14980.00
14621,4621,21,1,3882.25,3882.25
14622,4622,22,2,4019.50,8039.00
14623,4623,23,3,4156.75,12470.25
14624,4624,24,4,4294.00,17176.00
14625,4625,25,1,4431.25,4431.25
14626,4626,26,2,4568.50,9137.00
14627,4627,27,3,4705.75,14117.25
14628,4628,28,4,4843.00,19372.00
14629,4629,29,1,4980.25,4980.25
14630,4630,30,2,5117.50,10235.00
14631,4631,31,3,5254.75,15764.25
14632,4632,32,4,5392.00,21568.00
14633,4633,33,1,5529.25,5529.25
14634,4634,34,2,5666.50,11333.00
14635,4635,35,3,5803.75,17411.25
14636,4636,36,4,5941.00,23764.00
14637,4637,37,1,6078.25,6078.25
14638,4638,38,2,6215.50,12431.00
14639,4639,39,3,6352.75,19058.25
14640,4640,40,4,6490.00,25960.00
14641,4641,41,1,6627.25,6627.25
14642,4642,42,2,6764.50,13529.00
14643,4643,43,3,6901.75,20705.25
14644,4644,44,4,7039.00,28156.00
14645,4645,45,1,7176.25,7176.25
14646,4646,46,2,7313.50,14627.00
14647,4647,47,3,7450.75,22352.25
14648,4648,48,4,7588.00,30352.00
14649,4649,49,1,7725.25,7725.25
14650,4650,50,2,7862.50,15725.00
14651,4651,51,3,7999.75,23999.25
14652,4652,52,4,8137.00,32548.00
14653,4653,53,1,8274.25,8274.25
14654,4654,54,2,8411.50,16823.00
14655,4655,55,3,8548.75,25646.25
14656,4656,56,4,8686.00,34744.00
14657,4657,57,1,8823.25,8823.25
14658,4658,58,2,8960.50,17921.00
14659,4659,59,3,9097.75,27293.25
14660,4660,60,4,9235.00,36940.00
14661,4661,61,1,9372.25,9372.25
14662,4662,62,2,9509.50,19019.00
14663,4663,63,3,9646.75,28940.25
14664,4664,64,4,9784.00,39136.00
14665,4665,65,1,9921.25,9921.25
14666,4666,66,2,10058.50,20117.00
14667,4667,67,3,10195.75,30587.25
14668,4668,68,4,10333.00,41332.00
14669,4669,69,1,10470.25,10470.25
14670,4670,70,2,10607.50,21215.00
14671,4671,71,3,10744.75,32234.25
14672,4672,72,4,10882.00,43528.00
14673,4673,73,1,11019.25,11019.25
14674,4674,74,2,11156.50,22313.00
14675,4675,75,3,11293.75,33881.25
14676,4676,76,4,11431.00,45724.00
14677,4677,77,1,11568.25,11568.25
14678,4678,78,2,11705.50,23411.00
14679,4679,79,3,11842.75,35528.25
14680,4680,80,4,11980.00,47920.00
14681,4681,81,1,12117.25,12117.25
14682,4682,82,2,12254.50,24509.00
14683,4683,83,3,12391.75,37175.25
14684,4684,84,4,12529.00,50116.00
14685,4685,85,1,12666.25,12666.25
14686,4686,86,2,12803.50,25607.00
14687,4687,87,3,12940.75,38822.25
14688,4688,88,4,13078.00,52312.00
14689,4689,89,1,13215.25,13215.25
14690,4690,90,2,13352.50,26705.00
14691,4691,91,3,13489.75,40469.25
14692,4692,92,4,13627.00,54508.00
14693,4693,93,1,13764.25,13764.25
14694,4694,94,2,13901.50,27803.00
14695,4695,95,3,14038.75,42116.25
14696,4696,96,4,14176.00,56704.00
14697,4697,97,1,14313.25,14313.25
14698,4698,98,2,14450.50,28901.00
14699,4699,99,3,14587.75,43763.25
14700,4700,100,4,14725.00,58900.00
14701,4701,1,1,1137.25,1137.25
14702,4702,2,2,1274.50,2549.00
14703,4703,3,3,1411.75,4235.25
14704,4704,4,4,1549.00,6196.00
14705,4705,5,1,1686.25,1686.25
14706,4706,6,2,1823.50,3647.00
14707,4707,7,3,1960.75,5882.25
14708,4708,8,4,2098.00,8392.00
14709,4709,9,1,2235.25,2235.25
14710,4710,10,2,2372.50,4745.00
14711,4711,11,3,2509.75,7529.25
14712,4712,12,4,2647.00,10588.00
14713,4713,13,1,2784.25,2784.25
14714,4714,14,2,2921.50,5843.00
14715,4715,15,3,3058.75,9176.25
14716,4716,16,4,3196.00,12784.00
14717,4717,17,1,3333.25,3333.25
14718,4718,18,2,3470.50,6941.00
14719,4719,19,3,3607.75,10823.25
14720,4720,20,4,3745.00,14980.00
14721,4721,21,1,3882.25,3882.25
14722,4722,22,2,4019.50,8039.00
14723,4723,23,3,4156.75,12470.25
14724,4724,24,4,4294.00,17176.00
14725,4725,25,1,4431.25,4431.25
14726,4726,26,2,4568.50,9137.00
14727,4727,27,3,4705.75,14117.25
14728,4728,28,4,4843.00,19372.00
14729,4729,29,1,4980.25,4980.25
14730,4730,30,2,5117.50,10235.00
14731,4731,31,3,5254.75,15764.25
14732,4732,32,4,5392.00,21568.00
14733,4733,33,1,5529.25,5529.25
14734,4734,34,2,5666.50,11333.00
14735,4735,35,3,5803.75,17411.25
14736,4736,36,4,5941.00,23764.00
14737,4737,37,1,6078.25,6078.25
14738,4738,38,2,6215.50,12431.00
14739,4739,39,3,6352.75,19058.25
14740,4740,40,4,6490.00,25960.00
14741,4741,41,1,6627.25,6627.25
14742,4742,42,2,6764.50,13529.00
14743,4743,43,3,6901.75,20705.25
14744,4744,44,4,7039.00,28156.00
14745,4745,45,1,7176.25,7176.25
14746,4746,46,2,7313.50,14627.00
14747,4747,47,3,7450.75,22352.25
14748,4748,48,4,7588.00,30352.00
14749,4749,49,1,7725.25,7725.25
14750,4750,50,2,7862.50,15725.00
14751,4751,51,3,7999.75,23999.25
14752,4752,52,4,8137.00,32548.00
14753,4753,53,1,8274.25,8274.25
14754,4754,54,2,8411.50,16823.00
14755,4755,55,3,8548.75,25646.25
14756,4756,56,4,8686.00,34744.00
14757,4757,57,1,8823.25,8823.25
14758,4758,58,2,8960.50,17921.00
14759,4759,59,3,9097.75,27293.25
14760,4760,60,4,9235.00,36940.00
14761,4761,61,1,9372.25,9372.25
14762,4762,62,2,9509.50,19019.00
14763,4763,63,3,9646.75,28940.25
14764,4764,64,4,9784.00,39136.00
14765,4765,65,1,9921.25,9921.25
14766,4766,66,2,10058.50,20117.00
14767,4767,67,3,10195.75,30587.25
14768,4768,68,4,10333.00,41332.00
14769,4769,69,1,10470.25,10470.25
14770,4770,70,2,10607.50,21215.00
14771,4771,71,3,10744.75,32234.25
14772,4772,72,4,10882.00,43528.00
14773,4773,73,1,11019.25,11019.25
14774,4774,74,2,11156.50,22313.00
14775,4775,75,3,11293.75,33881.25
14776,4776,76,4,11431.00,45724.00
14777,4777,77,1,11568.25,11568.25
14778,4778,78,2,11705.50,23411.00
14779,4779,79,3,11842.75,35528.25
14780,4780,80,4,11980.00,47920.00
14781,4781,81,1,12117.25,12117.25
14782,4782,82,2,12254.50,24509.00
14783,4783,83,3,12391.75,37175.25
14784,4784,84,4,12529.00,50116.00
14785,4785,85,1,12666.25,12666.25
14786,4786,86,2,12803.50,25607.00
14787,4787,87,3,12940.75,38822.25
14788,4788,88,4,13078.00,52312.00
14789,4789,89,1,13215.25,13215.25
14790,4790,90,2,13352.50,26705.00
14791,4791,91,3,13489.75,40469.25
14792,4792,92,4,13627.00,54508.00
14793,4793,93,1,13764.25,13764.25
14794,4794,94,2,13901.50,27803.00
14795,4795,95,3,14038.75,42116.25
14796,4796,96,4,14176.00,56704.00
14797,4797,97,1,14313.25,14313.25
14798,4798,98,2,14450.50,28901.00
14799,4799,99,3,14587.75,43763.25
14800,4800,100,4,14725.00,58900.00
14801,4801,1,1,1137.25,1137.25
14802,4802,2,2,1274.50,2549.00
14803,4803,3,3,1411.75,4235.25
14804,4804,4,4,1549.00,6196.00
14805,4805,5,1,1686.25,1686.25
14806,4806,6,2,1823.50,3647.00
14807,4807,7,3,1960.75,5882.25
14808,4808,8,4,2098.00,8392.00
14809,4809,9,1,2235.25,2235.25
14810,4810,10,2,2372.50,4745.00
14811,4811,11,3,2509.75,7529.25
14812,4812,12,4,2647.00,10588.00
14813,4813,13,1,2784.25,2784.25
14814,4814,14,2,2921.50,5843.00
14815,4815,15,3,3058.75,9176.25
14816,4816,16,4,3196.00,12784.00
14817,4817,17,1,3333.25,3333.25
14818,4818,18,2,3470.50,6941.00
14819,4819,19,3,3607.75,10823.25
14820,4820,20,4,3745.00,14980.00
14821,4821,21,1,3882.25,3882.25
14822,4822,22,2,4019.50,8039.00
14823,4823,23,3,4156.75,12470.25
14824,4824,24,4,4294.00,17176.00
14825,4825,25,1,4431.25,4431.25
14826,4826,26,2,4568.50,9137.00
14827,4827,27,3,4705.75,14117.25
14828,4828,28,4,4843.00,19372.00
14829,4829,29,1,4980.25,4980.25
14830,4830,30,2,5117.50,10235.00
14831,4831,31,3,5254.75,15764.25
14832,4832,32,4,5392.00,21568.00
14833,4833,33,1,5529.25,5529.25
14834,4834,34,2,5666.50,11333.00
14835,4835,35,3,5803.75,17411.25
14836,4836,36,4,5941.00,23764.00
14837,4837,37,1,6078.25,6078.25
14838,4838,38,2,6215.50,12431.00
14839,4839,39,3,6352.75,19058.25
14840,4840,40,4,6490.00,25960.00
14841,4841,41,1,6627.25,6627.25
14842,4842,42,2,6764.50,13529.00
14843,4843,43,3,6901.75,20705.25
14844,4844,44,4,7039.00,28156.00
14845,4845,45,1,7176.25,7176.25
14846,4846,46,2,7313.50,14627.00
14847,4847,47,3,7450.75,22352.25
14848,4848,48,4,7588.00,30352.00
14849,4849,49,1,7725.25,7725.25
14850,4850,50,2,7862.50,15725.00
14851,4851,51,3,7999.75,23999.25
14852,4852,52,4,8137.00,32548.00
14853,4853,53,1,8274.25,8274.25
14854,4854,54,2,8411.50,16823.00
14855,4855,55,3,8548.75,25646.25
14856,4856,56,4,8686.00,34744.00
14857,4857,57,1,8823.25,8823.25
14858,4858,58,2,8960.50,17921.00
14859,4859,59,3,9097.75,27293.25
14860,4860,60,4,9235.00,36940.00
14861,4861,61,1,9372.25,9372.25
14862,4862,62,2,9509.50,19019.00
14863,4863,63,3,9646.75,28940.25
14864,4864,64,4,9784.00,39136.00
14865,4865,65,1,9921.25,9921.25
14866,4866,66,2,10058.50,20117.00
14867,4867,67,3,10195.75,30587.25
14868,4868,68,4,10333.00,41332.00
14869,4869,69,1,10470.25,10470.25
14870,4870,70,2,10607.50,21215.00
14871,4871,71,3,10744.75,32234.25
14872,4872,72,4,10882.00,43528.00
14873,4873,73,1,11019.25,11019.25
14874,4874,74,2,11156.50,22313.00
14875,4875,75,3,11293.75,33881.25
14876,4876,76,4,11431.00,45724.00
14877,4877,77,1,11568.25,11568.25
14878,4878,78,2,11705.50,23411.00
14879,4879,79,3,11842.75,35528.25
14880,4880,80,4,11980.00,47920.00
14881,4881,81,1,12117.25,12117.25
14882,4882,82,2,12254.50,24509.00
14883,4883,83,3,12391.75,37175.25
14884,4884,84,4,12529.00,50116.00
14885,4885,85,1,12666.25,12666.25
14886,4886,86,2,12803.50,25607.00
14887,4887,87,3,12940.75,38822.25
14888,4888,88,4,13078.00,52312.00
14889,4889,89,1,13215.25,13215.25
14890,4890,90,2,13352.50,26705.00
14891,4891,91,3,13489.75,40469.25
14892,4892,92,4,13627.00,54508.00
14893,4893,93,1,13764.25,13764.25
14894,4894,94,2,13901.50,27803.00
14895,4895,95,3,14038.75,42116.25
14896,4896,96,4,14176.00,56704.00
14897,4897,97,1,14313.25,14313.25
14898,4898,98,2,14450.50,28901.00
14899,4899,99,3,14587.75,43763.25
14900,4900,100,4,14725.00,58900.00
14901,4901,1,1,1137.25,1137.25
14902,4902,2,2,1274.50,2549.00
14903,4903,3,3,1411.75,4235.25
14904,4904,4,4,1549.00,6196.00
14905,4905,5,1,1686.25,1686.25
14906,4906,6,2,1823.50,3647.00
14907,4907,7,3,1960.75,5882.25
14908,4908,8,4,2098.00,8392.00
14909,4909,9,1,2235.25,2235.25
14910,4910,10,2,2372.50,4745.00
14911,4911,11,3,2509.75,7529.25
14912,4912,12,4,2647.00,10588.00
14913,4913,13,1,2784.25,2784.25
14914,4914,14,2,2921.50,5843.00
14915,4915,15,3,3058.75,9176.25
14916,4916,16,4,3196.00,12784.00
14917,4917,17,1,3333.25,3333.25
14918,4918,18,2,3470.50,6941.00
14919,4919,19,3,3607.75,10823.25
14920,4920,20,4,3745.00,14980.00
14921,4921,21,1,3882.25,3882.25
14922,4922,22,2,4019.50,8039.00
14923,4923,23,3,4156.75,12470.25
14924,4924,24,4,4294.00,17176.00
14925,4925,25,1,4431.25,4431.25
14926,4926,26,2,4568.50,9137.00
14927,4927,27,3,4705.75,14117.25
14928,4928,28,4,4843.00,19372.00
14929,4929,29,1,4980.25,4980.25
14930,4930,30,2,5117.50,10235.00
14931,4931,31,3,5254.75,15764.25
14932,4932,32,4,5392.00,21568.00
14933,4933,33,1,5529.25,5529.25
14934,4934,34,2,5666.50,11333.00
14935,4935,35,3,5803.75,17411.25
14936,4936,36,4,5941.00,23764.00
14937,4937,37,1,6078.25,6078.25
14938,4938,38,2,6215.50,12431.00
14939,4939,39,3,6352.75,19058.25
14940,4940,40,4,6490.00,25960.00
14941,4941,41,1,6627.25,6627.25
14942,4942,42,2,6764.50,13529.00
14943,4943,43,3,6901.75,20705.25
14944,4944,44,4,7039.00,28156.00
14945,4945,45,1,7176.25,7176.25
14946,4946,46,2,7313.50,14627.00
14947,4947,47,3,7450.75,22352.25
14948,4948,48,4,7588.00,30352.00
14949,4949,49,1,7725.25,7725.25
14950,4950,50,2,7862.50,15725.00
14951,4951,51,3,7999.75,23999.25
14952,4952,52,4,8137.00,32548.00
14953,4953,53,1,8274.25,8274.25
14954,4954,54,2,8411.50,16823.00
14955,4955,55,3,8548.75,25646.25
14956,4956,56,4,8686.00,34744.00
14957,4957,57,1,8823.25,8823.25
14958,4958,58,2,8960.50,17921.00
14959,4959,59,3,9097.75,27293.25
14960,4960,60,4,9235.00,36940.00
14961,4961,61,1,9372.25,9372.25
14962,4962,62,2,9509.50,19019.00
14963,4963,63,3,9646.75,28940.25
14964,4964,64,4,9784.00,39136.00
14965,4965,65,1,9921.25,9921.25
14966,4966,66,2,10058.50,20117.00
14967,4967,67,3,10195.75,30587.25
14968,4968,68,4,10333.00,41332.00
14969,4969,69,1,10470.25,10470.25
14970,4970,70,2,10607.50,21215.00
14971,4971,71,3,10744.75,32234.25
14972,4972,72,4,10882.00,43528.00
14973,4973,73,1,11019.25,11019.25
14974,4974,74,2,11156.50,22313.00
14975,4975,75,3,11293.75,33881.25
14976,4976,76,4,11431.00,45724.00
14977,4977,77,1,11568.25,11568.25
14978,4978,78,2,11705.50,23411.00
14979,4979,79,3,11842.75,35528.25
14980,4980,80,4,11980.00,47920.00
14981,4981,81,1,12117.25,12117.25
14982,4982,82,2,12254.50,24509.00
14983,4983,83,3,12391.75,37175.25
14984,4984,84,4,12529.00,50116.00
14985,4985,85,1,12666.25,12666.25
14986,4986,86,2,12803.50,25607.00
14987,4987,87,3,12940.75,38822.25
14988,4988,88,4,13078.00,52312.00
14989,4989,89,1,13215.25,13215.25
14990,4990,90,2,13352.50,26705.00
14991,4991,91,3,13489.75,40469.25
14992,4992,92,4,13627.00,54508.00
14993,4993,93,1,13764.25,13764.25
14994,4994,94,2,13901.50,27803.00
14995,4995,95,3,14038.75,42116.25
14996,4996,96,4,14176.00,56704.00
14997,4997,97,1,14313.25,14313.25
14998,4998,98,2,14450.50,28901.00
14999,4999,99,3,14587.75,43763.25
15000,5000,100,4,14725.00,58900.00
