venta_id,cliente_id,sucursal_id,fecha_venta,estado,total
1,1,1,2025-01-01 08:00:00,PAGADA,3411.75
2,2,2,2025-01-01 08:10:00,PAGADA,7647.00
3,3,3,2025-01-01 08:20:00,PAGADA,12705.75
4,4,4,2025-01-01 08:30:00,PAGADA,18588.00
5,5,5,2025-01-01 08:40:00,CREADA,5058.75
6,6,6,2025-01-01 08:50:00,PAGADA,10941.00
7,7,7,2025-01-01 09:00:00,PAGADA,17646.75
8,8,8,2025-01-01 09:10:00,PAGADA,25176.00
9,9,9,2025-01-01 09:20:00,PAGADA,6705.75
10,10,10,2025-01-01 09:30:00,CREADA,14235.00
11,11,1,2025-01-01 09:40:00,PAGADA,22587.75
12,12,2,2025-01-01 09:50:00,PAGADA,31764.00
13,13,3,2025-01-01 10:00:00,PAGADA,8352.75
14,14,4,2025-01-01 10:10:00,PAGADA,17529.00
15,15,5,2025-01-01 10:20:00,CREADA,27528.75
16,16,6,2025-01-01 10:30:00,PAGADA,38352.00
17,17,7,2025-01-01 10:40:00,PAGADA,9999.75
18,18,8,2025-01-01 10:50:00,PAGADA,20823.00
19,19,9,2025-01-01 11:00:00,PAGADA,32469.75
20,20,10,2025-01-01 11:10:00,CREADA,44940.00
21,21,1,2025-01-01 11:20:00,PAGADA,11646.75
22,22,2,2025-01-01 11:30:00,PAGADA,24117.00
23,23,3,2025-01-01 11:40:00,PAGADA,37410.75
24,24,4,2025-01-01 11:50:00,PAGADA,51528.00
25,25,5,2025-01-01 12:00:00,CREADA,13293.75
26,26,6,2025-01-01 12:10:00,PAGADA,27411.00
27,27,7,2025-01-01 12:20:00,PAGADA,42351.75
28,28,8,2025-01-01 12:30:00,PAGADA,58116.00
29,29,9,2025-01-01 12:40:00,PAGADA,14940.75
30,30,10,2025-01-01 12:50:00,ANULADA,30705.00
31,31,1,2025-01-01 13:00:00,PAGADA,47292.75
32,32,2,2025-01-01 13:10:00,PAGADA,64704.00
33,33,3,2025-01-01 13:20:00,PAGADA,16587.75
34,34,4,2025-01-01 13:30:00,PAGADA,33999.00
35,35,5,2025-01-01 13:40:00,CREADA,52233.75
36,36,6,2025-01-01 13:50:00,PAGADA,71292.00
37,37,7,2025-01-01 14:00:00,PAGADA,18234.75
38,38,8,2025-01-01 14:10:00,PAGADA,37293.00
39,39,9,2025-01-01 14:20:00,PAGADA,57174.75
40,40,10,2025-01-01 14:30:00,CREADA,77880.00
41,41,1,2025-01-01 14:40:00,PAGADA,19881.75
42,42,2,2025-01-01 14:50:00,PAGADA,40587.00
43,43,3,2025-01-01 15:00:00,PAGADA,62115.75
44,44,4,2025-01-01 15:10:00,PAGADA,84468.00
45,45,5,2025-01-01 15:20:00,CREADA,21528.75
46,46,6,2025-01-01 15:30:00,PAGADA,43881.00
47,47,7,2025-01-01 15:40:00,PAGADA,67056.75
48,48,8,2025-01-01 15:50:00,PAGADA,91056.00
49,49,9,2025-01-01 16:00:00,PAGADA,23175.75
50,50,10,2025-01-01 16:10:00,CREADA,47175.00
51,51,1,2025-01-01 16:20:00,PAGADA,71997.75
52,52,2,2025-01-01 16:30:00,PAGADA,97644.00
53,53,3,2025-01-01 16:40:00,PAGADA,24822.75
54,54,4,2025-01-01 16:50:00,PAGADA,50469.00
55,55,5,2025-01-01 17:00:00,CREADA,76938.75
56,56,6,2025-01-01 17:10:00,PAGADA,104232.00
57,57,7,2025-01-01 17:20:00,PAGADA,26469.75
58,58,8,2025-01-01 17:30:00,PAGADA,53763.00
59,59,9,2025-01-01 17:40:00,PAGADA,81879.75
60,60,10,2025-01-01 17:50:00,ANULADA,110820.00
61,61,1,2025-01-01 18:00:00,PAGADA,28116.75
62,62,2,2025-01-01 18:10:00,PAGADA,57057.00
63,63,3,2025-01-01 18:20:00,PAGADA,86820.75
64,64,4,2025-01-01 18:30:00,PAGADA,117408.00
65,65,5,2025-01-01 18:40:00,CREADA,29763.75
66,66,6,2025-01-01 18:50:00,PAGADA,60351.00
67,67,7,2025-01-01 19:00:00,PAGADA,91761.75
68,68,8,2025-01-01 19:10:00,PAGADA,123996.00
69,69,9,2025-01-01 19:20:00,PAGADA,31410.75
70,70,10,2025-01-01 19:30:00,CREADA,63645.00
71,71,1,2025-01-01 19:40:00,PAGADA,96702.75
72,72,2,2025-01-01 19:50:00,PAGADA,130584.00
73,73,3,2025-01-01 20:00:00,PAGADA,33057.75
74,74,4,2025-01-01 20:10:00,PAGADA,66939.00
75,75,5,2025-01-01 20:20:00,CREADA,101643.75
76,76,6,2025-01-01 20:30:00,PAGADA,137172.00
77,77,7,2025-01-01 20:40:00,PAGADA,34704.75
78,78,8,2025-01-01 20:50:00,PAGADA,70233.00
79,79,9,2025-01-01 21:00:00,PAGADA,106584.75
80,80,10,2025-01-01 21:10:00,CREADA,143760.00
81,81,1,2025-01-01 21:20:00,PAGADA,36351.75
82,82,2,2025-01-01 21:30:00,PAGADA,73527.00
83,83,3,2025-01-01 21:40:00,PAGADA,111525.75
84,84,4,2025-01-01 21:50:00,PAGADA,150348.00
85,85,5,2025-01-01 22:00:00,CREADA,37998.75
86,86,6,2025-01-01 22:10:00,PAGADA,76821.00
87,87,7,2025-01-01 22:20:00,PAGADA,116466.75
88,88,8,2025-01-01 22:30:00,PAGADA,156936.00
89,89,9,2025-01-01 22:40:00,PAGADA,39645.75
90,90,10,2025-01-01 22:50:00,ANULADA,80115.00
91,91,1,2025-01-01 23:00:00,PAGADA,121407.75
92,92,2,2025-01-01 23:10:00,PAGADA,163524.00
93,93,3,2025-01-01 23:20:00,PAGADA,41292.75
94,94,4,2025-01-01 23:30:00,PAGADA,83409.00
95,95,5,2025-01-01 23:40:00,CREADA,126348.75
96,96,6,2025-01-01 23:50:00,PAGADA,170112.00
97,97,7,2025-01-02 00:00:00,PAGADA,42939.75
98,98,8,2025-01-02 00:10:00,PAGADA,86703.00
99,99,9,2025-01-02 00:20:00,PAGADA,131289.75
100,100,10,2025-01-02 00:30:00,CREADA,176700.00
101,101,1,2025-01-02 00:40:00,PAGADA,3411.75
102,102,2,2025-01-02 00:50:00,PAGADA,7647.00
103,103,3,2025-01-02 01:00:00,PAGADA,12705.75
104,104,4,2025-01-02 01:10:00,PAGADA,18588.00
105,105,5,2025-01-02 01:20:00,CREADA,5058.75
106,106,6,2025-01-02 01:30:00,PAGADA,10941.00
107,107,7,2025-01-02 01:40:00,PAGADA,17646.75
108,108,8,2025-01-02 01:50:00,PAGADA,25176.00
109,109,9,2025-01-02 02:00:00,PAGADA,6705.75
110,110,10,2025-01-02 02:10:00,CREADA,14235.00
111,111,1,2025-01-02 02:20:00,PAGADA,22587.75
112,112,2,2025-01-02 02:30:00,PAGADA,31764.00
113,113,3,2025-01-02 02:40:00,PAGADA,8352.75
114,114,4,2025-01-02 02:50:00,PAGADA,17529.00
115,115,5,2025-01-02 03:00:00,CREADA,27528.75
116,116,6,2025-01-02 03:10:00,PAGADA,38352.00
117,117,7,2025-01-02 03:20:00,PAGADA,9999.75
118,118,8,2025-01-02 03:30:00,PAGADA,20823.00
119,119,9,2025-01-02 03:40:00,PAGADA,32469.75
120,120,10,2025-01-02 03:50:00,ANULADA,44940.00
121,121,1,2025-01-02 04:00:00,PAGADA,11646.75
122,122,2,2025-01-02 04:10:00,PAGADA,24117.00
123,123,3,2025-01-02 04:20:00,PAGADA,37410.75
124,124,4,2025-01-02 04:30:00,PAGADA,51528.00
125,125,5,2025-01-02 04:40:00,CREADA,13293.75
126,126,6,2025-01-02 04:50:00,PAGADA,27411.00
127,127,7,2025-01-02 05:00:00,PAGADA,42351.75
128,128,8,2025-01-02 05:10:00,PAGADA,58116.00
129,129,9,2025-01-02 05:20:00,PAGADA,14940.75
130,130,10,2025-01-02 05:30:00,CREADA,30705.00
131,131,1,2025-01-02 05:40:00,PAGADA,47292.75
132,132,2,2025-01-02 05:50:00,PAGADA,64704.00
133,133,3,2025-01-02 06:00:00,PAGADA,16587.75
134,134,4,2025-01-02 06:10:00,PAGADA,33999.00
135,135,5,2025-01-02 06:20:00,CREADA,52233.75
136,136,6,2025-01-02 06:30:00,PAGADA,71292.00
137,137,7,2025-01-02 06:40:00,PAGADA,18234.75
138,138,8,2025-01-02 06:50:00,PAGADA,37293.00
139,139,9,2025-01-02 07:00:00,PAGADA,57174.75
140,140,10,2025-01-02 07:10:00,CREADA,77880.00
141,141,1,2025-01-02 07:20:00,PAGADA,19881.75
142,142,2,2025-01-02 07:30:00,PAGADA,40587.00
143,143,3,2025-01-02 07:40:00,PAGADA,62115.75
144,144,4,2025-01-02 07:50:00,PAGADA,84468.00
145,145,5,2025-01-02 08:00:00,CREADA,21528.75
146,146,6,2025-01-02 08:10:00,PAGADA,43881.00
147,147,7,2025-01-02 08:20:00,PAGADA,67056.75
148,148,8,2025-01-02 08:30:00,PAGADA,91056.00
149,149,9,2025-01-02 08:40:00,PAGADA,23175.75
150,150,10,2025-01-02 08:50:00,ANULADA,47175.00
151,151,1,2025-01-02 09:00:00,PAGADA,71997.75
152,152,2,2025-01-02 09:10:00,PAGADA,97644.00
153,153,3,2025-01-02 09:20:00,PAGADA,24822.75
154,154,4,2025-01-02 09:30:00,PAGADA,50469.00
155,155,5,2025-01-02 09:40:00,CREADA,76938.75
156,156,6,2025-01-02 09:50:00,PAGADA,104232.00
157,157,7,2025-01-02 10:00:00,PAGADA,26469.75
158,158,8,2025-01-02 10:10:00,PAGADA,53763.00
159,159,9,2025-01-02 10:20:00,PAGADA,81879.75
160,160,10,2025-01-02 10:30:00,CREADA,110820.00
161,161,1,2025-01-02 10:40:00,PAGADA,28116.75
162,162,2,2025-01-02 10:50:00,PAGADA,57057.00
163,163,3,2025-01-02 11:00:00,PAGADA,86820.75
164,164,4,2025-01-02 11:10:00,PAGADA,117408.00
165,165,5,2025-01-02 11:20:00,CREADA,29763.75
166,166,6,2025-01-02 11:30:00,PAGADA,60351.00
167,167,7,2025-01-02 11:40:00,PAGADA,91761.75
168,168,8,2025-01-02 11:50:00,PAGADA,123996.00
169,169,9,2025-01-02 12:00:00,PAGADA,31410.75
170,170,10,2025-01-02 12:10:00,CREADA,63645.00
171,171,1,2025-01-02 12:20:00,PAGADA,96702.75
172,172,2,2025-01-02 12:30:00,PAGADA,130584.00
173,173,3,2025-01-02 12:40:00,PAGADA,33057.75
174,174,4,2025-01-02 12:50:00,PAGADA,66939.00
175,175,5,2025-01-02 13:00:00,CREADA,101643.75
176,176,6,2025-01-02 13:10:00,PAGADA,137172.00
177,177,7,2025-01-02 13:20:00,PAGADA,34704.75
178,178,8,2025-01-02 13:30:00,PAGADA,70233.00
179,179,9,2025-01-02 13:40:00,PAGADA,106584.75
180,180,10,2025-01-02 13:50:00,ANULADA,143760.00
181,181,1,2025-01-02 14:00:00,PAGADA,36351.75
182,182,2,2025-01-02 14:10:00,PAGADA,73527.00
183,183,3,2025-01-02 14:20:00,PAGADA,111525.75
184,184,4,2025-01-02 14:30:00,PAGADA,150348.00
185,185,5,2025-01-02 14:40:00,CREADA,37998.75
186,186,6,2025-01-02 14:50:00,PAGADA,76821.00
187,187,7,2025-01-02 15:00:00,PAGADA,116466.75
188,188,8,2025-01-02 15:10:00,PAGADA,156936.00
189,189,9,2025-01-02 15:20:00,PAGADA,39645.75
190,190,10,2025-01-02 15:30:00,CREADA,80115.00
191,191,1,2025-01-02 15:40:00,PAGADA,121407.75
192,192,2,2025-01-02 15:50:00,PAGADA,163524.00
193,193,3,2025-01-02 16:00:00,PAGADA,41292.75
194,194,4,2025-01-02 16:10:00,PAGADA,83409.00
195,195,5,2025-01-02 16:20:00,CREADA,126348.75
196,196,6,2025-01-02 16:30:00,PAGADA,170112.00
197,197,7,2025-01-02 16:40:00,PAGADA,42939.75
198,198,8,2025-01-02 16:50:00,PAGADA,86703.00
199,199,9,2025-01-02 17:00:00,PAGADA,131289.75
200,200,10,2025-01-02 17:10:00,CREADA,176700.00
201,201,1,2025-01-02 17:20:00,PAGADA,3411.75
202,202,2,2025-01-02 17:30:00,PAGADA,7647.00
203,203,3,2025-01-02 17:40:00,PAGADA,12705.75
204,204,4,2025-01-02 17:50:00,PAGADA,18588.00
205,205,5,2025-01-02 18:00:00,CREADA,5058.75
206,206,6,2025-01-02 18:10:00,PAGADA,10941.00
207,207,7,2025-01-02 18:20:00,PAGADA,17646.75
208,208,8,2025-01-02 18:30:00,PAGADA,25176.00
209,209,9,2025-01-02 18:40:00,PAGADA,6705.75
210,210,10,2025-01-02 18:50:00,ANULADA,14235.00
211,211,1,2025-01-02 19:00:00,PAGADA,22587.75
212,212,2,2025-01-02 19:10:00,PAGADA,31764.00
213,213,3,2025-01-02 19:20:00,PAGADA,8352.75
214,214,4,2025-01-02 19:30:00,PAGADA,17529.00
215,215,5,2025-01-02 19:40:00,CREADA,27528.75
216,216,6,2025-01-02 19:50:00,PAGADA,38352.00
217,217,7,2025-01-02 20:00:00,PAGADA,9999.75
218,218,8,2025-01-02 20:10:00,PAGADA,20823.00
219,219,9,2025-01-02 20:20:00,PAGADA,32469.75
220,220,10,2025-01-02 20:30:00,CREADA,44940.00
221,221,1,2025-01-02 20:40:00,PAGADA,11646.75
222,222,2,2025-01-02 20:50:00,PAGADA,24117.00
223,223,3,2025-01-02 21:00:00,PAGADA,37410.75
224,224,4,2025-01-02 21:10:00,PAGADA,51528.00
225,225,5,2025-01-02 21:20:00,CREADA,13293.75
226,226,6,2025-01-02 21:30:00,PAGADA,27411.00
227,227,7,2025-01-02 21:40:00,PAGADA,42351.75
228,228,8,2025-01-02 21:50:00,PAGADA,58116.00
229,229,9,2025-01-02 22:00:00,PAGADA,14940.75
230,230,10,2025-01-02 22:10:00,CREADA,30705.00
231,231,1,2025-01-02 22:20:00,PAGADA,47292.75
232,232,2,2025-01-02 22:30:00,PAGADA,64704.00
233,233,3,2025-01-02 22:40:00,PAGADA,16587.75
234,234,4,2025-01-02 22:50:00,PAGADA,33999.00
235,235,5,2025-01-02 23:00:00,CREADA,52233.75
236,236,6,2025-01-02 23:10:00,PAGADA,71292.00
237,237,7,2025-01-02 23:20:00,PAGADA,18234.75
238,238,8,2025-01-02 23:30:00,PAGADA,37293.00
239,239,9,2025-01-02 23:40:00,PAGADA,57174.75
240,240,10,2025-01-02 23:50:00,ANULADA,77880.00
241,241,1,2025-01-03 00:00:00,PAGADA,19881.75
242,242,2,2025-01-03 00:10:00,PAGADA,40587.00
243,243,3,2025-01-03 00:20:00,PAGADA,62115.75
244,244,4,2025-01-03 00:30:00,PAGADA,84468.00
245,245,5,2025-01-03 00:40:00,CREADA,21528.75
246,246,6,2025-01-03 00:50:00,PAGADA,43881.00
247,247,7,2025-01-03 01:00:00,PAGADA,67056.75
248,248,8,2025-01-03 01:10:00,PAGADA,91056.00
249,249,9,2025-01-03 01:20:00,PAGADA,23175.75
250,250,10,2025-01-03 01:30:00,CREADA,47175.00
251,251,1,2025-01-03 01:40:00,PAGADA,71997.75
252,252,2,2025-01-03 01:50:00,PAGADA,97644.00
253,253,3,2025-01-03 02:00:00,PAGADA,24822.75
254,254,4,2025-01-03 02:10:00,PAGADA,50469.00
255,255,5,2025-01-03 02:20:00,CREADA,76938.75
256,256,6,2025-01-03 02:30:00,PAGADA,104232.00
257,257,7,2025-01-03 02:40:00,PAGADA,26469.75
258,258,8,2025-01-03 02:50:00,PAGADA,53763.00
259,259,9,2025-01-03 03:00:00,PAGADA,81879.75
260,260,10,2025-01-03 03:10:00,CREADA,110820.00
261,261,1,2025-01-03 03:20:00,PAGADA,28116.75
262,262,2,2025-01-03 03:30:00,PAGADA,57057.00
263,263,3,2025-01-03 03:40:00,PAGADA,86820.75
264,264,4,2025-01-03 03:50:00,PAGADA,117408.00
265,265,5,2025-01-03 04:00:00,CREADA,29763.75
266,266,6,2025-01-03 04:10:00,PAGADA,60351.00
267,267,7,2025-01-03 04:20:00,PAGADA,91761.75
268,268,8,2025-01-03 04:30:00,PAGADA,123996.00
269,269,9,2025-01-03 04:40:00,PAGADA,31410.75
270,270,10,2025-01-03 04:50:00,ANULADA,63645.00
271,271,1,2025-01-03 05:00:00,PAGADA,96702.75
272,272,2,2025-01-03 05:10:00,PAGADA,130584.00
273,273,3,2025-01-03 05:20:00,PAGADA,33057.75
274,274,4,2025-01-03 05:30:00,PAGADA,66939.00
275,275,5,2025-01-03 05:40:00,CREADA,101643.75
276,276,6,2025-01-03 05:50:00,PAGADA,137172.00
277,277,7,2025-01-03 06:00:00,PAGADA,34704.75
278,278,8,2025-01-03 06:10:00,PAGADA,70233.00
279,279,9,2025-01-03 06:20:00,PAGADA,106584.75
280,280,10,2025-01-03 06:30:00,CREADA,143760.00
281,281,1,2025-01-03 06:40:00,PAGADA,36351.75
282,282,2,2025-01-03 06:50:00,PAGADA,73527.00
283,283,3,2025-01-03 07:00:00,PAGADA,111525.75
284,284,4,2025-01-03 07:10:00,PAGADA,150348.00
285,285,5,2025-01-03 07:20:00,CREADA,37998.75
286,286,6,2025-01-03 07:30:00,PAGADA,76821.00
287,287,7,2025-01-03 07:40:00,PAGADA,116466.75
288,288,8,2025-01-03 07:50:00,PAGADA,156936.00
289,289,9,2025-01-03 08:00:00,PAGADA,39645.75
290,290,10,2025-01-03 08:10:00,CREADA,80115.00
291,291,1,2025-01-03 08:20:00,PAGADA,121407.75
292,292,2,2025-01-03 08:30:00,PAGADA,163524.00
293,293,3,2025-01-03 08:40:00,PAGADA,41292.75
294,294,4,2025-01-03 08:50:00,PAGADA,83409.00
295,295,5,2025-01-03 09:00:00,CREADA,126348.75
296,296,6,2025-01-03 09:10:00,PAGADA,170112.00
297,297,7,2025-01-03 09:20:00,PAGADA,42939.75
298,298,8,2025-01-03 09:30:00,PAGADA,86703.00
299,299,9,2025-01-03 09:40:00,PAGADA,131289.75
300,300,10,2025-01-03 09:50:00,ANULADA,176700.00
301,301,1,2025-01-03 10:00:00,PAGADA,3411.75
302,302,2,2025-01-03 10:10:00,PAGADA,7647.00
303,303,3,2025-01-03 10:20:00,PAGADA,12705.75
304,304,4,2025-01-03 10:30:00,PAGADA,18588.00
305,305,5,2025-01-03 10:40:00,CREADA,5058.75
306,306,6,2025-01-03 10:50:00,PAGADA,10941.00
307,307,7,2025-01-03 11:00:00,PAGADA,17646.75
308,308,8,2025-01-03 11:10:00,PAGADA,25176.00
309,309,9,2025-01-03 11:20:00,PAGADA,6705.75
310,310,10,2025-01-03 11:30:00,CREADA,14235.00
311,311,1,2025-01-03 11:40:00,PAGADA,22587.75
312,312,2,2025-01-03 11:50:00,PAGADA,31764.00
313,313,3,2025-01-03 12:00:00,PAGADA,8352.75
314,314,4,2025-01-03 12:10:00,PAGADA,17529.00
315,315,5,2025-01-03 12:20:00,CREADA,27528.75
316,316,6,2025-01-03 12:30:00,PAGADA,38352.00
317,317,7,2025-01-03 12:40:00,PAGADA,9999.75
318,318,8,2025-01-03 12:50:00,PAGADA,20823.00
319,319,9,2025-01-03 13:00:00,PAGADA,32469.75
320,320,10,2025-01-03 13:10:00,CREADA,44940.00
321,321,1,2025-01-03 13:20:00,PAGADA,11646.75
322,322,2,2025-01-03 13:30:00,PAGADA,24117.00
323,323,3,2025-01-03 13:40:00,PAGADA,37410.75
324,324,4,2025-01-03 13:50:00,PAGADA,51528.00
325,325,5,2025-01-03 14:00:00,CREADA,13293.75
326,326,6,2025-01-03 14:10:00,PAGADA,27411.00
327,327,7,2025-01-03 14:20:00,PAGADA,42351.75
328,328,8,2025-01-03 14:30:00,PAGADA,58116.00
329,329,9,2025-01-03 14:40:00,PAGADA,14940.75
330,330,10,2025-01-03 14:50:00,ANULADA,30705.00
331,331,1,2025-01-03 15:00:00,PAGADA,47292.75
332,332,2,2025-01-03 15:10:00,PAGADA,64704.00
333,333,3,2025-01-03 15:20:00,PAGADA,16587.75
334,334,4,2025-01-03 15:30:00,PAGADA,33999.00
335,335,5,2025-01-03 15:40:00,CREADA,52233.75
336,336,6,2025-01-03 15:50:00,PAGADA,71292.00
337,337,7,2025-01-03 16:00:00,PAGADA,18234.75
338,338,8,2025-01-03 16:10:00,PAGADA,37293.00
339,339,9,2025-01-03 16:20:00,PAGADA,57174.75
340,340,10,2025-01-03 16:30:00,CREADA,77880.00
341,341,1,2025-01-03 16:40:00,PAGADA,19881.75
342,342,2,2025-01-03 16:50:00,PAGADA,40587.00
343,343,3,2025-01-03 17:00:00,PAGADA,62115.75
344,344,4,2025-01-03 17:10:00,PAGADA,84468.00
345,345,5,2025-01-03 17:20:00,CREADA,21528.75
346,346,6,2025-01-03 17:30:00,PAGADA,43881.00
347,347,7,2025-01-03 17:40:00,PAGADA,67056.75
348,348,8,2025-01-03 17:50:00,PAGADA,91056.00
349,349,9,2025-01-03 18:00:00,PAGADA,23175.75
350,350,10,2025-01-03 18:10:00,CREADA,47175.00
351,351,1,2025-01-03 18:20:00,PAGADA,71997.75
352,352,2,2025-01-03 18:30:00,PAGADA,97644.00
353,353,3,2025-01-03 18:40:00,PAGADA,24822.75
354,354,4,2025-01-03 18:50:00,PAGADA,50469.00
355,355,5,2025-01-03 19:00:00,CREADA,76938.75
356,356,6,2025-01-03 19:10:00,PAGADA,104232.00
357,357,7,2025-01-03 19:20:00,PAGADA,26469.75
358,358,8,2025-01-03 19:30:00,PAGADA,53763.00
359,359,9,2025-01-03 19:40:00,PAGADA,81879.75
360,360,10,2025-01-03 19:50:00,ANULADA,110820.00
361,361,1,2025-01-03 20:00:00,PAGADA,28116.75
362,362,2,2025-01-03 20:10:00,PAGADA,57057.00
363,363,3,2025-01-03 20:20:00,PAGADA,86820.75
364,364,4,2025-01-03 20:30:00,PAGADA,117408.00
365,365,5,2025-01-03 20:40:00,CREADA,29763.75
366,366,6,2025-01-03 20:50:00,PAGADA,60351.00
367,367,7,2025-01-03 21:00:00,PAGADA,91761.75
368,368,8,2025-01-03 21:10:00,PAGADA,123996.00
369,369,9,2025-01-03 21:20:00,PAGADA,31410.75
370,370,10,2025-01-03 21:30:00,CREADA,63645.00
371,371,1,2025-01-03 21:40:00,PAGADA,96702.75
372,372,2,2025-01-03 21:50:00,PAGADA,130584.00
373,373,3,2025-01-03 22:00:00,PAGADA,33057.75
374,374,4,2025-01-03 22:10:00,PAGADA,66939.00
375,375,5,2025-01-03 22:20:00,CREADA,101643.75
376,376,6,2025-01-03 22:30:00,PAGADA,137172.00
377,377,7,2025-01-03 22:40:00,PAGADA,34704.75
378,378,8,2025-01-03 22:50:00,PAGADA,70233.00
379,379,9,2025-01-03 23:00:00,PAGADA,106584.75
380,380,10,2025-01-03 23:10:00,CREADA,143760.00
381,381,1,2025-01-03 23:20:00,PAGADA,36351.75
382,382,2,2025-01-03 23:30:00,PAGADA,73527.00
383,383,3,2025-01-03 23:40:00,PAGADA,111525.75
384,384,4,2025-01-03 23:50:00,PAGADA,150348.00
385,385,5,2025-01-04 00:00:00,CREADA,37998.75
386,386,6,2025-01-04 00:10:00,PAGADA,76821.00
387,387,7,2025-01-04 00:20:00,PAGADA,116466.75
388,388,8,2025-01-04 00:30:00,PAGADA,156936.00
389,389,9,2025-01-04 00:40:00,PAGADA,39645.75
390,390,10,2025-01-04 00:50:00,ANULADA,80115.00
391,391,1,2025-01-04 01:00:00,PAGADA,121407.75
392,392,2,2025-01-04 01:10:00,PAGADA,163524.00
393,393,3,2025-01-04 01:20:00,PAGADA,41292.75
394,394,4,2025-01-04 01:30:00,PAGADA,83409.00
395,395,5,2025-01-04 01:40:00,CREADA,126348.75
396,396,6,2025-01-04 01:50:00,PAGADA,170112.00
397,397,7,2025-01-04 02:00:00,PAGADA,42939.75
398,398,8,2025-01-04 02:10:00,PAGADA,86703.00
399,399,9,2025-01-04 02:20:00,PAGADA,131289.75
400,400,10,2025-01-04 02:30:00,CREADA,176700.00
401,401,1,2025-01-04 02:40:00,PAGADA,3411.75
402,402,2,2025-01-04 02:50:00,PAGADA,7647.00
403,403,3,2025-01-04 03:00:00,PAGADA,12705.75
404,404,4,2025-01-04 03:10:00,PAGADA,18588.00
405,405,5,2025-01-04 03:20:00,CREADA,5058.75
406,406,6,2025-01-04 03:30:00,PAGADA,10941.00
407,407,7,2025-01-04 03:40:00,PAGADA,17646.75
408,408,8,2025-01-04 03:50:00,PAGADA,25176.00
409,409,9,2025-01-04 04:00:00,PAGADA,6705.75
410,410,10,2025-01-04 04:10:00,CREADA,14235.00
411,411,1,2025-01-04 04:20:00,PAGADA,22587.75
412,412,2,2025-01-04 04:30:00,PAGADA,31764.00
413,413,3,2025-01-04 04:40:00,PAGADA,8352.75
414,414,4,2025-01-04 04:50:00,PAGADA,17529.00
415,415,5,2025-01-04 05:00:00,CREADA,27528.75
416,416,6,2025-01-04 05:10:00,PAGADA,38352.00
417,417,7,2025-01-04 05:20:00,PAGADA,9999.75
418,418,8,2025-01-04 05:30:00,PAGADA,20823.00
419,419,9,2025-01-04 05:40:00,PAGADA,32469.75
420,420,10,2025-01-04 05:50:00,ANULADA,44940.00
421,421,1,2025-01-04 06:00:00,PAGADA,11646.75
422,422,2,2025-01-04 06:10:00,PAGADA,24117.00
423,423,3,2025-01-04 06:20:00,PAGADA,37410.75
424,424,4,2025-01-04 06:30:00,PAGADA,51528.00
425,425,5,2025-01-04 06:40:00,CREADA,13293.75
426,426,6,2025-01-04 06:50:00,PAGADA,27411.00
427,427,7,2025-01-04 07:00:00,PAGADA,42351.75
428,428,8,2025-01-04 07:10:00,PAGADA,58116.00
429,429,9,2025-01-04 07:20:00,PAGADA,14940.75
430,430,10,2025-01-04 07:30:00,CREADA,30705.00
431,431,1,2025-01-04 07:40:00,PAGADA,47292.75
432,432,2,2025-01-04 07:50:00,PAGADA,64704.00
433,433,3,2025-01-04 08:00:00,PAGADA,16587.75
434,434,4,2025-01-04 08:10:00,PAGADA,33999.00
435,435,5,2025-01-04 08:20:00,CREADA,52233.75
436,436,6,2025-01-04 08:30:00,PAGADA,71292.00
437,437,7,2025-01-04 08:40:00,PAGADA,18234.75
438,438,8,2025-01-04 08:50:00,PAGADA,37293.00
439,439,9,2025-01-04 09:00:00,PAGADA,57174.75
440,440,10,2025-01-04 09:10:00,CREADA,77880.00
441,441,1,2025-01-04 09:20:00,PAGADA,19881.75
442,442,2,2025-01-04 09:30:00,PAGADA,40587.00
443,443,3,2025-01-04 09:40:00,PAGADA,62115.75
444,444,4,2025-01-04 09:50:00,PAGADA,84468.00
445,445,5,2025-01-04 10:00:00,CREADA,21528.75
446,446,6,2025-01-04 10:10:00,PAGADA,43881.00
447,447,7,2025-01-04 10:20:00,PAGADA,67056.75
448,448,8,2025-01-04 10:30:00,PAGADA,91056.00
449,449,9,2025-01-04 10:40:00,PAGADA,23175.75
450,450,10,2025-01-04 10:50:00,ANULADA,47175.00
451,451,1,2025-01-04 11:00:00,PAGADA,71997.75
452,452,2,2025-01-04 11:10:00,PAGADA,97644.00
453,453,3,2025-01-04 11:20:00,PAGADA,24822.75
454,454,4,2025-01-04 11:30:00,PAGADA,50469.00
455,455,5,2025-01-04 11:40:00,CREADA,76938.75
456,456,6,2025-01-04 11:50:00,PAGADA,104232.00
457,457,7,2025-01-04 12:00:00,PAGADA,26469.75
458,458,8,2025-01-04 12:10:00,PAGADA,53763.00
459,459,9,2025-01-04 12:20:00,PAGADA,81879.75
460,460,10,2025-01-04 12:30:00,CREADA,110820.00
461,461,1,2025-01-04 12:40:00,PAGADA,28116.75
462,462,2,2025-01-04 12:50:00,PAGADA,57057.00
463,463,3,2025-01-04 13:00:00,PAGADA,86820.75
464,464,4,2025-01-04 13:10:00,PAGADA,117408.00
465,465,5,2025-01-04 13:20:00,CREADA,29763.75
466,466,6,2025-01-04 13:30:00,PAGADA,60351.00
467,467,7,2025-01-04 13:40:00,PAGADA,91761.75
468,468,8,2025-01-04 13:50:00,PAGADA,123996.00
469,469,9,2025-01-04 14:00:00,PAGADA,31410.75
470,470,10,2025-01-04 14:10:00,CREADA,63645.00
471,471,1,2025-01-04 14:20:00,PAGADA,96702.75
472,472,2,2025-01-04 14:30:00,PAGADA,130584.00
473,473,3,2025-01-04 14:40:00,PAGADA,33057.75
474,474,4,2025-01-04 14:50:00,PAGADA,66939.00
475,475,5,2025-01-04 15:00:00,CREADA,101643.75
476,476,6,2025-01-04 15:10:00,PAGADA,137172.00
477,477,7,2025-01-04 15:20:00,PAGADA,34704.75
478,478,8,2025-01-04 15:30:00,PAGADA,70233.00
479,479,9,2025-01-04 15:40:00,PAGADA,106584.75
480,480,10,2025-01-04 15:50:00,ANULADA,143760.00
481,481,1,2025-01-04 16:00:00,PAGADA,36351.75
482,482,2,2025-01-04 16:10:00,PAGADA,73527.00
483,483,3,2025-01-04 16:20:00,PAGADA,111525.75
484,484,4,2025-01-04 16:30:00,PAGADA,150348.00
485,485,5,2025-01-04 16:40:00,CREADA,37998.75
486,486,6,2025-01-04 16:50:00,PAGADA,76821.00
487,487,7,2025-01-04 17:00:00,PAGADA,116466.75
488,488,8,2025-01-04 17:10:00,PAGADA,156936.00
489,489,9,2025-01-04 17:20:00,PAGADA,39645.75
490,490,10,2025-01-04 17:30:00,CREADA,80115.00
491,491,1,2025-01-04 17:40:00,PAGADA,121407.75
492,492,2,2025-01-04 17:50:00,PAGADA,163524.00
493,493,3,2025-01-04 18:00:00,PAGADA,41292.75
494,494,4,2025-01-04 18:10:00,PAGADA,83409.00
495,495,5,2025-01-04 18:20:00,CREADA,126348.75
496,496,6,2025-01-04 18:30:00,PAGADA,170112.00
497,497,7,2025-01-04 18:40:00,PAGADA,42939.75
498,498,8,2025-01-04 18:50:00,PAGADA,86703.00
499,499,9,2025-01-04 19:00:00,PAGADA,131289.75
500,500,10,2025-01-04 19:10:00,CREADA,176700.00
501,1,1,2025-01-04 19:20:00,PAGADA,3411.75
502,2,2,2025-01-04 19:30:00,PAGADA,7647.00
503,3,3,2025-01-04 19:40:00,PAGADA,12705.75
504,4,4,2025-01-04 19:50:00,PAGADA,18588.00
505,5,5,2025-01-04 20:00:00,CREADA,5058.75
506,6,6,2025-01-04 20:10:00,PAGADA,10941.00
507,7,7,2025-01-04 20:20:00,PAGADA,17646.75
508,8,8,2025-01-04 20:30:00,PAGADA,25176.00
509,9,9,2025-01-04 20:40:00,PAGADA,6705.75
510,10,10,2025-01-04 20:50:00,ANULADA,14235.00
511,11,1,2025-01-04 21:00:00,PAGADA,22587.75
512,12,2,2025-01-04 21:10:00,PAGADA,31764.00
513,13,3,2025-01-04 21:20:00,PAGADA,8352.75
514,14,4,2025-01-04 21:30:00,PAGADA,17529.00
515,15,5,2025-01-04 21:40:00,CREADA,27528.75
516,16,6,2025-01-04 21:50:00,PAGADA,38352.00
517,17,7,2025-01-04 22:00:00,PAGADA,9999.75
518,18,8,2025-01-04 22:10:00,PAGADA,20823.00
519,19,9,2025-01-04 22:20:00,PAGADA,32469.75
520,20,10,2025-01-04 22:30:00,CREADA,44940.00
521,21,1,2025-01-04 22:40:00,PAGADA,11646.75
522,22,2,2025-01-04 22:50:00,PAGADA,24117.00
523,23,3,2025-01-04 23:00:00,PAGADA,37410.75
524,24,4,2025-01-04 23:10:00,PAGADA,51528.00
525,25,5,2025-01-04 23:20:00,CREADA,13293.75
526,26,6,2025-01-04 23:30:00,PAGADA,27411.00
527,27,7,2025-01-04 23:40:00,PAGADA,42351.75
528,28,8,2025-01-04 23:50:00,PAGADA,58116.00
529,29,9,2025-01-05 00:00:00,PAGADA,14940.75
530,30,10,2025-01-05 00:10:00,CREADA,30705.00
531,31,1,2025-01-05 00:20:00,PAGADA,47292.75
532,32,2,2025-01-05 00:30:00,PAGADA,64704.00
533,33,3,2025-01-05 00:40:00,PAGADA,16587.75
534,34,4,2025-01-05 00:50:00,PAGADA,33999.00
535,35,5,2025-01-05 01:00:00,CREADA,52233.75
536,36,6,2025-01-05 01:10:00,PAGADA,71292.00
537,37,7,2025-01-05 01:20:00,PAGADA,18234.75
538,38,8,2025-01-05 01:30:00,PAGADA,37293.00
539,39,9,2025-01-05 01:40:00,PAGADA,57174.75
540,40,10,2025-01-05 01:50:00,ANULADA,77880.00
541,41,1,2025-01-05 02:00:00,PAGADA,19881.75
542,42,2,2025-01-05 02:10:00,PAGADA,40587.00
543,43,3,2025-01-05 02:20:00,PAGADA,62115.75
544,44,4,2025-01-05 02:30:00,PAGADA,84468.00
545,45,5,2025-01-05 02:40:00,CREADA,21528.75
546,46,6,2025-01-05 02:50:00,PAGADA,43881.00
547,47,7,2025-01-05 03:00:00,PAGADA,67056.75
548,48,8,2025-01-05 03:10:00,PAGADA,91056.00
549,49,9,2025-01-05 03:20:00,PAGADA,23175.75
550,50,10,2025-01-05 03:30:00,CREADA,47175.00
551,51,1,2025-01-05 03:40:00,PAGADA,71997.75
552,52,2,2025-01-05 03:50:00,PAGADA,97644.00
553,53,3,2025-01-05 04:00:00,PAGADA,24822.75
554,54,4,2025-01-05 04:10:00,PAGADA,50469.00
555,55,5,2025-01-05 04:20:00,CREADA,76938.75
556,56,6,2025-01-05 04:30:00,PAGADA,104232.00
557,57,7,2025-01-05 04:40:00,PAGADA,26469.75
558,58,8,2025-01-05 04:50:00,PAGADA,53763.00
559,59,9,2025-01-05 05:00:00,PAGADA,81879.75
560,60,10,2025-01-05 05:10:00,CREADA,110820.00
561,61,1,2025-01-05 05:20:00,PAGADA,28116.75
562,62,2,2025-01-05 05:30:00,PAGADA,57057.00
563,63,3,2025-01-05 05:40:00,PAGADA,86820.75
564,64,4,2025-01-05 05:50:00,PAGADA,117408.00
565,65,5,2025-01-05 06:00:00,CREADA,29763.75
566,66,6,2025-01-05 06:10:00,PAGADA,60351.00
567,67,7,2025-01-05 06:20:00,PAGADA,91761.75
568,68,8,2025-01-05 06:30:00,PAGADA,123996.00
569,69,9,2025-01-05 06:40:00,PAGADA,31410.75
570,70,10,2025-01-05 06:50:00,ANULADA,63645.00
571,71,1,2025-01-05 07:00:00,PAGADA,96702.75
572,72,2,2025-01-05 07:10:00,PAGADA,130584.00
573,73,3,2025-01-05 07:20:00,PAGADA,33057.75
574,74,4,2025-01-05 07:30:00,PAGADA,66939.00
575,75,5,2025-01-05 07:40:00,CREADA,101643.75
576,76,6,2025-01-05 07:50:00,PAGADA,137172.00
577,77,7,2025-01-05 08:00:00,PAGADA,34704.75
578,78,8,2025-01-05 08:10:00,PAGADA,70233.00
579,79,9,2025-01-05 08:20:00,PAGADA,106584.75
580,80,10,2025-01-05 08:30:00,CREADA,143760.00
581,81,1,2025-01-05 08:40:00,PAGADA,36351.75
582,82,2,2025-01-05 08:50:00,PAGADA,73527.00
583,83,3,2025-01-05 09:00:00,PAGADA,111525.75
584,84,4,2025-01-05 09:10:00,PAGADA,150348.00
585,85,5,2025-01-05 09:20:00,CREADA,37998.75
586,86,6,2025-01-05 09:30:00,PAGADA,76821.00
587,87,7,2025-01-05 09:40:00,PAGADA,116466.75
588,88,8,2025-01-05 09:50:00,PAGADA,156936.00
589,89,9,2025-01-05 10:00:00,PAGADA,39645.75
590,90,10,2025-01-05 10:10:00,CREADA,80115.00
591,91,1,2025-01-05 10:20:00,PAGADA,121407.75
592,92,2,2025-01-05 10:30:00,PAGADA,163524.00
593,93,3,2025-01-05 10:40:00,PAGADA,41292.75
594,94,4,2025-01-05 10:50:00,PAGADA,83409.00
595,95,5,2025-01-05 11:00:00,CREADA,126348.75
596,96,6,2025-01-05 11:10:00,PAGADA,170112.00
597,97,7,2025-01-05 11:20:00,PAGADA,42939.75
598,98,8,2025-01-05 11:30:00,PAGADA,86703.00
599,99,9,2025-01-05 11:40:00,PAGADA,131289.75
600,100,10,2025-01-05 11:50:00,ANULADA,176700.00
601,101,1,2025-01-05 12:00:00,PAGADA,3411.75
602,102,2,2025-01-05 12:10:00,PAGADA,7647.00
603,103,3,2025-01-05 12:20:00,PAGADA,12705.75
604,104,4,2025-01-05 12:30:00,PAGADA,18588.00
605,105,5,2025-01-05 12:40:00,CREADA,5058.75
606,106,6,2025-01-05 12:50:00,PAGADA,10941.00
607,107,7,2025-01-05 13:00:00,PAGADA,17646.75
608,108,8,2025-01-05 13:10:00,PAGADA,25176.00
609,109,9,2025-01-05 13:20:00,PAGADA,6705.75
610,110,10,2025-01-05 13:30:00,CREADA,14235.00
611,111,1,2025-01-05 13:40:00,PAGADA,22587.75
612,112,2,2025-01-05 13:50:00,PAGADA,31764.00
613,113,3,2025-01-05 14:00:00,PAGADA,8352.75
614,114,4,2025-01-05 14:10:00,PAGADA,17529.00
615,115,5,2025-01-05 14:20:00,CREADA,27528.75
616,116,6,2025-01-05 14:30:00,PAGADA,38352.00
617,117,7,2025-01-05 14:40:00,PAGADA,9999.75
618,118,8,2025-01-05 14:50:00,PAGADA,20823.00
619,119,9,2025-01-05 15:00:00,PAGADA,32469.75
620,120,10,2025-01-05 15:10:00,CREADA,44940.00
621,121,1,2025-01-05 15:20:00,PAGADA,11646.75
622,122,2,2025-01-05 15:30:00,PAGADA,24117.00
623,123,3,2025-01-05 15:40:00,PAGADA,37410.75
624,124,4,2025-01-05 15:50:00,PAGADA,51528.00
625,125,5,2025-01-05 16:00:00,CREADA,13293.75
626,126,6,2025-01-05 16:10:00,PAGADA,27411.00
627,127,7,2025-01-05 16:20:00,PAGADA,42351.75
628,128,8,2025-01-05 16:30:00,PAGADA,58116.00
629,129,9,2025-01-05 16:40:00,PAGADA,14940.75
630,130,10,2025-01-05 16:50:00,ANULADA,30705.00
631,131,1,2025-01-05 17:00:00,PAGADA,47292.75
632,132,2,2025-01-05 17:10:00,PAGADA,64704.00
633,133,3,2025-01-05 17:20:00,PAGADA,16587.75
634,134,4,2025-01-05 17:30:00,PAGADA,33999.00
635,135,5,2025-01-05 17:40:00,CREADA,52233.75
636,136,6,2025-01-05 17:50:00,PAGADA,71292.00
637,137,7,2025-01-05 18:00:00,PAGADA,18234.75
638,138,8,2025-01-05 18:10:00,PAGADA,37293.00
639,139,9,2025-01-05 18:20:00,PAGADA,57174.75
640,140,10,2025-01-05 18:30:00,CREADA,77880.00
641,141,1,2025-01-05 18:40:00,PAGADA,19881.75
642,142,2,2025-01-05 18:50:00,PAGADA,40587.00
643,143,3,2025-01-05 19:00:00,PAGADA,62115.75
644,144,4,2025-01-05 19:10:00,PAGADA,84468.00
645,145,5,2025-01-05 19:20:00,CREADA,21528.75
646,146,6,2025-01-05 19:30:00,PAGADA,43881.00
647,147,7,2025-01-05 19:40:00,PAGADA,67056.75
648,148,8,2025-01-05 19:50:00,PAGADA,91056.00
649,149,9,2025-01-05 20:00:00,PAGADA,23175.75
650,150,10,2025-01-05 20:10:00,CREADA,47175.00
651,151,1,2025-01-05 20:20:00,PAGADA,71997.75
652,152,2,2025-01-05 20:30:00,PAGADA,97644.00
653,153,3,2025-01-05 20:40:00,PAGADA,24822.75
654,154,4,2025-01-05 20:50:00,PAGADA,50469.00
655,155,5,2025-01-05 21:00:00,CREADA,76938.75
656,156,6,2025-01-05 21:10:00,PAGADA,104232.00
657,157,7,2025-01-05 21:20:00,PAGADA,26469.75
658,158,8,2025-01-05 21:30:00,PAGADA,53763.00
659,159,9,2025-01-05 21:40:00,PAGADA,81879.75
660,160,10,2025-01-05 21:50:00,ANULADA,110820.00
661,161,1,2025-01-05 22:00:00,PAGADA,28116.75
662,162,2,2025-01-05 22:10:00,PAGADA,57057.00
663,163,3,2025-01-05 22:20:00,PAGADA,86820.75
664,164,4,2025-01-05 22:30:00,PAGADA,117408.00
665,165,5,2025-01-05 22:40:00,CREADA,29763.75
666,166,6,2025-01-05 22:50:00,PAGADA,60351.00
667,167,7,2025-01-05 23:00:00,PAGADA,91761.75
668,168,8,2025-01-05 23:10:00,PAGADA,123996.00
669,169,9,2025-01-05 23:20:00,PAGADA,31410.75
670,170,10,2025-01-05 23:30:00,CREADA,63645.00
671,171,1,2025-01-05 23:40:00,PAGADA,96702.75
672,172,2,2025-01-05 23:50:00,PAGADA,130584.00
673,173,3,2025-01-06 00:00:00,PAGADA,33057.75
674,174,4,2025-01-06 00:10:00,PAGADA,66939.00
675,175,5,2025-01-06 00:20:00,CREADA,101643.75
676,176,6,2025-01-06 00:30:00,PAGADA,137172.00
677,177,7,2025-01-06 00:40:00,PAGADA,34704.75
678,178,8,2025-01-06 00:50:00,PAGADA,70233.00
679,179,9,2025-01-06 01:00:00,PAGADA,106584.75
680,180,10,2025-01-06 01:10:00,CREADA,143760.00
681,181,1,2025-01-06 01:20:00,PAGADA,36351.75
682,182,2,2025-01-06 01:30:00,PAGADA,73527.00
683,183,3,2025-01-06 01:40:00,PAGADA,111525.75
684,184,4,2025-01-06 01:50:00,PAGADA,150348.00
685,185,5,2025-01-06 02:00:00,CREADA,37998.75
686,186,6,2025-01-06 02:10:00,PAGADA,76821.00
687,187,7,2025-01-06 02:20:00,PAGADA,116466.75
688,188,8,2025-01-06 02:30:00,PAGADA,156936.00
689,189,9,2025-01-06 02:40:00,PAGADA,39645.75
690,190,10,2025-01-06 02:50:00,ANULADA,80115.00
691,191,1,2025-01-06 03:00:00,PAGADA,121407.75
692,192,2,2025-01-06 03:10:00,PAGADA,163524.00
693,193,3,2025-01-06 03:20:00,PAGADA,41292.75
694,194,4,2025-01-06 03:30:00,PAGADA,83409.00
695,195,5,2025-01-06 03:40:00,CREADA,126348.75
696,196,6,2025-01-06 03:50:00,PAGADA,170112.00
697,197,7,2025-01-06 04:00:00,PAGADA,42939.75
698,198,8,2025-01-06 04:10:00,PAGADA,86703.00
699,199,9,2025-01-06 04:20:00,PAGADA,131289.75
700,200,10,2025-01-06 04:30:00,CREADA,176700.00
701,201,1,2025-01-06 04:40:00,PAGADA,3411.75
702,202,2,2025-01-06 04:50:00,PAGADA,7647.00
703,203,3,2025-01-06 05:00:00,PAGADA,12705.75
704,204,4,2025-01-06 05:10:00,PAGADA,18588.00
705,205,5,2025-01-06 05:20:00,CREADA,5058.75
706,206,6,2025-01-06 05:30:00,PAGADA,10941.00
707,207,7,2025-01-06 05:40:00,PAGADA,17646.75
708,208,8,2025-01-06 05:50:00,PAGADA,25176.00
709,209,9,2025-01-06 06:00:00,PAGADA,6705.75
710,210,10,2025-01-06 06:10:00,CREADA,14235.00
711,211,1,2025-01-06 06:20:00,PAGADA,22587.75
712,212,2,2025-01-06 06:30:00,PAGADA,31764.00
713,213,3,2025-01-06 06:40:00,PAGADA,8352.75
714,214,4,2025-01-06 06:50:00,PAGADA,17529.00
715,215,5,2025-01-06 07:00:00,CREADA,27528.75
716,216,6,2025-01-06 07:10:00,PAGADA,38352.00
717,217,7,2025-01-06 07:20:00,PAGADA,9999.75
718,218,8,2025-01-06 07:30:00,PAGADA,20823.00
719,219,9,2025-01-06 07:40:00,PAGADA,32469.75
720,220,10,2025-01-06 07:50:00,ANULADA,44940.00
721,221,1,2025-01-06 08:00:00,PAGADA,11646.75
722,222,2,2025-01-06 08:10:00,PAGADA,24117.00
723,223,3,2025-01-06 08:20:00,PAGADA,37410.75
724,224,4,2025-01-06 08:30:00,PAGADA,51528.00
725,225,5,2025-01-06 08:40:00,CREADA,13293.75
726,226,6,2025-01-06 08:50:00,PAGADA,27411.00
727,227,7,2025-01-06 09:00:00,PAGADA,42351.75
728,228,8,2025-01-06 09:10:00,PAGADA,58116.00
729,229,9,2025-01-06 09:20:00,PAGADA,14940.75
730,230,10,2025-01-06 09:30:00,CREADA,30705.00
731,231,1,2025-01-06 09:40:00,PAGADA,47292.75
732,232,2,2025-01-06 09:50:00,PAGADA,64704.00
733,233,3,2025-01-06 10:00:00,PAGADA,16587.75
734,234,4,2025-01-06 10:10:00,PAGADA,33999.00
735,235,5,2025-01-06 10:20:00,CREADA,52233.75
736,236,6,2025-01-06 10:30:00,PAGADA,71292.00
737,237,7,2025-01-06 10:40:00,PAGADA,18234.75
738,238,8,2025-01-06 10:50:00,PAGADA,37293.00
739,239,9,2025-01-06 11:00:00,PAGADA,57174.75
740,240,10,2025-01-06 11:10:00,CREADA,77880.00
741,241,1,2025-01-06 11:20:00,PAGADA,19881.75
742,242,2,2025-01-06 11:30:00,PAGADA,40587.00
743,243,3,2025-01-06 11:40:00,PAGADA,62115.75
744,244,4,2025-01-06 11:50:00,PAGADA,84468.00
745,245,5,2025-01-06 12:00:00,CREADA,21528.75
746,246,6,2025-01-06 12:10:00,PAGADA,43881.00
747,247,7,2025-01-06 12:20:00,PAGADA,67056.75
748,248,8,2025-01-06 12:30:00,PAGADA,91056.00
749,249,9,2025-01-06 12:40:00,PAGADA,23175.75
750,250,10,2025-01-06 12:50:00,ANULADA,47175.00
751,251,1,2025-01-06 13:00:00,PAGADA,71997.75
752,252,2,2025-01-06 13:10:00,PAGADA,97644.00
753,253,3,2025-01-06 13:20:00,PAGADA,24822.75
754,254,4,2025-01-06 13:30:00,PAGADA,50469.00
755,255,5,2025-01-06 13:40:00,CREADA,76938.75
756,256,6,2025-01-06 13:50:00,PAGADA,104232.00
757,257,7,2025-01-06 14:00:00,PAGADA,26469.75
758,258,8,2025-01-06 14:10:00,PAGADA,53763.00
759,259,9,2025-01-06 14:20:00,PAGADA,81879.75
760,260,10,2025-01-06 14:30:00,CREADA,110820.00
761,261,1,2025-01-06 14:40:00,PAGADA,28116.75
762,262,2,2025-01-06 14:50:00,PAGADA,57057.00
763,263,3,2025-01-06 15:00:00,PAGADA,86820.75
764,264,4,2025-01-06 15:10:00,PAGADA,117408.00
765,265,5,2025-01-06 15:20:00,CREADA,29763.75
766,266,6,2025-01-06 15:30:00,PAGADA,60351.00
767,267,7,2025-01-06 15:40:00,PAGADA,91761.75
768,268,8,2025-01-06 15:50:00,PAGADA,123996.00
769,269,9,2025-01-06 16:00:00,PAGADA,31410.75
770,270,10,2025-01-06 16:10:00,CREADA,63645.00
771,271,1,2025-01-06 16:20:00,PAGADA,96702.75
772,272,2,2025-01-06 16:30:00,PAGADA,130584.00
773,273,3,2025-01-06 16:40:00,PAGADA,33057.75
774,274,4,2025-01-06 16:50:00,PAGADA,66939.00
775,275,5,2025-01-06 17:00:00,CREADA,101643.75
776,276,6,2025-01-06 17:10:00,PAGADA,137172.00
777,277,7,2025-01-06 17:20:00,PAGADA,34704.75
778,278,8,2025-01-06 17:30:00,PAGADA,70233.00
779,279,9,2025-01-06 17:40:00,PAGADA,106584.75
780,280,10,2025-01-06 17:50:00,ANULADA,143760.00
781,281,1,2025-01-06 18:00:00,PAGADA,36351.75
782,282,2,2025-01-06 18:10:00,PAGADA,73527.00
783,283,3,2025-01-06 18:20:00,PAGADA,111525.75
784,284,4,2025-01-06 18:30:00,PAGADA,150348.00
785,285,5,2025-01-06 18:40:00,CREADA,37998.75
786,286,6,2025-01-06 18:50:00,PAGADA,76821.00
787,287,7,2025-01-06 19:00:00,PAGADA,116466.75
788,288,8,2025-01-06 19:10:00,PAGADA,156936.00
789,289,9,2025-01-06 19:20:00,PAGADA,39645.75
790,290,10,2025-01-06 19:30:00,CREADA,80115.00
791,291,1,2025-01-06 19:40:00,PAGADA,121407.75
792,292,2,2025-01-06 19:50:00,PAGADA,163524.00
793,293,3,2025-01-06 20:00:00,PAGADA,41292.75
794,294,4,2025-01-06 20:10:00,PAGADA,83409.00
795,295,5,2025-01-06 20:20:00,CREADA,126348.75
796,296,6,2025-01-06 20:30:00,PAGADA,170112.00
797,297,7,2025-01-06 20:40:00,PAGADA,42939.75
798,298,8,2025-01-06 20:50:00,PAGADA,86703.00
799,299,9,2025-01-06 21:00:00,PAGADA,131289.75
800,300,10,2025-01-06 21:10:00,CREADA,176700.00
801,301,1,2025-01-06 21:20:00,PAGADA,3411.75
802,302,2,2025-01-06 21:30:00,PAGADA,7647.00
803,303,3,2025-01-06 21:40:00,PAGADA,12705.75
804,304,4,2025-01-06 21:50:00,PAGADA,18588.00
805,305,5,2025-01-06 22:00:00,CREADA,5058.75
806,306,6,2025-01-06 22:10:00,PAGADA,10941.00
807,307,7,2025-01-06 22:20:00,PAGADA,17646.75
808,308,8,2025-01-06 22:30:00,PAGADA,25176.00
809,309,9,2025-01-06 22:40:00,PAGADA,6705.75
810,310,10,2025-01-06 22:50:00,ANULADA,14235.00
811,311,1,2025-01-06 23:00:00,PAGADA,22587.75
812,312,2,2025-01-06 23:10:00,PAGADA,31764.00
813,313,3,2025-01-06 23:20:00,PAGADA,8352.75
814,314,4,2025-01-06 23:30:00,PAGADA,17529.00
815,315,5,2025-01-06 23:40:00,CREADA,27528.75
816,316,6,2025-01-06 23:50:00,PAGADA,38352.00
817,317,7,2025-01-07 00:00:00,PAGADA,9999.75
818,318,8,2025-01-07 00:10:00,PAGADA,20823.00
819,319,9,2025-01-07 00:20:00,PAGADA,32469.75
820,320,10,2025-01-07 00:30:00,CREADA,44940.00
821,321,1,2025-01-07 00:40:00,PAGADA,11646.75
822,322,2,2025-01-07 00:50:00,PAGADA,24117.00
823,323,3,2025-01-07 01:00:00,PAGADA,37410.75
824,324,4,2025-01-07 01:10:00,PAGADA,51528.00
825,325,5,2025-01-07 01:20:00,CREADA,13293.75
826,326,6,2025-01-07 01:30:00,PAGADA,27411.00
827,327,7,2025-01-07 01:40:00,PAGADA,42351.75
828,328,8,2025-01-07 01:50:00,PAGADA,58116.00
829,329,9,2025-01-07 02:00:00,PAGADA,14940.75
830,330,10,2025-01-07 02:10:00,CREADA,30705.00
831,331,1,2025-01-07 02:20:00,PAGADA,47292.75
832,332,2,2025-01-07 02:30:00,PAGADA,64704.00
833,333,3,2025-01-07 02:40:00,PAGADA,16587.75
834,334,4,2025-01-07 02:50:00,PAGADA,33999.00
835,335,5,2025-01-07 03:00:00,CREADA,52233.75
836,336,6,2025-01-07 03:10:00,PAGADA,71292.00
837,337,7,2025-01-07 03:20:00,PAGADA,18234.75
838,338,8,2025-01-07 03:30:00,PAGADA,37293.00
839,339,9,2025-01-07 03:40:00,PAGADA,57174.75
840,340,10,2025-01-07 03:50:00,ANULADA,77880.00
841,341,1,2025-01-07 04:00:00,PAGADA,19881.75
842,342,2,2025-01-07 04:10:00,PAGADA,40587.00
843,343,3,2025-01-07 04:20:00,PAGADA,62115.75
844,344,4,2025-01-07 04:30:00,PAGADA,84468.00
845,345,5,2025-01-07 04:40:00,CREADA,21528.75
846,346,6,2025-01-07 04:50:00,PAGADA,43881.00
847,347,7,2025-01-07 05:00:00,PAGADA,67056.75
848,348,8,2025-01-07 05:10:00,PAGADA,91056.00
849,349,9,2025-01-07 05:20:00,PAGADA,23175.75
850,350,10,2025-01-07 05:30:00,CREADA,47175.00
851,351,1,2025-01-07 05:40:00,PAGADA,71997.75
852,352,2,2025-01-07 05:50:00,PAGADA,97644.00
853,353,3,2025-01-07 06:00:00,PAGADA,24822.75
854,354,4,2025-01-07 06:10:00,PAGADA,50469.00
855,355,5,2025-01-07 06:20:00,CREADA,76938.75
856,356,6,2025-01-07 06:30:00,PAGADA,104232.00
857,357,7,2025-01-07 06:40:00,PAGADA,26469.75
858,358,8,2025-01-07 06:50:00,PAGADA,53763.00
859,359,9,2025-01-07 07:00:00,PAGADA,81879.75
860,360,10,2025-01-07 07:10:00,CREADA,110820.00
861,361,1,2025-01-07 07:20:00,PAGADA,28116.75
862,362,2,2025-01-07 07:30:00,PAGADA,57057.00
863,363,3,2025-01-07 07:40:00,PAGADA,86820.75
864,364,4,2025-01-07 07:50:00,PAGADA,117408.00
865,365,5,2025-01-07 08:00:00,CREADA,29763.75
866,366,6,2025-01-07 08:10:00,PAGADA,60351.00
867,367,7,2025-01-07 08:20:00,PAGADA,91761.75
868,368,8,2025-01-07 08:30:00,PAGADA,123996.00
869,369,9,2025-01-07 08:40:00,PAGADA,31410.75
870,370,10,2025-01-07 08:50:00,ANULADA,63645.00
871,371,1,2025-01-07 09:00:00,PAGADA,96702.75
872,372,2,2025-01-07 09:10:00,PAGADA,130584.00
873,373,3,2025-01-07 09:20:00,PAGADA,33057.75
874,374,4,2025-01-07 09:30:00,PAGADA,66939.00
875,375,5,2025-01-07 09:40:00,CREADA,101643.75
876,376,6,2025-01-07 09:50:00,PAGADA,137172.00
877,377,7,2025-01-07 10:00:00,PAGADA,34704.75
878,378,8,2025-01-07 10:10:00,PAGADA,70233.00
879,379,9,2025-01-07 10:20:00,PAGADA,106584.75
880,380,10,2025-01-07 10:30:00,CREADA,143760.00
881,381,1,2025-01-07 10:40:00,PAGADA,36351.75
882,382,2,2025-01-07 10:50:00,PAGADA,73527.00
883,383,3,2025-01-07 11:00:00,PAGADA,111525.75
884,384,4,2025-01-07 11:10:00,PAGADA,150348.00
885,385,5,2025-01-07 11:20:00,CREADA,37998.75
886,386,6,2025-01-07 11:30:00,PAGADA,76821.00
887,387,7,2025-01-07 11:40:00,PAGADA,116466.75
888,388,8,2025-01-07 11:50:00,PAGADA,156936.00
889,389,9,2025-01-07 12:00:00,PAGADA,39645.75
890,390,10,2025-01-07 12:10:00,CREADA,80115.00
891,391,1,2025-01-07 12:20:00,PAGADA,121407.75
892,392,2,2025-01-07 12:30:00,PAGADA,163524.00
893,393,3,2025-01-07 12:40:00,PAGADA,41292.75
894,394,4,2025-01-07 12:50:00,PAGADA,83409.00
895,395,5,2025-01-07 13:00:00,CREADA,126348.75
896,396,6,2025-01-07 13:10:00,PAGADA,170112.00
897,397,7,2025-01-07 13:20:00,PAGADA,42939.75
898,398,8,2025-01-07 13:30:00,PAGADA,86703.00
899,399,9,2025-01-07 13:40:00,PAGADA,131289.75
900,400,10,2025-01-07 13:50:00,ANULADA,176700.00
901,401,1,2025-01-07 14:00:00,PAGADA,3411.75
902,402,2,2025-01-07 14:10:00,PAGADA,7647.00
903,403,3,2025-01-07 14:20:00,PAGADA,12705.75
904,404,4,2025-01-07 14:30:00,PAGADA,18588.00
905,405,5,2025-01-07 14:40:00,CREADA,5058.75
906,406,6,2025-01-07 14:50:00,PAGADA,10941.00
907,407,7,2025-01-07 15:00:00,PAGADA,17646.75
908,408,8,2025-01-07 15:10:00,PAGADA,25176.00
909,409,9,2025-01-07 15:20:00,PAGADA,6705.75
910,410,10,2025-01-07 15:30:00,CREADA,14235.00
911,411,1,2025-01-07 15:40:00,PAGADA,22587.75
912,412,2,2025-01-07 15:50:00,PAGADA,31764.00
913,413,3,2025-01-07 16:00:00,PAGADA,8352.75
914,414,4,2025-01-07 16:10:00,PAGADA,17529.00
915,415,5,2025-01-07 16:20:00,CREADA,27528.75
916,416,6,2025-01-07 16:30:00,PAGADA,38352.00
917,417,7,2025-01-07 16:40:00,PAGADA,9999.75
918,418,8,2025-01-07 16:50:00,PAGADA,20823.00
919,419,9,2025-01-07 17:00:00,PAGADA,32469.75
920,420,10,2025-01-07 17:10:00,CREADA,44940.00
921,421,1,2025-01-07 17:20:00,PAGADA,11646.75
922,422,2,2025-01-07 17:30:00,PAGADA,24117.00
923,423,3,2025-01-07 17:40:00,PAGADA,37410.75
924,424,4,2025-01-07 17:50:00,PAGADA,51528.00
925,425,5,2025-01-07 18:00:00,CREADA,13293.75
926,426,6,2025-01-07 18:10:00,PAGADA,27411.00
927,427,7,2025-01-07 18:20:00,PAGADA,42351.75
928,428,8,2025-01-07 18:30:00,PAGADA,58116.00
929,429,9,2025-01-07 18:40:00,PAGADA,14940.75
930,430,10,2025-01-07 18:50:00,ANULADA,30705.00
931,431,1,2025-01-07 19:00:00,PAGADA,47292.75
932,432,2,2025-01-07 19:10:00,PAGADA,64704.00
933,433,3,2025-01-07 19:20:00,PAGADA,16587.75
934,434,4,2025-01-07 19:30:00,PAGADA,33999.00
935,435,5,2025-01-07 19:40:00,CREADA,52233.75
936,436,6,2025-01-07 19:50:00,PAGADA,71292.00
937,437,7,2025-01-07 20:00:00,PAGADA,18234.75
938,438,8,2025-01-07 20:10:00,PAGADA,37293.00
939,439,9,2025-01-07 20:20:00,PAGADA,57174.75
940,440,10,2025-01-07 20:30:00,CREADA,77880.00
941,441,1,2025-01-07 20:40:00,PAGADA,19881.75
942,442,2,2025-01-07 20:50:00,PAGADA,40587.00
943,443,3,2025-01-07 21:00:00,PAGADA,62115.75
944,444,4,2025-01-07 21:10:00,PAGADA,84468.00
945,445,5,2025-01-07 21:20:00,CREADA,21528.75
946,446,6,2025-01-07 21:30:00,PAGADA,43881.00
947,447,7,2025-01-07 21:40:00,PAGADA,67056.75
948,448,8,2025-01-07 21:50:00,PAGADA,91056.00
949,449,9,2025-01-07 22:00:00,PAGADA,23175.75
950,450,10,2025-01-07 22:10:00,CREADA,47175.00
951,451,1,2025-01-07 22:20:00,PAGADA,71997.75
952,452,2,2025-01-07 22:30:00,PAGADA,97644.00
953,453,3,2025-01-07 22:40:00,PAGADA,24822.75
954,454,4,2025-01-07 22:50:00,PAGADA,50469.00
955,455,5,2025-01-07 23:00:00,CREADA,76938.75
956,456,6,2025-01-07 23:10:00,PAGADA,104232.00
957,457,7,2025-01-07 23:20:00,PAGADA,26469.75
958,458,8,2025-01-07 23:30:00,PAGADA,53763.00
959,459,9,2025-01-07 23:40:00,PAGADA,81879.75
960,460,10,2025-01-07 23:50:00,ANULADA,110820.00
961,461,1,2025-01-08 00:00:00,PAGADA,28116.75
962,462,2,2025-01-08 00:10:00,PAGADA,57057.00
963,463,3,2025-01-08 00:20:00,PAGADA,86820.75
964,464,4,2025-01-08 00:30:00,PAGADA,117408.00
965,465,5,2025-01-08 00:40:00,CREADA,29763.75
966,466,6,2025-01-08 00:50:00,PAGADA,60351.00
967,467,7,2025-01-08 01:00:00,PAGADA,91761.75
968,468,8,2025-01-08 01:10:00,PAGADA,123996.00
969,469,9,2025-01-08 01:20:00,PAGADA,31410.75
970,470,10,2025-01-08 01:30:00,CREADA,63645.00
971,471,1,2025-01-08 01:40:00,PAGADA,96702.75
972,472,2,2025-01-08 01:50:00,PAGADA,130584.00
973,473,3,2025-01-08 02:00:00,PAGADA,33057.75
974,474,4,2025-01-08 02:10:00,PAGADA,66939.00
975,475,5,2025-01-08 02:20:00,CREADA,101643.75
976,476,6,2025-01-08 02:30:00,PAGADA,137172.00
977,477,7,2025-01-08 02:40:00,PAGADA,34704.75
978,478,8,2025-01-08 02:50:00,PAGADA,70233.00
979,479,9,2025-01-08 03:00:00,PAGADA,106584.75
980,480,10,2025-01-08 03:10:00,CREADA,143760.00
981,481,1,2025-01-08 03:20:00,PAGADA,36351.75
982,482,2,2025-01-08 03:30:00,PAGADA,73527.00
983,483,3,2025-01-08 03:40:00,PAGADA,111525.75
984,484,4,2025-01-08 03:50:00,PAGADA,150348.00
985,485,5,2025-01-08 04:00:00,CREADA,37998.75
986,486,6,2025-01-08 04:10:00,PAGADA,76821.00
987,487,7,2025-01-08 04:20:00,PAGADA,116466.75
988,488,8,2025-01-08 04:30:00,PAGADA,156936.00
989,489,9,2025-01-08 04:40:00,PAGADA,39645.75
990,490,10,2025-01-08 04:50:00,ANULADA,80115.00
991,491,1,2025-01-08 05:00:00,PAGADA,121407.75
992,492,2,2025-01-08 05:10:00,PAGADA,163524.00
993,493,3,2025-01-08 05:20:00,PAGADA,41292.75
994,494,4,2025-01-08 05:30:00,PAGADA,83409.00
995,495,5,2025-01-08 05:40:00,CREADA,126348.75
996,496,6,2025-01-08 05:50:00,PAGADA,170112.00
997,497,7,2025-01-08 06:00:00,PAGADA,42939.75
998,498,8,2025-01-08 06:10:00,PAGADA,86703.00
999,499,9,2025-01-08 06:20:00,PAGADA,131289.75
1000,500,10,2025-01-08 06:30:00,CREADA,176700.00
1001,1,1,2025-01-08 06:40:00,PAGADA,3411.75
1002,2,2,2025-01-08 06:50:00,PAGADA,7647.00
1003,3,3,2025-01-08 07:00:00,PAGADA,12705.75
1004,4,4,2025-01-08 07:10:00,PAGADA,18588.00
1005,5,5,2025-01-08 07:20:00,CREADA,5058.75
1006,6,6,2025-01-08 07:30:00,PAGADA,10941.00
1007,7,7,2025-01-08 07:40:00,PAGADA,17646.75
1008,8,8,2025-01-08 07:50:00,PAGADA,25176.00
1009,9,9,2025-01-08 08:00:00,PAGADA,6705.75
1010,10,10,2025-01-08 08:10:00,CREADA,14235.00
1011,11,1,2025-01-08 08:20:00,PAGADA,22587.75
1012,12,2,2025-01-08 08:30:00,PAGADA,31764.00
1013,13,3,2025-01-08 08:40:00,PAGADA,8352.75
1014,14,4,2025-01-08 08:50:00,PAGADA,17529.00
1015,15,5,2025-01-08 09:00:00,CREADA,27528.75
1016,16,6,2025-01-08 09:10:00,PAGADA,38352.00
1017,17,7,2025-01-08 09:20:00,PAGADA,9999.75
1018,18,8,2025-01-08 09:30:00,PAGADA,20823.00
1019,19,9,2025-01-08 09:40:00,PAGADA,32469.75
1020,20,10,2025-01-08 09:50:00,ANULADA,44940.00
1021,21,1,2025-01-08 10:00:00,PAGADA,11646.75
1022,22,2,2025-01-08 10:10:00,PAGADA,24117.00
1023,23,3,2025-01-08 10:20:00,PAGADA,37410.75
1024,24,4,2025-01-08 10:30:00,PAGADA,51528.00
1025,25,5,2025-01-08 10:40:00,CREADA,13293.75
1026,26,6,2025-01-08 10:50:00,PAGADA,27411.00
1027,27,7,2025-01-08 11:00:00,PAGADA,42351.75
1028,28,8,2025-01-08 11:10:00,PAGADA,58116.00
1029,29,9,2025-01-08 11:20:00,PAGADA,14940.75
1030,30,10,2025-01-08 11:30:00,CREADA,30705.00
1031,31,1,2025-01-08 11:40:00,PAGADA,47292.75
1032,32,2,2025-01-08 11:50:00,PAGADA,64704.00
1033,33,3,2025-01-08 12:00:00,PAGADA,16587.75
1034,34,4,2025-01-08 12:10:00,PAGADA,33999.00
1035,35,5,2025-01-08 12:20:00,CREADA,52233.75
1036,36,6,2025-01-08 12:30:00,PAGADA,71292.00
1037,37,7,2025-01-08 12:40:00,PAGADA,18234.75
1038,38,8,2025-01-08 12:50:00,PAGADA,37293.00
1039,39,9,2025-01-08 13:00:00,PAGADA,57174.75
1040,40,10,2025-01-08 13:10:00,CREADA,77880.00
1041,41,1,2025-01-08 13:20:00,PAGADA,19881.75
1042,42,2,2025-01-08 13:30:00,PAGADA,40587.00
1043,43,3,2025-01-08 13:40:00,PAGADA,62115.75
1044,44,4,2025-01-08 13:50:00,PAGADA,84468.00
1045,45,5,2025-01-08 14:00:00,CREADA,21528.75
1046,46,6,2025-01-08 14:10:00,PAGADA,43881.00
1047,47,7,2025-01-08 14:20:00,PAGADA,67056.75
1048,48,8,2025-01-08 14:30:00,PAGADA,91056.00
1049,49,9,2025-01-08 14:40:00,PAGADA,23175.75
1050,50,10,2025-01-08 14:50:00,ANULADA,47175.00
1051,51,1,2025-01-08 15:00:00,PAGADA,71997.75
1052,52,2,2025-01-08 15:10:00,PAGADA,97644.00
1053,53,3,2025-01-08 15:20:00,PAGADA,24822.75
1054,54,4,2025-01-08 15:30:00,PAGADA,50469.00
1055,55,5,2025-01-08 15:40:00,CREADA,76938.75
1056,56,6,2025-01-08 15:50:00,PAGADA,104232.00
1057,57,7,2025-01-08 16:00:00,PAGADA,26469.75
1058,58,8,2025-01-08 16:10:00,PAGADA,53763.00
1059,59,9,2025-01-08 16:20:00,PAGADA,81879.75
1060,60,10,2025-01-08 16:30:00,CREADA,110820.00
1061,61,1,2025-01-08 16:40:00,PAGADA,28116.75
1062,62,2,2025-01-08 16:50:00,PAGADA,57057.00
1063,63,3,2025-01-08 17:00:00,PAGADA,86820.75
1064,64,4,2025-01-08 17:10:00,PAGADA,117408.00
1065,65,5,2025-01-08 17:20:00,CREADA,29763.75
1066,66,6,2025-01-08 17:30:00,PAGADA,60351.00
1067,67,7,2025-01-08 17:40:00,PAGADA,91761.75
1068,68,8,2025-01-08 17:50:00,PAGADA,123996.00
1069,69,9,2025-01-08 18:00:00,PAGADA,31410.75
1070,70,10,2025-01-08 18:10:00,CREADA,63645.00
1071,71,1,2025-01-08 18:20:00,PAGADA,96702.75
1072,72,2,2025-01-08 18:30:00,PAGADA,130584.00
1073,73,3,2025-01-08 18:40:00,PAGADA,33057.75
1074,74,4,2025-01-08 18:50:00,PAGADA,66939.00
1075,75,5,2025-01-08 19:00:00,CREADA,101643.75
1076,76,6,2025-01-08 19:10:00,PAGADA,137172.00
1077,77,7,2025-01-08 19:20:00,PAGADA,34704.75
1078,78,8,2025-01-08 19:30:00,PAGADA,70233.00
1079,79,9,2025-01-08 19:40:00,PAGADA,106584.75
1080,80,10,2025-01-08 19:50:00,ANULADA,143760.00
1081,81,1,2025-01-08 20:00:00,PAGADA,36351.75
1082,82,2,2025-01-08 20:10:00,PAGADA,73527.00
1083,83,3,2025-01-08 20:20:00,PAGADA,111525.75
1084,84,4,2025-01-08 20:30:00,PAGADA,150348.00
1085,85,5,2025-01-08 20:40:00,CREADA,37998.75
1086,86,6,2025-01-08 20:50:00,PAGADA,76821.00
1087,87,7,2025-01-08 21:00:00,PAGADA,116466.75
1088,88,8,2025-01-08 21:10:00,PAGADA,156936.00
1089,89,9,2025-01-08 21:20:00,PAGADA,39645.75
1090,90,10,2025-01-08 21:30:00,CREADA,80115.00
1091,91,1,2025-01-08 21:40:00,PAGADA,121407.75
1092,92,2,2025-01-08 21:50:00,PAGADA,163524.00
1093,93,3,2025-01-08 22:00:00,PAGADA,41292.75
1094,94,4,2025-01-08 22:10:00,PAGADA,83409.00
1095,95,5,2025-01-08 22:20:00,CREADA,126348.75
1096,96,6,2025-01-08 22:30:00,PAGADA,170112.00
1097,97,7,2025-01-08 22:40:00,PAGADA,42939.75
1098,98,8,2025-01-08 22:50:00,PAGADA,86703.00
1099,99,9,2025-01-08 23:00:00,PAGADA,131289.75
1100,100,10,2025-01-08 23:10:00,CREADA,176700.00
1101,101,1,2025-01-08 23:20:00,PAGADA,3411.75
1102,102,2,2025-01-08 23:30:00,PAGADA,7647.00
1103,103,3,2025-01-08 23:40:00,PAGADA,12705.75
1104,104,4,2025-01-08 23:50:00,PAGADA,18588.00
1105,105,5,2025-01-09 00:00:00,CREADA,5058.75
1106,106,6,2025-01-09 00:10:00,PAGADA,10941.00
1107,107,7,2025-01-09 00:20:00,PAGADA,17646.75
1108,108,8,2025-01-09 00:30:00,PAGADA,25176.00
1109,109,9,2025-01-09 00:40:00,PAGADA,6705.75
1110,110,10,2025-01-09 00:50:00,ANULADA,14235.00
1111,111,1,2025-01-09 01:00:00,PAGADA,22587.75
1112,112,2,2025-01-09 01:10:00,PAGADA,31764.00
1113,113,3,2025-01-09 01:20:00,PAGADA,8352.75
1114,114,4,2025-01-09 01:30:00,PAGADA,17529.00
1115,115,5,2025-01-09 01:40:00,CREADA,27528.75
1116,116,6,2025-01-09 01:50:00,PAGADA,38352.00
1117,117,7,2025-01-09 02:00:00,PAGADA,9999.75
1118,118,8,2025-01-09 02:10:00,PAGADA,20823.00
1119,119,9,2025-01-09 02:20:00,PAGADA,32469.75
1120,120,10,2025-01-09 02:30:00,CREADA,44940.00
1121,121,1,2025-01-09 02:40:00,PAGADA,11646.75
1122,122,2,2025-01-09 02:50:00,PAGADA,24117.00
1123,123,3,2025-01-09 03:00:00,PAGADA,37410.75
1124,124,4,2025-01-09 03:10:00,PAGADA,51528.00
1125,125,5,2025-01-09 03:20:00,CREADA,13293.75
1126,126,6,2025-01-09 03:30:00,PAGADA,27411.00
1127,127,7,2025-01-09 03:40:00,PAGADA,42351.75
1128,128,8,2025-01-09 03:50:00,PAGADA,58116.00
1129,129,9,2025-01-09 04:00:00,PAGADA,14940.75
1130,130,10,2025-01-09 04:10:00,CREADA,30705.00
1131,131,1,2025-01-09 04:20:00,PAGADA,47292.75
1132,132,2,2025-01-09 04:30:00,PAGADA,64704.00
1133,133,3,2025-01-09 04:40:00,PAGADA,16587.75
1134,134,4,2025-01-09 04:50:00,PAGADA,33999.00
1135,135,5,2025-01-09 05:00:00,CREADA,52233.75
1136,136,6,2025-01-09 05:10:00,PAGADA,71292.00
1137,137,7,2025-01-09 05:20:00,PAGADA,18234.75
1138,138,8,2025-01-09 05:30:00,PAGADA,37293.00
1139,139,9,2025-01-09 05:40:00,PAGADA,57174.75
1140,140,10,2025-01-09 05:50:00,ANULADA,77880.00
1141,141,1,2025-01-09 06:00:00,PAGADA,19881.75
1142,142,2,2025-01-09 06:10:00,PAGADA,40587.00
1143,143,3,2025-01-09 06:20:00,PAGADA,62115.75
1144,144,4,2025-01-09 06:30:00,PAGADA,84468.00
1145,145,5,2025-01-09 06:40:00,CREADA,21528.75
1146,146,6,2025-01-09 06:50:00,PAGADA,43881.00
1147,147,7,2025-01-09 07:00:00,PAGADA,67056.75
1148,148,8,2025-01-09 07:10:00,PAGADA,91056.00
1149,149,9,2025-01-09 07:20:00,PAGADA,23175.75
1150,150,10,2025-01-09 07:30:00,CREADA,47175.00
1151,151,1,2025-01-09 07:40:00,PAGADA,71997.75
1152,152,2,2025-01-09 07:50:00,PAGADA,97644.00
1153,153,3,2025-01-09 08:00:00,PAGADA,24822.75
1154,154,4,2025-01-09 08:10:00,PAGADA,50469.00
1155,155,5,2025-01-09 08:20:00,CREADA,76938.75
1156,156,6,2025-01-09 08:30:00,PAGADA,104232.00
1157,157,7,2025-01-09 08:40:00,PAGADA,26469.75
1158,158,8,2025-01-09 08:50:00,PAGADA,53763.00
1159,159,9,2025-01-09 09:00:00,PAGADA,81879.75
1160,160,10,2025-01-09 09:10:00,CREADA,110820.00
1161,161,1,2025-01-09 09:20:00,PAGADA,28116.75
1162,162,2,2025-01-09 09:30:00,PAGADA,57057.00
1163,163,3,2025-01-09 09:40:00,PAGADA,86820.75
1164,164,4,2025-01-09 09:50:00,PAGADA,117408.00
1165,165,5,2025-01-09 10:00:00,CREADA,29763.75
1166,166,6,2025-01-09 10:10:00,PAGADA,60351.00
1167,167,7,2025-01-09 10:20:00,PAGADA,91761.75
1168,168,8,2025-01-09 10:30:00,PAGADA,123996.00
1169,169,9,2025-01-09 10:40:00,PAGADA,31410.75
1170,170,10,2025-01-09 10:50:00,ANULADA,63645.00
1171,171,1,2025-01-09 11:00:00,PAGADA,96702.75
1172,172,2,2025-01-09 11:10:00,PAGADA,130584.00
1173,173,3,2025-01-09 11:20:00,PAGADA,33057.75
1174,174,4,2025-01-09 11:30:00,PAGADA,66939.00
1175,175,5,2025-01-09 11:40:00,CREADA,101643.75
1176,176,6,2025-01-09 11:50:00,PAGADA,137172.00
1177,177,7,2025-01-09 12:00:00,PAGADA,34704.75
1178,178,8,2025-01-09 12:10:00,PAGADA,70233.00
1179,179,9,2025-01-09 12:20:00,PAGADA,106584.75
1180,180,10,2025-01-09 12:30:00,CREADA,143760.00
1181,181,1,2025-01-09 12:40:00,PAGADA,36351.75
1182,182,2,2025-01-09 12:50:00,PAGADA,73527.00
1183,183,3,2025-01-09 13:00:00,PAGADA,111525.75
1184,184,4,2025-01-09 13:10:00,PAGADA,150348.00
1185,185,5,2025-01-09 13:20:00,CREADA,37998.75
1186,186,6,2025-01-09 13:30:00,PAGADA,76821.00
1187,187,7,2025-01-09 13:40:00,PAGADA,116466.75
1188,188,8,2025-01-09 13:50:00,PAGADA,156936.00
1189,189,9,2025-01-09 14:00:00,PAGADA,39645.75
1190,190,10,2025-01-09 14:10:00,CREADA,80115.00
1191,191,1,2025-01-09 14:20:00,PAGADA,121407.75
1192,192,2,2025-01-09 14:30:00,PAGADA,163524.00
1193,193,3,2025-01-09 14:40:00,PAGADA,41292.75
1194,194,4,2025-01-09 14:50:00,PAGADA,83409.00
1195,195,5,2025-01-09 15:00:00,CREADA,126348.75
1196,196,6,2025-01-09 15:10:00,PAGADA,170112.00
1197,197,7,2025-01-09 15:20:00,PAGADA,42939.75
1198,198,8,2025-01-09 15:30:00,PAGADA,86703.00
1199,199,9,2025-01-09 15:40:00,PAGADA,131289.75
1200,200,10,2025-01-09 15:50:00,ANULADA,176700.00
1201,201,1,2025-01-09 16:00:00,PAGADA,3411.75
1202,202,2,2025-01-09 16:10:00,PAGADA,7647.00
1203,203,3,2025-01-09 16:20:00,PAGADA,12705.75
1204,204,4,2025-01-09 16:30:00,PAGADA,18588.00
1205,205,5,2025-01-09 16:40:00,CREADA,5058.75
1206,206,6,2025-01-09 16:50:00,PAGADA,10941.00
1207,207,7,2025-01-09 17:00:00,PAGADA,17646.75
1208,208,8,2025-01-09 17:10:00,PAGADA,25176.00
1209,209,9,2025-01-09 17:20:00,PAGADA,6705.75
1210,210,10,2025-01-09 17:30:00,CREADA,14235.00
1211,211,1,2025-01-09 17:40:00,PAGADA,22587.75
1212,212,2,2025-01-09 17:50:00,PAGADA,31764.00
1213,213,3,2025-01-09 18:00:00,PAGADA,8352.75
1214,214,4,2025-01-09 18:10:00,PAGADA,17529.00
1215,215,5,2025-01-09 18:20:00,CREADA,27528.75
1216,216,6,2025-01-09 18:30:00,PAGADA,38352.00
1217,217,7,2025-01-09 18:40:00,PAGADA,9999.75
1218,218,8,2025-01-09 18:50:00,PAGADA,20823.00
1219,219,9,2025-01-09 19:00:00,PAGADA,32469.75
1220,220,10,2025-01-09 19:10:00,CREADA,44940.00
1221,221,1,2025-01-09 19:20:00,PAGADA,11646.75
1222,222,2,2025-01-09 19:30:00,PAGADA,24117.00
1223,223,3,2025-01-09 19:40:00,PAGADA,37410.75
1224,224,4,2025-01-09 19:50:00,PAGADA,51528.00
1225,225,5,2025-01-09 20:00:00,CREADA,13293.75
1226,226,6,2025-01-09 20:10:00,PAGADA,27411.00
1227,227,7,2025-01-09 20:20:00,PAGADA,42351.75
1228,228,8,2025-01-09 20:30:00,PAGADA,58116.00
1229,229,9,2025-01-09 20:40:00,PAGADA,14940.75
1230,230,10,2025-01-09 20:50:00,ANULADA,30705.00
1231,231,1,2025-01-09 21:00:00,PAGADA,47292.75
1232,232,2,2025-01-09 21:10:00,PAGADA,64704.00
1233,233,3,2025-01-09 21:20:00,PAGADA,16587.75
1234,234,4,2025-01-09 21:30:00,PAGADA,33999.00
1235,235,5,2025-01-09 21:40:00,CREADA,52233.75
1236,236,6,2025-01-09 21:50:00,PAGADA,71292.00
1237,237,7,2025-01-09 22:00:00,PAGADA,18234.75
1238,238,8,2025-01-09 22:10:00,PAGADA,37293.00
1239,239,9,2025-01-09 22:20:00,PAGADA,57174.75
1240,240,10,2025-01-09 22:30:00,CREADA,77880.00
1241,241,1,2025-01-09 22:40:00,PAGADA,19881.75
1242,242,2,2025-01-09 22:50:00,PAGADA,40587.00
1243,243,3,2025-01-09 23:00:00,PAGADA,62115.75
1244,244,4,2025-01-09 23:10:00,PAGADA,84468.00
1245,245,5,2025-01-09 23:20:00,CREADA,21528.75
1246,246,6,2025-01-09 23:30:00,PAGADA,43881.00
1247,247,7,2025-01-09 23:40:00,PAGADA,67056.75
1248,248,8,2025-01-09 23:50:00,PAGADA,91056.00
1249,249,9,2025-01-10 00:00:00,PAGADA,23175.75
1250,250,10,2025-01-10 00:10:00,CREADA,47175.00
1251,251,1,2025-01-10 00:20:00,PAGADA,71997.75
1252,252,2,2025-01-10 00:30:00,PAGADA,97644.00
1253,253,3,2025-01-10 00:40:00,PAGADA,24822.75
1254,254,4,2025-01-10 00:50:00,PAGADA,50469.00
1255,255,5,2025-01-10 01:00:00,CREADA,76938.75
1256,256,6,2025-01-10 01:10:00,PAGADA,104232.00
1257,257,7,2025-01-10 01:20:00,PAGADA,26469.75
1258,258,8,2025-01-10 01:30:00,PAGADA,53763.00
1259,259,9,2025-01-10 01:40:00,PAGADA,81879.75
1260,260,10,2025-01-10 01:50:00,ANULADA,110820.00
1261,261,1,2025-01-10 02:00:00,PAGADA,28116.75
1262,262,2,2025-01-10 02:10:00,PAGADA,57057.00
1263,263,3,2025-01-10 02:20:00,PAGADA,86820.75
1264,264,4,2025-01-10 02:30:00,PAGADA,117408.00
1265,265,5,2025-01-10 02:40:00,CREADA,29763.75
1266,266,6,2025-01-10 02:50:00,PAGADA,60351.00
1267,267,7,2025-01-10 03:00:00,PAGADA,91761.75
1268,268,8,2025-01-10 03:10:00,PAGADA,123996.00
1269,269,9,2025-01-10 03:20:00,PAGADA,31410.75
1270,270,10,2025-01-10 03:30:00,CREADA,63645.00
1271,271,1,2025-01-10 03:40:00,PAGADA,96702.75
1272,272,2,2025-01-10 03:50:00,PAGADA,130584.00
1273,273,3,2025-01-10 04:00:00,PAGADA,33057.75
1274,274,4,2025-01-10 04:10:00,PAGADA,66939.00
1275,275,5,2025-01-10 04:20:00,CREADA,101643.75
1276,276,6,2025-01-10 04:30:00,PAGADA,137172.00
1277,277,7,2025-01-10 04:40:00,PAGADA,34704.75
1278,278,8,2025-01-10 04:50:00,PAGADA,70233.00
1279,279,9,2025-01-10 05:00:00,PAGADA,106584.75
1280,280,10,2025-01-10 05:10:00,CREADA,143760.00
1281,281,1,2025-01-10 05:20:00,PAGADA,36351.75
1282,282,2,2025-01-10 05:30:00,PAGADA,73527.00
1283,283,3,2025-01-10 05:40:00,PAGADA,111525.75
1284,284,4,2025-01-10 05:50:00,PAGADA,150348.00
1285,285,5,2025-01-10 06:00:00,CREADA,37998.75
1286,286,6,2025-01-10 06:10:00,PAGADA,76821.00
1287,287,7,2025-01-10 06:20:00,PAGADA,116466.75
1288,288,8,2025-01-10 06:30:00,PAGADA,156936.00
1289,289,9,2025-01-10 06:40:00,PAGADA,39645.75
1290,290,10,2025-01-10 06:50:00,ANULADA,80115.00
1291,291,1,2025-01-10 07:00:00,PAGADA,121407.75
1292,292,2,2025-01-10 07:10:00,PAGADA,163524.00
1293,293,3,2025-01-10 07:20:00,PAGADA,41292.75
1294,294,4,2025-01-10 07:30:00,PAGADA,83409.00
1295,295,5,2025-01-10 07:40:00,CREADA,126348.75
1296,296,6,2025-01-10 07:50:00,PAGADA,170112.00
1297,297,7,2025-01-10 08:00:00,PAGADA,42939.75
1298,298,8,2025-01-10 08:10:00,PAGADA,86703.00
1299,299,9,2025-01-10 08:20:00,PAGADA,131289.75
1300,300,10,2025-01-10 08:30:00,CREADA,176700.00
1301,301,1,2025-01-10 08:40:00,PAGADA,3411.75
1302,302,2,2025-01-10 08:50:00,PAGADA,7647.00
1303,303,3,2025-01-10 09:00:00,PAGADA,12705.75
1304,304,4,2025-01-10 09:10:00,PAGADA,18588.00
1305,305,5,2025-01-10 09:20:00,CREADA,5058.75
1306,306,6,2025-01-10 09:30:00,PAGADA,10941.00
1307,307,7,2025-01-10 09:40:00,PAGADA,17646.75
1308,308,8,2025-01-10 09:50:00,PAGADA,25176.00
1309,309,9,2025-01-10 10:00:00,PAGADA,6705.75
1310,310,10,2025-01-10 10:10:00,CREADA,14235.00
1311,311,1,2025-01-10 10:20:00,PAGADA,22587.75
1312,312,2,2025-01-10 10:30:00,PAGADA,31764.00
1313,313,3,2025-01-10 10:40:00,PAGADA,8352.75
1314,314,4,2025-01-10 10:50:00,PAGADA,17529.00
1315,315,5,2025-01-10 11:00:00,CREADA,27528.75
1316,316,6,2025-01-10 11:10:00,PAGADA,38352.00
1317,317,7,2025-01-10 11:20:00,PAGADA,9999.75
1318,318,8,2025-01-10 11:30:00,PAGADA,20823.00
1319,319,9,2025-01-10 11:40:00,PAGADA,32469.75
1320,320,10,2025-01-10 11:50:00,ANULADA,44940.00
1321,321,1,2025-01-10 12:00:00,PAGADA,11646.75
1322,322,2,2025-01-10 12:10:00,PAGADA,24117.00
1323,323,3,2025-01-10 12:20:00,PAGADA,37410.75
1324,324,4,2025-01-10 12:30:00,PAGADA,51528.00
1325,325,5,2025-01-10 12:40:00,CREADA,13293.75
1326,326,6,2025-01-10 12:50:00,PAGADA,27411.00
1327,327,7,2025-01-10 13:00:00,PAGADA,42351.75
1328,328,8,2025-01-10 13:10:00,PAGADA,58116.00
1329,329,9,2025-01-10 13:20:00,PAGADA,14940.75
1330,330,10,2025-01-10 13:30:00,CREADA,30705.00
1331,331,1,2025-01-10 13:40:00,PAGADA,47292.75
1332,332,2,2025-01-10 13:50:00,PAGADA,64704.00
1333,333,3,2025-01-10 14:00:00,PAGADA,16587.75
1334,334,4,2025-01-10 14:10:00,PAGADA,33999.00
1335,335,5,2025-01-10 14:20:00,CREADA,52233.75
1336,336,6,2025-01-10 14:30:00,PAGADA,71292.00
1337,337,7,2025-01-10 14:40:00,PAGADA,18234.75
1338,338,8,2025-01-10 14:50:00,PAGADA,37293.00
1339,339,9,2025-01-10 15:00:00,PAGADA,57174.75
1340,340,10,2025-01-10 15:10:00,CREADA,77880.00
1341,341,1,2025-01-10 15:20:00,PAGADA,19881.75
1342,342,2,2025-01-10 15:30:00,PAGADA,40587.00
1343,343,3,2025-01-10 15:40:00,PAGADA,62115.75
1344,344,4,2025-01-10 15:50:00,PAGADA,84468.00
1345,345,5,2025-01-10 16:00:00,CREADA,21528.75
1346,346,6,2025-01-10 16:10:00,PAGADA,43881.00
1347,347,7,2025-01-10 16:20:00,PAGADA,67056.75
1348,348,8,2025-01-10 16:30:00,PAGADA,91056.00
1349,349,9,2025-01-10 16:40:00,PAGADA,23175.75
1350,350,10,2025-01-10 16:50:00,ANULADA,47175.00
1351,351,1,2025-01-10 17:00:00,PAGADA,71997.75
1352,352,2,2025-01-10 17:10:00,PAGADA,97644.00
1353,353,3,2025-01-10 17:20:00,PAGADA,24822.75
1354,354,4,2025-01-10 17:30:00,PAGADA,50469.00
1355,355,5,2025-01-10 17:40:00,CREADA,76938.75
1356,356,6,2025-01-10 17:50:00,PAGADA,104232.00
1357,357,7,2025-01-10 18:00:00,PAGADA,26469.75
1358,358,8,2025-01-10 18:10:00,PAGADA,53763.00
1359,359,9,2025-01-10 18:20:00,PAGADA,81879.75
1360,360,10,2025-01-10 18:30:00,CREADA,110820.00
1361,361,1,2025-01-10 18:40:00,PAGADA,28116.75
1362,362,2,2025-01-10 18:50:00,PAGADA,57057.00
1363,363,3,2025-01-10 19:00:00,PAGADA,86820.75
1364,364,4,2025-01-10 19:10:00,PAGADA,117408.00
1365,365,5,2025-01-10 19:20:00,CREADA,29763.75
1366,366,6,2025-01-10 19:30:00,PAGADA,60351.00
1367,367,7,2025-01-10 19:40:00,PAGADA,91761.75
1368,368,8,2025-01-10 19:50:00,PAGADA,123996.00
1369,369,9,2025-01-10 20:00:00,PAGADA,31410.75
1370,370,10,2025-01-10 20:10:00,CREADA,63645.00
1371,371,1,2025-01-10 20:20:00,PAGADA,96702.75
1372,372,2,2025-01-10 20:30:00,PAGADA,130584.00
1373,373,3,2025-01-10 20:40:00,PAGADA,33057.75
1374,374,4,2025-01-10 20:50:00,PAGADA,66939.00
1375,375,5,2025-01-10 21:00:00,CREADA,101643.75
1376,376,6,2025-01-10 21:10:00,PAGADA,137172.00
1377,377,7,2025-01-10 21:20:00,PAGADA,34704.75
1378,378,8,2025-01-10 21:30:00,PAGADA,70233.00
1379,379,9,2025-01-10 21:40:00,PAGADA,106584.75
1380,380,10,2025-01-10 21:50:00,ANULADA,143760.00
1381,381,1,2025-01-10 22:00:00,PAGADA,36351.75
1382,382,2,2025-01-10 22:10:00,PAGADA,73527.00
1383,383,3,2025-01-10 22:20:00,PAGADA,111525.75
1384,384,4,2025-01-10 22:30:00,PAGADA,150348.00
1385,385,5,2025-01-10 22:40:00,CREADA,37998.75
1386,386,6,2025-01-10 22:50:00,PAGADA,76821.00
1387,387,7,2025-01-10 23:00:00,PAGADA,116466.75
1388,388,8,2025-01-10 23:10:00,PAGADA,156936.00
1389,389,9,2025-01-10 23:20:00,PAGADA,39645.75
1390,390,10,2025-01-10 23:30:00,CREADA,80115.00
1391,391,1,2025-01-10 23:40:00,PAGADA,121407.75
1392,392,2,2025-01-10 23:50:00,PAGADA,163524.00
1393,393,3,2025-01-11 00:00:00,PAGADA,41292.75
1394,394,4,2025-01-11 00:10:00,PAGADA,83409.00
1395,395,5,2025-01-11 00:20:00,CREADA,126348.75
1396,396,6,2025-01-11 00:30:00,PAGADA,170112.00
1397,397,7,2025-01-11 00:40:00,PAGADA,42939.75
1398,398,8,2025-01-11 00:50:00,PAGADA,86703.00
1399,399,9,2025-01-11 01:00:00,PAGADA,131289.75
1400,400,10,2025-01-11 01:10:00,CREADA,176700.00
1401,401,1,2025-01-11 01:20:00,PAGADA,3411.75
1402,402,2,2025-01-11 01:30:00,PAGADA,7647.00
1403,403,3,2025-01-11 01:40:00,PAGADA,12705.75
1404,404,4,2025-01-11 01:50:00,PAGADA,18588.00
1405,405,5,2025-01-11 02:00:00,CREADA,5058.75
1406,406,6,2025-01-11 02:10:00,PAGADA,10941.00
1407,407,7,2025-01-11 02:20:00,PAGADA,17646.75
1408,408,8,2025-01-11 02:30:00,PAGADA,25176.00
1409,409,9,2025-01-11 02:40:00,PAGADA,6705.75
1410,410,10,2025-01-11 02:50:00,ANULADA,14235.00
1411,411,1,2025-01-11 03:00:00,PAGADA,22587.75
1412,412,2,2025-01-11 03:10:00,PAGADA,31764.00
1413,413,3,2025-01-11 03:20:00,PAGADA,8352.75
1414,414,4,2025-01-11 03:30:00,PAGADA,17529.00
1415,415,5,2025-01-11 03:40:00,CREADA,27528.75
1416,416,6,2025-01-11 03:50:00,PAGADA,38352.00
1417,417,7,2025-01-11 04:00:00,PAGADA,9999.75
1418,418,8,2025-01-11 04:10:00,PAGADA,20823.00
1419,419,9,2025-01-11 04:20:00,PAGADA,32469.75
1420,420,10,2025-01-11 04:30:00,CREADA,44940.00
1421,421,1,2025-01-11 04:40:00,PAGADA,11646.75
1422,422,2,2025-01-11 04:50:00,PAGADA,24117.00
1423,423,3,2025-01-11 05:00:00,PAGADA,37410.75
1424,424,4,2025-01-11 05:10:00,PAGADA,51528.00
1425,425,5,2025-01-11 05:20:00,CREADA,13293.75
1426,426,6,2025-01-11 05:30:00,PAGADA,27411.00
1427,427,7,2025-01-11 05:40:00,PAGADA,42351.75
1428,428,8,2025-01-11 05:50:00,PAGADA,58116.00
1429,429,9,2025-01-11 06:00:00,PAGADA,14940.75
1430,430,10,2025-01-11 06:10:00,CREADA,30705.00
1431,431,1,2025-01-11 06:20:00,PAGADA,47292.75
1432,432,2,2025-01-11 06:30:00,PAGADA,64704.00
1433,433,3,2025-01-11 06:40:00,PAGADA,16587.75
1434,434,4,2025-01-11 06:50:00,PAGADA,33999.00
1435,435,5,2025-01-11 07:00:00,CREADA,52233.75
1436,436,6,2025-01-11 07:10:00,PAGADA,71292.00
1437,437,7,2025-01-11 07:20:00,PAGADA,18234.75
1438,438,8,2025-01-11 07:30:00,PAGADA,37293.00
1439,439,9,2025-01-11 07:40:00,PAGADA,57174.75
1440,440,10,2025-01-11 07:50:00,ANULADA,77880.00
1441,441,1,2025-01-11 08:00:00,PAGADA,19881.75
1442,442,2,2025-01-11 08:10:00,PAGADA,40587.00
1443,443,3,2025-01-11 08:20:00,PAGADA,62115.75
1444,444,4,2025-01-11 08:30:00,PAGADA,84468.00
1445,445,5,2025-01-11 08:40:00,CREADA,21528.75
1446,446,6,2025-01-11 08:50:00,PAGADA,43881.00
1447,447,7,2025-01-11 09:00:00,PAGADA,67056.75
1448,448,8,2025-01-11 09:10:00,PAGADA,91056.00
1449,449,9,2025-01-11 09:20:00,PAGADA,23175.75
1450,450,10,2025-01-11 09:30:00,CREADA,47175.00
1451,451,1,2025-01-11 09:40:00,PAGADA,71997.75
1452,452,2,2025-01-11 09:50:00,PAGADA,97644.00
1453,453,3,2025-01-11 10:00:00,PAGADA,24822.75
1454,454,4,2025-01-11 10:10:00,PAGADA,50469.00
1455,455,5,2025-01-11 10:20:00,CREADA,76938.75
1456,456,6,2025-01-11 10:30:00,PAGADA,104232.00
1457,457,7,2025-01-11 10:40:00,PAGADA,26469.75
1458,458,8,2025-01-11 10:50:00,PAGADA,53763.00
1459,459,9,2025-01-11 11:00:00,PAGADA,81879.75
1460,460,10,2025-01-11 11:10:00,CREADA,110820.00
1461,461,1,2025-01-11 11:20:00,PAGADA,28116.75
1462,462,2,2025-01-11 11:30:00,PAGADA,57057.00
1463,463,3,2025-01-11 11:40:00,PAGADA,86820.75
1464,464,4,2025-01-11 11:50:00,PAGADA,117408.00
1465,465,5,2025-01-11 12:00:00,CREADA,29763.75
1466,466,6,2025-01-11 12:10:00,PAGADA,60351.00
1467,467,7,2025-01-11 12:20:00,PAGADA,91761.75
1468,468,8,2025-01-11 12:30:00,PAGADA,123996.00
1469,469,9,2025-01-11 12:40:00,PAGADA,31410.75
1470,470,10,2025-01-11 12:50:00,ANULADA,63645.00
1471,471,1,2025-01-11 13:00:00,PAGADA,96702.75
1472,472,2,2025-01-11 13:10:00,PAGADA,130584.00
1473,473,3,2025-01-11 13:20:00,PAGADA,33057.75
1474,474,4,2025-01-11 13:30:00,PAGADA,66939.00
1475,475,5,2025-01-11 13:40:00,CREADA,101643.75
1476,476,6,2025-01-11 13:50:00,PAGADA,137172.00
1477,477,7,2025-01-11 14:00:00,PAGADA,34704.75
1478,478,8,2025-01-11 14:10:00,PAGADA,70233.00
1479,479,9,2025-01-11 14:20:00,PAGADA,106584.75
1480,480,10,2025-01-11 14:30:00,CREADA,143760.00
1481,481,1,2025-01-11 14:40:00,PAGADA,36351.75
1482,482,2,2025-01-11 14:50:00,PAGADA,73527.00
1483,483,3,2025-01-11 15:00:00,PAGADA,111525.75
1484,484,4,2025-01-11 15:10:00,PAGADA,150348.00
1485,485,5,2025-01-11 15:20:00,CREADA,37998.75
1486,486,6,2025-01-11 15:30:00,PAGADA,76821.00
1487,487,7,2025-01-11 15:40:00,PAGADA,116466.75
1488,488,8,2025-01-11 15:50:00,PAGADA,156936.00
1489,489,9,2025-01-11 16:00:00,PAGADA,39645.75
1490,490,10,2025-01-11 16:10:00,CREADA,80115.00
1491,491,1,2025-01-11 16:20:00,PAGADA,121407.75
1492,492,2,2025-01-11 16:30:00,PAGADA,163524.00
1493,493,3,2025-01-11 16:40:00,PAGADA,41292.75
1494,494,4,2025-01-11 16:50:00,PAGADA,83409.00
1495,495,5,2025-01-11 17:00:00,CREADA,126348.75
1496,496,6,2025-01-11 17:10:00,PAGADA,170112.00
1497,497,7,2025-01-11 17:20:00,PAGADA,42939.75
1498,498,8,2025-01-11 17:30:00,PAGADA,86703.00
1499,499,9,2025-01-11 17:40:00,PAGADA,131289.75
1500,500,10,2025-01-11 17:50:00,ANULADA,176700.00
1501,1,1,2025-01-11 18:00:00,PAGADA,3411.75
1502,2,2,2025-01-11 18:10:00,PAGADA,7647.00
1503,3,3,2025-01-11 18:20:00,PAGADA,12705.75
1504,4,4,2025-01-11 18:30:00,PAGADA,18588.00
1505,5,5,2025-01-11 18:40:00,CREADA,5058.75
1506,6,6,2025-01-11 18:50:00,PAGADA,10941.00
1507,7,7,2025-01-11 19:00:00,PAGADA,17646.75
1508,8,8,2025-01-11 19:10:00,PAGADA,25176.00
1509,9,9,2025-01-11 19:20:00,PAGADA,6705.75
1510,10,10,2025-01-11 19:30:00,CREADA,14235.00
1511,11,1,2025-01-11 19:40:00,PAGADA,22587.75
1512,12,2,2025-01-11 19:50:00,PAGADA,31764.00
1513,13,3,2025-01-11 20:00:00,PAGADA,8352.75
1514,14,4,2025-01-11 20:10:00,PAGADA,17529.00
1515,15,5,2025-01-11 20:20:00,CREADA,27528.75
1516,16,6,2025-01-11 20:30:00,PAGADA,38352.00
1517,17,7,2025-01-11 20:40:00,PAGADA,9999.75
1518,18,8,2025-01-11 20:50:00,PAGADA,20823.00
1519,19,9,2025-01-11 21:00:00,PAGADA,32469.75
1520,20,10,2025-01-11 21:10:00,CREADA,44940.00
1521,21,1,2025-01-11 21:20:00,PAGADA,11646.75
1522,22,2,2025-01-11 21:30:00,PAGADA,24117.00
1523,23,3,2025-01-11 21:40:00,PAGADA,37410.75
1524,24,4,2025-01-11 21:50:00,PAGADA,51528.00
1525,25,5,2025-01-11 22:00:00,CREADA,13293.75
1526,26,6,2025-01-11 22:10:00,PAGADA,27411.00
1527,27,7,2025-01-11 22:20:00,PAGADA,42351.75
1528,28,8,2025-01-11 22:30:00,PAGADA,58116.00
1529,29,9,2025-01-11 22:40:00,PAGADA,14940.75
1530,30,10,2025-01-11 22:50:00,ANULADA,30705.00
1531,31,1,2025-01-11 23:00:00,PAGADA,47292.75
1532,32,2,2025-01-11 23:10:00,PAGADA,64704.00
1533,33,3,2025-01-11 23:20:00,PAGADA,16587.75
1534,34,4,2025-01-11 23:30:00,PAGADA,33999.00
1535,35,5,2025-01-11 23:40:00,CREADA,52233.75
1536,36,6,2025-01-11 23:50:00,PAGADA,71292.00
1537,37,7,2025-01-12 00:00:00,PAGADA,18234.75
1538,38,8,2025-01-12 00:10:00,PAGADA,37293.00
1539,39,9,2025-01-12 00:20:00,PAGADA,57174.75
1540,40,10,2025-01-12 00:30:00,CREADA,77880.00
1541,41,1,2025-01-12 00:40:00,PAGADA,19881.75
1542,42,2,2025-01-12 00:50:00,PAGADA,40587.00
1543,43,3,2025-01-12 01:00:00,PAGADA,62115.75
1544,44,4,2025-01-12 01:10:00,PAGADA,84468.00
1545,45,5,2025-01-12 01:20:00,CREADA,21528.75
1546,46,6,2025-01-12 01:30:00,PAGADA,43881.00
1547,47,7,2025-01-12 01:40:00,PAGADA,67056.75
1548,48,8,2025-01-12 01:50:00,PAGADA,91056.00
1549,49,9,2025-01-12 02:00:00,PAGADA,23175.75
1550,50,10,2025-01-12 02:10:00,CREADA,47175.00
1551,51,1,2025-01-12 02:20:00,PAGADA,71997.75
1552,52,2,2025-01-12 02:30:00,PAGADA,97644.00
1553,53,3,2025-01-12 02:40:00,PAGADA,24822.75
1554,54,4,2025-01-12 02:50:00,PAGADA,50469.00
1555,55,5,2025-01-12 03:00:00,CREADA,76938.75
1556,56,6,2025-01-12 03:10:00,PAGADA,104232.00
1557,57,7,2025-01-12 03:20:00,PAGADA,26469.75
1558,58,8,2025-01-12 03:30:00,PAGADA,53763.00
1559,59,9,2025-01-12 03:40:00,PAGADA,81879.75
1560,60,10,2025-01-12 03:50:00,ANULADA,110820.00
1561,61,1,2025-01-12 04:00:00,PAGADA,28116.75
1562,62,2,2025-01-12 04:10:00,PAGADA,57057.00
1563,63,3,2025-01-12 04:20:00,PAGADA,86820.75
1564,64,4,2025-01-12 04:30:00,PAGADA,117408.00
1565,65,5,2025-01-12 04:40:00,CREADA,29763.75
1566,66,6,2025-01-12 04:50:00,PAGADA,60351.00
1567,67,7,2025-01-12 05:00:00,PAGADA,91761.75
1568,68,8,2025-01-12 05:10:00,PAGADA,123996.00
1569,69,9,2025-01-12 05:20:00,PAGADA,31410.75
1570,70,10,2025-01-12 05:30:00,CREADA,63645.00
1571,71,1,2025-01-12 05:40:00,PAGADA,96702.75
1572,72,2,2025-01-12 05:50:00,PAGADA,130584.00
1573,73,3,2025-01-12 06:00:00,PAGADA,33057.75
1574,74,4,2025-01-12 06:10:00,PAGADA,66939.00
1575,75,5,2025-01-12 06:20:00,CREADA,101643.75
1576,76,6,2025-01-12 06:30:00,PAGADA,137172.00
1577,77,7,2025-01-12 06:40:00,PAGADA,34704.75
1578,78,8,2025-01-12 06:50:00,PAGADA,70233.00
1579,79,9,2025-01-12 07:00:00,PAGADA,106584.75
1580,80,10,2025-01-12 07:10:00,CREADA,143760.00
1581,81,1,2025-01-12 07:20:00,PAGADA,36351.75
1582,82,2,2025-01-12 07:30:00,PAGADA,73527.00
1583,83,3,2025-01-12 07:40:00,PAGADA,111525.75
1584,84,4,2025-01-12 07:50:00,PAGADA,150348.00
1585,85,5,2025-01-12 08:00:00,CREADA,37998.75
1586,86,6,2025-01-12 08:10:00,PAGADA,76821.00
1587,87,7,2025-01-12 08:20:00,PAGADA,116466.75
1588,88,8,2025-01-12 08:30:00,PAGADA,156936.00
1589,89,9,2025-01-12 08:40:00,PAGADA,39645.75
1590,90,10,2025-01-12 08:50:00,ANULADA,80115.00
1591,91,1,2025-01-12 09:00:00,PAGADA,121407.75
1592,92,2,2025-01-12 09:10:00,PAGADA,163524.00
1593,93,3,2025-01-12 09:20:00,PAGADA,41292.75
1594,94,4,2025-01-12 09:30:00,PAGADA,83409.00
1595,95,5,2025-01-12 09:40:00,CREADA,126348.75
1596,96,6,2025-01-12 09:50:00,PAGADA,170112.00
1597,97,7,2025-01-12 10:00:00,PAGADA,42939.75
1598,98,8,2025-01-12 10:10:00,PAGADA,86703.00
1599,99,9,2025-01-12 10:20:00,PAGADA,131289.75
1600,100,10,2025-01-12 10:30:00,CREADA,176700.00
1601,101,1,2025-01-12 10:40:00,PAGADA,3411.75
1602,102,2,2025-01-12 10:50:00,PAGADA,7647.00
1603,103,3,2025-01-12 11:00:00,PAGADA,12705.75
1604,104,4,2025-01-12 11:10:00,PAGADA,18588.00
1605,105,5,2025-01-12 11:20:00,CREADA,5058.75
1606,106,6,2025-01-12 11:30:00,PAGADA,10941.00
1607,107,7,2025-01-12 11:40:00,PAGADA,17646.75
1608,108,8,2025-01-12 11:50:00,PAGADA,25176.00
1609,109,9,2025-01-12 12:00:00,PAGADA,6705.75
1610,110,10,2025-01-12 12:10:00,CREADA,14235.00
1611,111,1,2025-01-12 12:20:00,PAGADA,22587.75
1612,112,2,2025-01-12 12:30:00,PAGADA,31764.00
1613,113,3,2025-01-12 12:40:00,PAGADA,8352.75
1614,114,4,2025-01-12 12:50:00,PAGADA,17529.00
1615,115,5,2025-01-12 13:00:00,CREADA,27528.75
1616,116,6,2025-01-12 13:10:00,PAGADA,38352.00
1617,117,7,2025-01-12 13:20:00,PAGADA,9999.75
1618,118,8,2025-01-12 13:30:00,PAGADA,20823.00
1619,119,9,2025-01-12 13:40:00,PAGADA,32469.75
1620,120,10,2025-01-12 13:50:00,ANULADA,44940.00
1621,121,1,2025-01-12 14:00:00,PAGADA,11646.75
1622,122,2,2025-01-12 14:10:00,PAGADA,24117.00
1623,123,3,2025-01-12 14:20:00,PAGADA,37410.75
1624,124,4,2025-01-12 14:30:00,PAGADA,51528.00
1625,125,5,2025-01-12 14:40:00,CREADA,13293.75
1626,126,6,2025-01-12 14:50:00,PAGADA,27411.00
1627,127,7,2025-01-12 15:00:00,PAGADA,42351.75
1628,128,8,2025-01-12 15:10:00,PAGADA,58116.00
1629,129,9,2025-01-12 15:20:00,PAGADA,14940.75
1630,130,10,2025-01-12 15:30:00,CREADA,30705.00
1631,131,1,2025-01-12 15:40:00,PAGADA,47292.75
1632,132,2,2025-01-12 15:50:00,PAGADA,64704.00
1633,133,3,2025-01-12 16:00:00,PAGADA,16587.75
1634,134,4,2025-01-12 16:10:00,PAGADA,33999.00
1635,135,5,2025-01-12 16:20:00,CREADA,52233.75
1636,136,6,2025-01-12 16:30:00,PAGADA,71292.00
1637,137,7,2025-01-12 16:40:00,PAGADA,18234.75
1638,138,8,2025-01-12 16:50:00,PAGADA,37293.00
1639,139,9,2025-01-12 17:00:00,PAGADA,57174.75
1640,140,10,2025-01-12 17:10:00,CREADA,77880.00
1641,141,1,2025-01-12 17:20:00,PAGADA,19881.75
1642,142,2,2025-01-12 17:30:00,PAGADA,40587.00
1643,143,3,2025-01-12 17:40:00,PAGADA,62115.75
1644,144,4,2025-01-12 17:50:00,PAGADA,84468.00
1645,145,5,2025-01-12 18:00:00,CREADA,21528.75
1646,146,6,2025-01-12 18:10:00,PAGADA,43881.00
1647,147,7,2025-01-12 18:20:00,PAGADA,67056.75
1648,148,8,2025-01-12 18:30:00,PAGADA,91056.00
1649,149,9,2025-01-12 18:40:00,PAGADA,23175.75
1650,150,10,2025-01-12 18:50:00,ANULADA,47175.00
1651,151,1,2025-01-12 19:00:00,PAGADA,71997.75
1652,152,2,2025-01-12 19:10:00,PAGADA,97644.00
1653,153,3,2025-01-12 19:20:00,PAGADA,24822.75
1654,154,4,2025-01-12 19:30:00,PAGADA,50469.00
1655,155,5,2025-01-12 19:40:00,CREADA,76938.75
1656,156,6,2025-01-12 19:50:00,PAGADA,104232.00
1657,157,7,2025-01-12 20:00:00,PAGADA,26469.75
1658,158,8,2025-01-12 20:10:00,PAGADA,53763.00
1659,159,9,2025-01-12 20:20:00,PAGADA,81879.75
1660,160,10,2025-01-12 20:30:00,CREADA,110820.00
1661,161,1,2025-01-12 20:40:00,PAGADA,28116.75
1662,162,2,2025-01-12 20:50:00,PAGADA,57057.00
1663,163,3,2025-01-12 21:00:00,PAGADA,86820.75
1664,164,4,2025-01-12 21:10:00,PAGADA,117408.00
1665,165,5,2025-01-12 21:20:00,CREADA,29763.75
1666,166,6,2025-01-12 21:30:00,PAGADA,60351.00
1667,167,7,2025-01-12 21:40:00,PAGADA,91761.75
1668,168,8,2025-01-12 21:50:00,PAGADA,123996.00
1669,169,9,2025-01-12 22:00:00,PAGADA,31410.75
1670,170,10,2025-01-12 22:10:00,CREADA,63645.00
1671,171,1,2025-01-12 22:20:00,PAGADA,96702.75
1672,172,2,2025-01-12 22:30:00,PAGADA,130584.00
1673,173,3,2025-01-12 22:40:00,PAGADA,33057.75
1674,174,4,2025-01-12 22:50:00,PAGADA,66939.00
1675,175,5,2025-01-12 23:00:00,CREADA,101643.75
1676,176,6,2025-01-12 23:10:00,PAGADA,137172.00
1677,177,7,2025-01-12 23:20:00,PAGADA,34704.75
1678,178,8,2025-01-12 23:30:00,PAGADA,70233.00
1679,179,9,2025-01-12 23:40:00,PAGADA,106584.75
1680,180,10,2025-01-12 23:50:00,ANULADA,143760.00
1681,181,1,2025-01-13 00:00:00,PAGADA,36351.75
1682,182,2,2025-01-13 00:10:00,PAGADA,73527.00
1683,183,3,2025-01-13 00:20:00,PAGADA,111525.75
1684,184,4,2025-01-13 00:30:00,PAGADA,150348.00
1685,185,5,2025-01-13 00:40:00,CREADA,37998.75
1686,186,6,2025-01-13 00:50:00,PAGADA,76821.00
1687,187,7,2025-01-13 01:00:00,PAGADA,116466.75
1688,188,8,2025-01-13 01:10:00,PAGADA,156936.00
1689,189,9,2025-01-13 01:20:00,PAGADA,39645.75
1690,190,10,2025-01-13 01:30:00,CREADA,80115.00
1691,191,1,2025-01-13 01:40:00,PAGADA,121407.75
1692,192,2,2025-01-13 01:50:00,PAGADA,163524.00
1693,193,3,2025-01-13 02:00:00,PAGADA,41292.75
1694,194,4,2025-01-13 02:10:00,PAGADA,83409.00
1695,195,5,2025-01-13 02:20:00,CREADA,126348.75
1696,196,6,2025-01-13 02:30:00,PAGADA,170112.00
1697,197,7,2025-01-13 02:40:00,PAGADA,42939.75
1698,198,8,2025-01-13 02:50:00,PAGADA,86703.00
1699,199,9,2025-01-13 03:00:00,PAGADA,131289.75
1700,200,10,2025-01-13 03:10:00,CREADA,176700.00
1701,201,1,2025-01-13 03:20:00,PAGADA,3411.75
1702,202,2,2025-01-13 03:30:00,PAGADA,7647.00
1703,203,3,2025-01-13 03:40:00,PAGADA,12705.75
1704,204,4,2025-01-13 03:50:00,PAGADA,18588.00
1705,205,5,2025-01-13 04:00:00,CREADA,5058.75
1706,206,6,2025-01-13 04:10:00,PAGADA,10941.00
1707,207,7,2025-01-13 04:20:00,PAGADA,17646.75
1708,208,8,2025-01-13 04:30:00,PAGADA,25176.00
1709,209,9,2025-01-13 04:40:00,PAGADA,6705.75
1710,210,10,2025-01-13 04:50:00,ANULADA,14235.00
1711,211,1,2025-01-13 05:00:00,PAGADA,22587.75
1712,212,2,2025-01-13 05:10:00,PAGADA,31764.00
1713,213,3,2025-01-13 05:20:00,PAGADA,8352.75
1714,214,4,2025-01-13 05:30:00,PAGADA,17529.00
1715,215,5,2025-01-13 05:40:00,CREADA,27528.75
1716,216,6,2025-01-13 05:50:00,PAGADA,38352.00
1717,217,7,2025-01-13 06:00:00,PAGADA,9999.75
1718,218,8,2025-01-13 06:10:00,PAGADA,20823.00
1719,219,9,2025-01-13 06:20:00,PAGADA,32469.75
1720,220,10,2025-01-13 06:30:00,CREADA,44940.00
1721,221,1,2025-01-13 06:40:00,PAGADA,11646.75
1722,222,2,2025-01-13 06:50:00,PAGADA,24117.00
1723,223,3,2025-01-13 07:00:00,PAGADA,37410.75
1724,224,4,2025-01-13 07:10:00,PAGADA,51528.00
1725,225,5,2025-01-13 07:20:00,CREADA,13293.75
1726,226,6,2025-01-13 07:30:00,PAGADA,27411.00
1727,227,7,2025-01-13 07:40:00,PAGADA,42351.75
1728,228,8,2025-01-13 07:50:00,PAGADA,58116.00
1729,229,9,2025-01-13 08:00:00,PAGADA,14940.75
1730,230,10,2025-01-13 08:10:00,CREADA,30705.00
1731,231,1,2025-01-13 08:20:00,PAGADA,47292.75
1732,232,2,2025-01-13 08:30:00,PAGADA,64704.00
1733,233,3,2025-01-13 08:40:00,PAGADA,16587.75
1734,234,4,2025-01-13 08:50:00,PAGADA,33999.00
1735,235,5,2025-01-13 09:00:00,CREADA,52233.75
1736,236,6,2025-01-13 09:10:00,PAGADA,71292.00
1737,237,7,2025-01-13 09:20:00,PAGADA,18234.75
1738,238,8,2025-01-13 09:30:00,PAGADA,37293.00
1739,239,9,2025-01-13 09:40:00,PAGADA,57174.75
1740,240,10,2025-01-13 09:50:00,ANULADA,77880.00
1741,241,1,2025-01-13 10:00:00,PAGADA,19881.75
1742,242,2,2025-01-13 10:10:00,PAGADA,40587.00
1743,243,3,2025-01-13 10:20:00,PAGADA,62115.75
1744,244,4,2025-01-13 10:30:00,PAGADA,84468.00
1745,245,5,2025-01-13 10:40:00,CREADA,21528.75
1746,246,6,2025-01-13 10:50:00,PAGADA,43881.00
1747,247,7,2025-01-13 11:00:00,PAGADA,67056.75
1748,248,8,2025-01-13 11:10:00,PAGADA,91056.00
1749,249,9,2025-01-13 11:20:00,PAGADA,23175.75
1750,250,10,2025-01-13 11:30:00,CREADA,47175.00
1751,251,1,2025-01-13 11:40:00,PAGADA,71997.75
1752,252,2,2025-01-13 11:50:00,PAGADA,97644.00
1753,253,3,2025-01-13 12:00:00,PAGADA,24822.75
1754,254,4,2025-01-13 12:10:00,PAGADA,50469.00
1755,255,5,2025-01-13 12:20:00,CREADA,76938.75
1756,256,6,2025-01-13 12:30:00,PAGADA,104232.00
1757,257,7,2025-01-13 12:40:00,PAGADA,26469.75
1758,258,8,2025-01-13 12:50:00,PAGADA,53763.00
1759,259,9,2025-01-13 13:00:00,PAGADA,81879.75
1760,260,10,2025-01-13 13:10:00,CREADA,110820.00
1761,261,1,2025-01-13 13:20:00,PAGADA,28116.75
1762,262,2,2025-01-13 13:30:00,PAGADA,57057.00
1763,263,3,2025-01-13 13:40:00,PAGADA,86820.75
1764,264,4,2025-01-13 13:50:00,PAGADA,117408.00
1765,265,5,2025-01-13 14:00:00,CREADA,29763.75
1766,266,6,2025-01-13 14:10:00,PAGADA,60351.00
1767,267,7,2025-01-13 14:20:00,PAGADA,91761.75
1768,268,8,2025-01-13 14:30:00,PAGADA,123996.00
1769,269,9,2025-01-13 14:40:00,PAGADA,31410.75
1770,270,10,2025-01-13 14:50:00,ANULADA,63645.00
1771,271,1,2025-01-13 15:00:00,PAGADA,96702.75
1772,272,2,2025-01-13 15:10:00,PAGADA,130584.00
1773,273,3,2025-01-13 15:20:00,PAGADA,33057.75
1774,274,4,2025-01-13 15:30:00,PAGADA,66939.00
1775,275,5,2025-01-13 15:40:00,CREADA,101643.75
1776,276,6,2025-01-13 15:50:00,PAGADA,137172.00
1777,277,7,2025-01-13 16:00:00,PAGADA,34704.75
1778,278,8,2025-01-13 16:10:00,PAGADA,70233.00
1779,279,9,2025-01-13 16:20:00,PAGADA,106584.75
1780,280,10,2025-01-13 16:30:00,CREADA,143760.00
1781,281,1,2025-01-13 16:40:00,PAGADA,36351.75
1782,282,2,2025-01-13 16:50:00,PAGADA,73527.00
1783,283,3,2025-01-13 17:00:00,PAGADA,111525.75
1784,284,4,2025-01-13 17:10:00,PAGADA,150348.00
1785,285,5,2025-01-13 17:20:00,CREADA,37998.75
1786,286,6,2025-01-13 17:30:00,PAGADA,76821.00
1787,287,7,2025-01-13 17:40:00,PAGADA,116466.75
1788,288,8,2025-01-13 17:50:00,PAGADA,156936.00
1789,289,9,2025-01-13 18:00:00,PAGADA,39645.75
1790,290,10,2025-01-13 18:10:00,CREADA,80115.00
1791,291,1,2025-01-13 18:20:00,PAGADA,121407.75
1792,292,2,2025-01-13 18:30:00,PAGADA,163524.00
1793,293,3,2025-01-13 18:40:00,PAGADA,41292.75
1794,294,4,2025-01-13 18:50:00,PAGADA,83409.00
1795,295,5,2025-01-13 19:00:00,CREADA,126348.75
1796,296,6,2025-01-13 19:10:00,PAGADA,170112.00
1797,297,7,2025-01-13 19:20:00,PAGADA,42939.75
1798,298,8,2025-01-13 19:30:00,PAGADA,86703.00
1799,299,9,2025-01-13 19:40:00,PAGADA,131289.75
1800,300,10,2025-01-13 19:50:00,ANULADA,176700.00
1801,301,1,2025-01-13 20:00:00,PAGADA,3411.75
1802,302,2,2025-01-13 20:10:00,PAGADA,7647.00
1803,303,3,2025-01-13 20:20:00,PAGADA,12705.75
1804,304,4,2025-01-13 20:30:00,PAGADA,18588.00
1805,305,5,2025-01-13 20:40:00,CREADA,5058.75
1806,306,6,2025-01-13 20:50:00,PAGADA,10941.00
1807,307,7,2025-01-13 21:00:00,PAGADA,17646.75
1808,308,8,2025-01-13 21:10:00,PAGADA,25176.00
1809,309,9,2025-01-13 21:20:00,PAGADA,6705.75
1810,310,10,2025-01-13 21:30:00,CREADA,14235.00
1811,311,1,2025-01-13 21:40:00,PAGADA,22587.75
1812,312,2,2025-01-13 21:50:00,PAGADA,31764.00
1813,313,3,2025-01-13 22:00:00,PAGADA,8352.75
1814,314,4,2025-01-13 22:10:00,PAGADA,17529.00
1815,315,5,2025-01-13 22:20:00,CREADA,27528.75
1816,316,6,2025-01-13 22:30:00,PAGADA,38352.00
1817,317,7,2025-01-13 22:40:00,PAGADA,9999.75
1818,318,8,2025-01-13 22:50:00,PAGADA,20823.00
1819,319,9,2025-01-13 23:00:00,PAGADA,32469.75
1820,320,10,2025-01-13 23:10:00,CREADA,44940.00
1821,321,1,2025-01-13 23:20:00,PAGADA,11646.75
1822,322,2,2025-01-13 23:30:00,PAGADA,24117.00
1823,323,3,2025-01-13 23:40:00,PAGADA,37410.75
1824,324,4,2025-01-13 23:50:00,PAGADA,51528.00
1825,325,5,2025-01-14 00:00:00,CREADA,13293.75
1826,326,6,2025-01-14 00:10:00,PAGADA,27411.00
1827,327,7,2025-01-14 00:20:00,PAGADA,42351.75
1828,328,8,2025-01-14 00:30:00,PAGADA,58116.00
1829,329,9,2025-01-14 00:40:00,PAGADA,14940.75
1830,330,10,2025-01-14 00:50:00,ANULADA,30705.00
1831,331,1,2025-01-14 01:00:00,PAGADA,47292.75
1832,332,2,2025-01-14 01:10:00,PAGADA,64704.00
1833,333,3,2025-01-14 01:20:00,PAGADA,16587.75
1834,334,4,2025-01-14 01:30:00,PAGADA,33999.00
1835,335,5,2025-01-14 01:40:00,CREADA,52233.75
1836,336,6,2025-01-14 01:50:00,PAGADA,71292.00
1837,337,7,2025-01-14 02:00:00,PAGADA,18234.75
1838,338,8,2025-01-14 02:10:00,PAGADA,37293.00
1839,339,9,2025-01-14 02:20:00,PAGADA,57174.75
1840,340,10,2025-01-14 02:30:00,CREADA,77880.00
1841,341,1,2025-01-14 02:40:00,PAGADA,19881.75
1842,342,2,2025-01-14 02:50:00,PAGADA,40587.00
1843,343,3,2025-01-14 03:00:00,PAGADA,62115.75
1844,344,4,2025-01-14 03:10:00,PAGADA,84468.00
1845,345,5,2025-01-14 03:20:00,CREADA,21528.75
1846,346,6,2025-01-14 03:30:00,PAGADA,43881.00
1847,347,7,2025-01-14 03:40:00,PAGADA,67056.75
1848,348,8,2025-01-14 03:50:00,PAGADA,91056.00
1849,349,9,2025-01-14 04:00:00,PAGADA,23175.75
1850,350,10,2025-01-14 04:10:00,CREADA,47175.00
1851,351,1,2025-01-14 04:20:00,PAGADA,71997.75
1852,352,2,2025-01-14 04:30:00,PAGADA,97644.00
1853,353,3,2025-01-14 04:40:00,PAGADA,24822.75
1854,354,4,2025-01-14 04:50:00,PAGADA,50469.00
1855,355,5,2025-01-14 05:00:00,CREADA,76938.75
1856,356,6,2025-01-14 05:10:00,PAGADA,104232.00
1857,357,7,2025-01-14 05:20:00,PAGADA,26469.75
1858,358,8,2025-01-14 05:30:00,PAGADA,53763.00
1859,359,9,2025-01-14 05:40:00,PAGADA,81879.75
1860,360,10,2025-01-14 05:50:00,ANULADA,110820.00
1861,361,1,2025-01-14 06:00:00,PAGADA,28116.75
1862,362,2,2025-01-14 06:10:00,PAGADA,57057.00
1863,363,3,2025-01-14 06:20:00,PAGADA,86820.75
1864,364,4,2025-01-14 06:30:00,PAGADA,117408.00
1865,365,5,2025-01-14 06:40:00,CREADA,29763.75
1866,366,6,2025-01-14 06:50:00,PAGADA,60351.00
1867,367,7,2025-01-14 07:00:00,PAGADA,91761.75
1868,368,8,2025-01-14 07:10:00,PAGADA,123996.00
1869,369,9,2025-01-14 07:20:00,PAGADA,31410.75
1870,370,10,2025-01-14 07:30:00,CREADA,63645.00
1871,371,1,2025-01-14 07:40:00,PAGADA,96702.75
1872,372,2,2025-01-14 07:50:00,PAGADA,130584.00
1873,373,3,2025-01-14 08:00:00,PAGADA,33057.75
1874,374,4,2025-01-14 08:10:00,PAGADA,66939.00
1875,375,5,2025-01-14 08:20:00,CREADA,101643.75
1876,376,6,2025-01-14 08:30:00,PAGADA,137172.00
1877,377,7,2025-01-14 08:40:00,PAGADA,34704.75
1878,378,8,2025-01-14 08:50:00,PAGADA,70233.00
1879,379,9,2025-01-14 09:00:00,PAGADA,106584.75
1880,380,10,2025-01-14 09:10:00,CREADA,143760.00
1881,381,1,2025-01-14 09:20:00,PAGADA,36351.75
1882,382,2,2025-01-14 09:30:00,PAGADA,73527.00
1883,383,3,2025-01-14 09:40:00,PAGADA,111525.75
1884,384,4,2025-01-14 09:50:00,PAGADA,150348.00
1885,385,5,2025-01-14 10:00:00,CREADA,37998.75
1886,386,6,2025-01-14 10:10:00,PAGADA,76821.00
1887,387,7,2025-01-14 10:20:00,PAGADA,116466.75
1888,388,8,2025-01-14 10:30:00,PAGADA,156936.00
1889,389,9,2025-01-14 10:40:00,PAGADA,39645.75
1890,390,10,2025-01-14 10:50:00,ANULADA,80115.00
1891,391,1,2025-01-14 11:00:00,PAGADA,121407.75
1892,392,2,2025-01-14 11:10:00,PAGADA,163524.00
1893,393,3,2025-01-14 11:20:00,PAGADA,41292.75
1894,394,4,2025-01-14 11:30:00,PAGADA,83409.00
1895,395,5,2025-01-14 11:40:00,CREADA,126348.75
1896,396,6,2025-01-14 11:50:00,PAGADA,170112.00
1897,397,7,2025-01-14 12:00:00,PAGADA,42939.75
1898,398,8,2025-01-14 12:10:00,PAGADA,86703.00
1899,399,9,2025-01-14 12:20:00,PAGADA,131289.75
1900,400,10,2025-01-14 12:30:00,CREADA,176700.00
1901,401,1,2025-01-14 12:40:00,PAGADA,3411.75
1902,402,2,2025-01-14 12:50:00,PAGADA,7647.00
1903,403,3,2025-01-14 13:00:00,PAGADA,12705.75
1904,404,4,2025-01-14 13:10:00,PAGADA,18588.00
1905,405,5,2025-01-14 13:20:00,CREADA,5058.75
1906,406,6,2025-01-14 13:30:00,PAGADA,10941.00
1907,407,7,2025-01-14 13:40:00,PAGADA,17646.75
1908,408,8,2025-01-14 13:50:00,PAGADA,25176.00
1909,409,9,2025-01-14 14:00:00,PAGADA,6705.75
1910,410,10,2025-01-14 14:10:00,CREADA,14235.00
1911,411,1,2025-01-14 14:20:00,PAGADA,22587.75
1912,412,2,2025-01-14 14:30:00,PAGADA,31764.00
1913,413,3,2025-01-14 14:40:00,PAGADA,8352.75
1914,414,4,2025-01-14 14:50:00,PAGADA,17529.00
1915,415,5,2025-01-14 15:00:00,CREADA,27528.75
1916,416,6,2025-01-14 15:10:00,PAGADA,38352.00
1917,417,7,2025-01-14 15:20:00,PAGADA,9999.75
1918,418,8,2025-01-14 15:30:00,PAGADA,20823.00
1919,419,9,2025-01-14 15:40:00,PAGADA,32469.75
1920,420,10,2025-01-14 15:50:00,ANULADA,44940.00
1921,421,1,2025-01-14 16:00:00,PAGADA,11646.75
1922,422,2,2025-01-14 16:10:00,PAGADA,24117.00
1923,423,3,2025-01-14 16:20:00,PAGADA,37410.75
1924,424,4,2025-01-14 16:30:00,PAGADA,51528.00
1925,425,5,2025-01-14 16:40:00,CREADA,13293.75
1926,426,6,2025-01-14 16:50:00,PAGADA,27411.00
1927,427,7,2025-01-14 17:00:00,PAGADA,42351.75
1928,428,8,2025-01-14 17:10:00,PAGADA,58116.00
1929,429,9,2025-01-14 17:20:00,PAGADA,14940.75
1930,430,10,2025-01-14 17:30:00,CREADA,30705.00
1931,431,1,2025-01-14 17:40:00,PAGADA,47292.75
1932,432,2,2025-01-14 17:50:00,PAGADA,64704.00
1933,433,3,2025-01-14 18:00:00,PAGADA,16587.75
1934,434,4,2025-01-14 18:10:00,PAGADA,33999.00
1935,435,5,2025-01-14 18:20:00,CREADA,52233.75
1936,436,6,2025-01-14 18:30:00,PAGADA,71292.00
1937,437,7,2025-01-14 18:40:00,PAGADA,18234.75
1938,438,8,2025-01-14 18:50:00,PAGADA,37293.00
1939,439,9,2025-01-14 19:00:00,PAGADA,57174.75
1940,440,10,2025-01-14 19:10:00,CREADA,77880.00
1941,441,1,2025-01-14 19:20:00,PAGADA,19881.75
1942,442,2,2025-01-14 19:30:00,PAGADA,40587.00
1943,443,3,2025-01-14 19:40:00,PAGADA,62115.75
1944,444,4,2025-01-14 19:50:00,PAGADA,84468.00
1945,445,5,2025-01-14 20:00:00,CREADA,21528.75
1946,446,6,2025-01-14 20:10:00,PAGADA,43881.00
1947,447,7,2025-01-14 20:20:00,PAGADA,67056.75
1948,448,8,2025-01-14 20:30:00,PAGADA,91056.00
1949,449,9,2025-01-14 20:40:00,PAGADA,23175.75
1950,450,10,2025-01-14 20:50:00,ANULADA,47175.00
1951,451,1,2025-01-14 21:00:00,PAGADA,71997.75
1952,452,2,2025-01-14 21:10:00,PAGADA,97644.00
1953,453,3,2025-01-14 21:20:00,PAGADA,24822.75
1954,454,4,2025-01-14 21:30:00,PAGADA,50469.00
1955,455,5,2025-01-14 21:40:00,CREADA,76938.75
1956,456,6,2025-01-14 21:50:00,PAGADA,104232.00
1957,457,7,2025-01-14 22:00:00,PAGADA,26469.75
1958,458,8,2025-01-14 22:10:00,PAGADA,53763.00
1959,459,9,2025-01-14 22:20:00,PAGADA,81879.75
1960,460,10,2025-01-14 22:30:00,CREADA,110820.00
1961,461,1,2025-01-14 22:40:00,PAGADA,28116.75
1962,462,2,2025-01-14 22:50:00,PAGADA,57057.00
1963,463,3,2025-01-14 23:00:00,PAGADA,86820.75
1964,464,4,2025-01-14 23:10:00,PAGADA,117408.00
1965,465,5,2025-01-14 23:20:00,CREADA,29763.75
1966,466,6,2025-01-14 23:30:00,PAGADA,60351.00
1967,467,7,2025-01-14 23:40:00,PAGADA,91761.75
1968,468,8,2025-01-14 23:50:00,PAGADA,123996.00
1969,469,9,2025-01-15 00:00:00,PAGADA,31410.75
1970,470,10,2025-01-15 00:10:00,CREADA,63645.00
1971,471,1,2025-01-15 00:20:00,PAGADA,96702.75
1972,472,2,2025-01-15 00:30:00,PAGADA,130584.00
1973,473,3,2025-01-15 00:40:00,PAGADA,33057.75
1974,474,4,2025-01-15 00:50:00,PAGADA,66939.00
1975,475,5,2025-01-15 01:00:00,CREADA,101643.75
1976,476,6,2025-01-15 01:10:00,PAGADA,137172.00
1977,477,7,2025-01-15 01:20:00,PAGADA,34704.75
1978,478,8,2025-01-15 01:30:00,PAGADA,70233.00
1979,479,9,2025-01-15 01:40:00,PAGADA,106584.75
1980,480,10,2025-01-15 01:50:00,ANULADA,143760.00
1981,481,1,2025-01-15 02:00:00,PAGADA,36351.75
1982,482,2,2025-01-15 02:10:00,PAGADA,73527.00
1983,483,3,2025-01-15 02:20:00,PAGADA,111525.75
1984,484,4,2025-01-15 02:30:00,PAGADA,150348.00
1985,485,5,2025-01-15 02:40:00,CREADA,37998.75
1986,486,6,2025-01-15 02:50:00,PAGADA,76821.00
1987,487,7,2025-01-15 03:00:00,PAGADA,116466.75
1988,488,8,2025-01-15 03:10:00,PAGADA,156936.00
1989,489,9,2025-01-15 03:20:00,PAGADA,39645.75
1990,490,10,2025-01-15 03:30:00,CREADA,80115.00
1991,491,1,2025-01-15 03:40:00,PAGADA,121407.75
1992,492,2,2025-01-15 03:50:00,PAGADA,163524.00
1993,493,3,2025-01-15 04:00:00,PAGADA,41292.75
1994,494,4,2025-01-15 04:10:00,PAGADA,83409.00
1995,495,5,2025-01-15 04:20:00,CREADA,126348.75
1996,496,6,2025-01-15 04:30:00,PAGADA,170112.00
1997,497,7,2025-01-15 04:40:00,PAGADA,42939.75
1998,498,8,2025-01-15 04:50:00,PAGADA,86703.00
1999,499,9,2025-01-15 05:00:00,PAGADA,131289.75
2000,500,10,2025-01-15 05:10:00,CREADA,176700.00
2001,1,1,2025-01-15 05:20:00,PAGADA,3411.75
2002,2,2,2025-01-15 05:30:00,PAGADA,7647.00
2003,3,3,2025-01-15 05:40:00,PAGADA,12705.75
2004,4,4,2025-01-15 05:50:00,PAGADA,18588.00
2005,5,5,2025-01-15 06:00:00,CREADA,5058.75
2006,6,6,2025-01-15 06:10:00,PAGADA,10941.00
2007,7,7,2025-01-15 06:20:00,PAGADA,17646.75
2008,8,8,2025-01-15 06:30:00,PAGADA,25176.00
2009,9,9,2025-01-15 06:40:00,PAGADA,6705.75
2010,10,10,2025-01-15 06:50:00,ANULADA,14235.00
2011,11,1,2025-01-15 07:00:00,PAGADA,22587.75
2012,12,2,2025-01-15 07:10:00,PAGADA,31764.00
2013,13,3,2025-01-15 07:20:00,PAGADA,8352.75
2014,14,4,2025-01-15 07:30:00,PAGADA,17529.00
2015,15,5,2025-01-15 07:40:00,CREADA,27528.75
2016,16,6,2025-01-15 07:50:00,PAGADA,38352.00
2017,17,7,2025-01-15 08:00:00,PAGADA,9999.75
2018,18,8,2025-01-15 08:10:00,PAGADA,20823.00
2019,19,9,2025-01-15 08:20:00,PAGADA,32469.75
2020,20,10,2025-01-15 08:30:00,CREADA,44940.00
2021,21,1,2025-01-15 08:40:00,PAGADA,11646.75
2022,22,2,2025-01-15 08:50:00,PAGADA,24117.00
2023,23,3,2025-01-15 09:00:00,PAGADA,37410.75
2024,24,4,2025-01-15 09:10:00,PAGADA,51528.00
2025,25,5,2025-01-15 09:20:00,CREADA,13293.75
2026,26,6,2025-01-15 09:30:00,PAGADA,27411.00
2027,27,7,2025-01-15 09:40:00,PAGADA,42351.75
2028,28,8,2025-01-15 09:50:00,PAGADA,58116.00
2029,29,9,2025-01-15 10:00:00,PAGADA,14940.75
2030,30,10,2025-01-15 10:10:00,CREADA,30705.00
2031,31,1,2025-01-15 10:20:00,PAGADA,47292.75
2032,32,2,2025-01-15 10:30:00,PAGADA,64704.00
2033,33,3,2025-01-15 10:40:00,PAGADA,16587.75
2034,34,4,2025-01-15 10:50:00,PAGADA,33999.00
2035,35,5,2025-01-15 11:00:00,CREADA,52233.75
2036,36,6,2025-01-15 11:10:00,PAGADA,71292.00
2037,37,7,2025-01-15 11:20:00,PAGADA,18234.75
2038,38,8,2025-01-15 11:30:00,PAGADA,37293.00
2039,39,9,2025-01-15 11:40:00,PAGADA,57174.75
2040,40,10,2025-01-15 11:50:00,ANULADA,77880.00
2041,41,1,2025-01-15 12:00:00,PAGADA,19881.75
2042,42,2,2025-01-15 12:10:00,PAGADA,40587.00
2043,43,3,2025-01-15 12:20:00,PAGADA,62115.75
2044,44,4,2025-01-15 12:30:00,PAGADA,84468.00
2045,45,5,2025-01-15 12:40:00,CREADA,21528.75
2046,46,6,2025-01-15 12:50:00,PAGADA,43881.00
2047,47,7,2025-01-15 13:00:00,PAGADA,67056.75
2048,48,8,2025-01-15 13:10:00,PAGADA,91056.00
2049,49,9,2025-01-15 13:20:00,PAGADA,23175.75
2050,50,10,2025-01-15 13:30:00,CREADA,47175.00
2051,51,1,2025-01-15 13:40:00,PAGADA,71997.75
2052,52,2,2025-01-15 13:50:00,PAGADA,97644.00
2053,53,3,2025-01-15 14:00:00,PAGADA,24822.75
2054,54,4,2025-01-15 14:10:00,PAGADA,50469.00
2055,55,5,2025-01-15 14:20:00,CREADA,76938.75
2056,56,6,2025-01-15 14:30:00,PAGADA,104232.00
2057,57,7,2025-01-15 14:40:00,PAGADA,26469.75
2058,58,8,2025-01-15 14:50:00,PAGADA,53763.00
2059,59,9,2025-01-15 15:00:00,PAGADA,81879.75
2060,60,10,2025-01-15 15:10:00,CREADA,110820.00
2061,61,1,2025-01-15 15:20:00,PAGADA,28116.75
2062,62,2,2025-01-15 15:30:00,PAGADA,57057.00
2063,63,3,2025-01-15 15:40:00,PAGADA,86820.75
2064,64,4,2025-01-15 15:50:00,PAGADA,117408.00
2065,65,5,2025-01-15 16:00:00,CREADA,29763.75
2066,66,6,2025-01-15 16:10:00,PAGADA,60351.00
2067,67,7,2025-01-15 16:20:00,PAGADA,91761.75
2068,68,8,2025-01-15 16:30:00,PAGADA,123996.00
2069,69,9,2025-01-15 16:40:00,PAGADA,31410.75
2070,70,10,2025-01-15 16:50:00,ANULADA,63645.00
2071,71,1,2025-01-15 17:00:00,PAGADA,96702.75
2072,72,2,2025-01-15 17:10:00,PAGADA,130584.00
2073,73,3,2025-01-15 17:20:00,PAGADA,33057.75
2074,74,4,2025-01-15 17:30:00,PAGADA,66939.00
2075,75,5,2025-01-15 17:40:00,CREADA,101643.75
2076,76,6,2025-01-15 17:50:00,PAGADA,137172.00
2077,77,7,2025-01-15 18:00:00,PAGADA,34704.75
2078,78,8,2025-01-15 18:10:00,PAGADA,70233.00
2079,79,9,2025-01-15 18:20:00,PAGADA,106584.75
2080,80,10,2025-01-15 18:30:00,CREADA,143760.00
2081,81,1,2025-01-15 18:40:00,PAGADA,36351.75
2082,82,2,2025-01-15 18:50:00,PAGADA,73527.00
2083,83,3,2025-01-15 19:00:00,PAGADA,111525.75
2084,84,4,2025-01-15 19:10:00,PAGADA,150348.00
2085,85,5,2025-01-15 19:20:00,CREADA,37998.75
2086,86,6,2025-01-15 19:30:00,PAGADA,76821.00
2087,87,7,2025-01-15 19:40:00,PAGADA,116466.75
2088,88,8,2025-01-15 19:50:00,PAGADA,156936.00
2089,89,9,2025-01-15 20:00:00,PAGADA,39645.75
2090,90,10,2025-01-15 20:10:00,CREADA,80115.00
2091,91,1,2025-01-15 20:20:00,PAGADA,121407.75
2092,92,2,2025-01-15 20:30:00,PAGADA,163524.00
2093,93,3,2025-01-15 20:40:00,PAGADA,41292.75
2094,94,4,2025-01-15 20:50:00,PAGADA,83409.00
2095,95,5,2025-01-15 21:00:00,CREADA,126348.75
2096,96,6,2025-01-15 21:10:00,PAGADA,170112.00
2097,97,7,2025-01-15 21:20:00,PAGADA,42939.75
2098,98,8,2025-01-15 21:30:00,PAGADA,86703.00
2099,99,9,2025-01-15 21:40:00,PAGADA,131289.75
2100,100,10,2025-01-15 21:50:00,ANULADA,176700.00
2101,101,1,2025-01-15 22:00:00,PAGADA,3411.75
2102,102,2,2025-01-15 22:10:00,PAGADA,7647.00
2103,103,3,2025-01-15 22:20:00,PAGADA,12705.75
2104,104,4,2025-01-15 22:30:00,PAGADA,18588.00
2105,105,5,2025-01-15 22:40:00,CREADA,5058.75
2106,106,6,2025-01-15 22:50:00,PAGADA,10941.00
2107,107,7,2025-01-15 23:00:00,PAGADA,17646.75
2108,108,8,2025-01-15 23:10:00,PAGADA,25176.00
2109,109,9,2025-01-15 23:20:00,PAGADA,6705.75
2110,110,10,2025-01-15 23:30:00,CREADA,14235.00
2111,111,1,2025-01-15 23:40:00,PAGADA,22587.75
2112,112,2,2025-01-15 23:50:00,PAGADA,31764.00
2113,113,3,2025-01-16 00:00:00,PAGADA,8352.75
2114,114,4,2025-01-16 00:10:00,PAGADA,17529.00
2115,115,5,2025-01-16 00:20:00,CREADA,27528.75
2116,116,6,2025-01-16 00:30:00,PAGADA,38352.00
2117,117,7,2025-01-16 00:40:00,PAGADA,9999.75
2118,118,8,2025-01-16 00:50:00,PAGADA,20823.00
2119,119,9,2025-01-16 01:00:00,PAGADA,32469.75
2120,120,10,2025-01-16 01:10:00,CREADA,44940.00
2121,121,1,2025-01-16 01:20:00,PAGADA,11646.75
2122,122,2,2025-01-16 01:30:00,PAGADA,24117.00
2123,123,3,2025-01-16 01:40:00,PAGADA,37410.75
2124,124,4,2025-01-16 01:50:00,PAGADA,51528.00
2125,125,5,2025-01-16 02:00:00,CREADA,13293.75
2126,126,6,2025-01-16 02:10:00,PAGADA,27411.00
2127,127,7,2025-01-16 02:20:00,PAGADA,42351.75
2128,128,8,2025-01-16 02:30:00,PAGADA,58116.00
2129,129,9,2025-01-16 02:40:00,PAGADA,14940.75
2130,130,10,2025-01-16 02:50:00,ANULADA,30705.00
2131,131,1,2025-01-16 03:00:00,PAGADA,47292.75
2132,132,2,2025-01-16 03:10:00,PAGADA,64704.00
2133,133,3,2025-01-16 03:20:00,PAGADA,16587.75
2134,134,4,2025-01-16 03:30:00,PAGADA,33999.00
2135,135,5,2025-01-16 03:40:00,CREADA,52233.75
2136,136,6,2025-01-16 03:50:00,PAGADA,71292.00
2137,137,7,2025-01-16 04:00:00,PAGADA,18234.75
2138,138,8,2025-01-16 04:10:00,PAGADA,37293.00
2139,139,9,2025-01-16 04:20:00,PAGADA,57174.75
2140,140,10,2025-01-16 04:30:00,CREADA,77880.00
2141,141,1,2025-01-16 04:40:00,PAGADA,19881.75
2142,142,2,2025-01-16 04:50:00,PAGADA,40587.00
2143,143,3,2025-01-16 05:00:00,PAGADA,62115.75
2144,144,4,2025-01-16 05:10:00,PAGADA,84468.00
2145,145,5,2025-01-16 05:20:00,CREADA,21528.75
2146,146,6,2025-01-16 05:30:00,PAGADA,43881.00
2147,147,7,2025-01-16 05:40:00,PAGADA,67056.75
2148,148,8,2025-01-16 05:50:00,PAGADA,91056.00
2149,149,9,2025-01-16 06:00:00,PAGADA,23175.75
2150,150,10,2025-01-16 06:10:00,CREADA,47175.00
2151,151,1,2025-01-16 06:20:00,PAGADA,71997.75
2152,152,2,2025-01-16 06:30:00,PAGADA,97644.00
2153,153,3,2025-01-16 06:40:00,PAGADA,24822.75
2154,154,4,2025-01-16 06:50:00,PAGADA,50469.00
2155,155,5,2025-01-16 07:00:00,CREADA,76938.75
2156,156,6,2025-01-16 07:10:00,PAGADA,104232.00
2157,157,7,2025-01-16 07:20:00,PAGADA,26469.75
2158,158,8,2025-01-16 07:30:00,PAGADA,53763.00
2159,159,9,2025-01-16 07:40:00,PAGADA,81879.75
2160,160,10,2025-01-16 07:50:00,ANULADA,110820.00
2161,161,1,2025-01-16 08:00:00,PAGADA,28116.75
2162,162,2,2025-01-16 08:10:00,PAGADA,57057.00
2163,163,3,2025-01-16 08:20:00,PAGADA,86820.75
2164,164,4,2025-01-16 08:30:00,PAGADA,117408.00
2165,165,5,2025-01-16 08:40:00,CREADA,29763.75
2166,166,6,2025-01-16 08:50:00,PAGADA,60351.00
2167,167,7,2025-01-16 09:00:00,PAGADA,91761.75
2168,168,8,2025-01-16 09:10:00,PAGADA,123996.00
2169,169,9,2025-01-16 09:20:00,PAGADA,31410.75
2170,170,10,2025-01-16 09:30:00,CREADA,63645.00
2171,171,1,2025-01-16 09:40:00,PAGADA,96702.75
2172,172,2,2025-01-16 09:50:00,PAGADA,130584.00
2173,173,3,2025-01-16 10:00:00,PAGADA,33057.75
2174,174,4,2025-01-16 10:10:00,PAGADA,66939.00
2175,175,5,2025-01-16 10:20:00,CREADA,101643.75
2176,176,6,2025-01-16 10:30:00,PAGADA,137172.00
2177,177,7,2025-01-16 10:40:00,PAGADA,34704.75
2178,178,8,2025-01-16 10:50:00,PAGADA,70233.00
2179,179,9,2025-01-16 11:00:00,PAGADA,106584.75
2180,180,10,2025-01-16 11:10:00,CREADA,143760.00
2181,181,1,2025-01-16 11:20:00,PAGADA,36351.75
2182,182,2,2025-01-16 11:30:00,PAGADA,73527.00
2183,183,3,2025-01-16 11:40:00,PAGADA,111525.75
2184,184,4,2025-01-16 11:50:00,PAGADA,150348.00
2185,185,5,2025-01-16 12:00:00,CREADA,37998.75
2186,186,6,2025-01-16 12:10:00,PAGADA,76821.00
2187,187,7,2025-01-16 12:20:00,PAGADA,116466.75
2188,188,8,2025-01-16 12:30:00,PAGADA,156936.00
2189,189,9,2025-01-16 12:40:00,PAGADA,39645.75
2190,190,10,2025-01-16 12:50:00,ANULADA,80115.00
2191,191,1,2025-01-16 13:00:00,PAGADA,121407.75
2192,192,2,2025-01-16 13:10:00,PAGADA,163524.00
2193,193,3,2025-01-16 13:20:00,PAGADA,41292.75
2194,194,4,2025-01-16 13:30:00,PAGADA,83409.00
2195,195,5,2025-01-16 13:40:00,CREADA,126348.75
2196,196,6,2025-01-16 13:50:00,PAGADA,170112.00
2197,197,7,2025-01-16 14:00:00,PAGADA,42939.75
2198,198,8,2025-01-16 14:10:00,PAGADA,86703.00
2199,199,9,2025-01-16 14:20:00,PAGADA,131289.75
2200,200,10,2025-01-16 14:30:00,CREADA,176700.00
2201,201,1,2025-01-16 14:40:00,PAGADA,3411.75
2202,202,2,2025-01-16 14:50:00,PAGADA,7647.00
2203,203,3,2025-01-16 15:00:00,PAGADA,12705.75
2204,204,4,2025-01-16 15:10:00,PAGADA,18588.00
2205,205,5,2025-01-16 15:20:00,CREADA,5058.75
2206,206,6,2025-01-16 15:30:00,PAGADA,10941.00
2207,207,7,2025-01-16 15:40:00,PAGADA,17646.75
2208,208,8,2025-01-16 15:50:00,PAGADA,25176.00
2209,209,9,2025-01-16 16:00:00,PAGADA,6705.75
2210,210,10,2025-01-16 16:10:00,CREADA,14235.00
2211,211,1,2025-01-16 16:20:00,PAGADA,22587.75
2212,212,2,2025-01-16 16:30:00,PAGADA,31764.00
2213,213,3,2025-01-16 16:40:00,PAGADA,8352.75
2214,214,4,2025-01-16 16:50:00,PAGADA,17529.00
2215,215,5,2025-01-16 17:00:00,CREADA,27528.75
2216,216,6,2025-01-16 17:10:00,PAGADA,38352.00
2217,217,7,2025-01-16 17:20:00,PAGADA,9999.75
2218,218,8,2025-01-16 17:30:00,PAGADA,20823.00
2219,219,9,2025-01-16 17:40:00,PAGADA,32469.75
2220,220,10,2025-01-16 17:50:00,ANULADA,44940.00
2221,221,1,2025-01-16 18:00:00,PAGADA,11646.75
2222,222,2,2025-01-16 18:10:00,PAGADA,24117.00
2223,223,3,2025-01-16 18:20:00,PAGADA,37410.75
2224,224,4,2025-01-16 18:30:00,PAGADA,51528.00
2225,225,5,2025-01-16 18:40:00,CREADA,13293.75
2226,226,6,2025-01-16 18:50:00,PAGADA,27411.00
2227,227,7,2025-01-16 19:00:00,PAGADA,42351.75
2228,228,8,2025-01-16 19:10:00,PAGADA,58116.00
2229,229,9,2025-01-16 19:20:00,PAGADA,14940.75
2230,230,10,2025-01-16 19:30:00,CREADA,30705.00
2231,231,1,2025-01-16 19:40:00,PAGADA,47292.75
2232,232,2,2025-01-16 19:50:00,PAGADA,64704.00
2233,233,3,2025-01-16 20:00:00,PAGADA,16587.75
2234,234,4,2025-01-16 20:10:00,PAGADA,33999.00
2235,235,5,2025-01-16 20:20:00,CREADA,52233.75
2236,236,6,2025-01-16 20:30:00,PAGADA,71292.00
2237,237,7,2025-01-16 20:40:00,PAGADA,18234.75
2238,238,8,2025-01-16 20:50:00,PAGADA,37293.00
2239,239,9,2025-01-16 21:00:00,PAGADA,57174.75
2240,240,10,2025-01-16 21:10:00,CREADA,77880.00
2241,241,1,2025-01-16 21:20:00,PAGADA,19881.75
2242,242,2,2025-01-16 21:30:00,PAGADA,40587.00
2243,243,3,2025-01-16 21:40:00,PAGADA,62115.75
2244,244,4,2025-01-16 21:50:00,PAGADA,84468.00
2245,245,5,2025-01-16 22:00:00,CREADA,21528.75
2246,246,6,2025-01-16 22:10:00,PAGADA,43881.00
2247,247,7,2025-01-16 22:20:00,PAGADA,67056.75
2248,248,8,2025-01-16 22:30:00,PAGADA,91056.00
2249,249,9,2025-01-16 22:40:00,PAGADA,23175.75
2250,250,10,2025-01-16 22:50:00,ANULADA,47175.00
2251,251,1,2025-01-16 23:00:00,PAGADA,71997.75
2252,252,2,2025-01-16 23:10:00,PAGADA,97644.00
2253,253,3,2025-01-16 23:20:00,PAGADA,24822.75
2254,254,4,2025-01-16 23:30:00,PAGADA,50469.00
2255,255,5,2025-01-16 23:40:00,CREADA,76938.75
2256,256,6,2025-01-16 23:50:00,PAGADA,104232.00
2257,257,7,2025-01-17 00:00:00,PAGADA,26469.75
2258,258,8,2025-01-17 00:10:00,PAGADA,53763.00
2259,259,9,2025-01-17 00:20:00,PAGADA,81879.75
2260,260,10,2025-01-17 00:30:00,CREADA,110820.00
2261,261,1,2025-01-17 00:40:00,PAGADA,28116.75
2262,262,2,2025-01-17 00:50:00,PAGADA,57057.00
2263,263,3,2025-01-17 01:00:00,PAGADA,86820.75
2264,264,4,2025-01-17 01:10:00,PAGADA,117408.00
2265,265,5,2025-01-17 01:20:00,CREADA,29763.75
2266,266,6,2025-01-17 01:30:00,PAGADA,60351.00
2267,267,7,2025-01-17 01:40:00,PAGADA,91761.75
2268,268,8,2025-01-17 01:50:00,PAGADA,123996.00
2269,269,9,2025-01-17 02:00:00,PAGADA,31410.75
2270,270,10,2025-01-17 02:10:00,CREADA,63645.00
2271,271,1,2025-01-17 02:20:00,PAGADA,96702.75
2272,272,2,2025-01-17 02:30:00,PAGADA,130584.00
2273,273,3,2025-01-17 02:40:00,PAGADA,33057.75
2274,274,4,2025-01-17 02:50:00,PAGADA,66939.00
2275,275,5,2025-01-17 03:00:00,CREADA,101643.75
2276,276,6,2025-01-17 03:10:00,PAGADA,137172.00
2277,277,7,2025-01-17 03:20:00,PAGADA,34704.75
2278,278,8,2025-01-17 03:30:00,PAGADA,70233.00
2279,279,9,2025-01-17 03:40:00,PAGADA,106584.75
2280,280,10,2025-01-17 03:50:00,ANULADA,143760.00
2281,281,1,2025-01-17 04:00:00,PAGADA,36351.75
2282,282,2,2025-01-17 04:10:00,PAGADA,73527.00
2283,283,3,2025-01-17 04:20:00,PAGADA,111525.75
2284,284,4,2025-01-17 04:30:00,PAGADA,150348.00
2285,285,5,2025-01-17 04:40:00,CREADA,37998.75
2286,286,6,2025-01-17 04:50:00,PAGADA,76821.00
2287,287,7,2025-01-17 05:00:00,PAGADA,116466.75
2288,288,8,2025-01-17 05:10:00,PAGADA,156936.00
2289,289,9,2025-01-17 05:20:00,PAGADA,39645.75
2290,290,10,2025-01-17 05:30:00,CREADA,80115.00
2291,291,1,2025-01-17 05:40:00,PAGADA,121407.75
2292,292,2,2025-01-17 05:50:00,PAGADA,163524.00
2293,293,3,2025-01-17 06:00:00,PAGADA,41292.75
2294,294,4,2025-01-17 06:10:00,PAGADA,83409.00
2295,295,5,2025-01-17 06:20:00,CREADA,126348.75
2296,296,6,2025-01-17 06:30:00,PAGADA,170112.00
2297,297,7,2025-01-17 06:40:00,PAGADA,42939.75
2298,298,8,2025-01-17 06:50:00,PAGADA,86703.00
2299,299,9,2025-01-17 07:00:00,PAGADA,131289.75
2300,300,10,2025-01-17 07:10:00,CREADA,176700.00
2301,301,1,2025-01-17 07:20:00,PAGADA,3411.75
2302,302,2,2025-01-17 07:30:00,PAGADA,7647.00
2303,303,3,2025-01-17 07:40:00,PAGADA,12705.75
2304,304,4,2025-01-17 07:50:00,PAGADA,18588.00
2305,305,5,2025-01-17 08:00:00,CREADA,5058.75
2306,306,6,2025-01-17 08:10:00,PAGADA,10941.00
2307,307,7,2025-01-17 08:20:00,PAGADA,17646.75
2308,308,8,2025-01-17 08:30:00,PAGADA,25176.00
2309,309,9,2025-01-17 08:40:00,PAGADA,6705.75
2310,310,10,2025-01-17 08:50:00,ANULADA,14235.00
2311,311,1,2025-01-17 09:00:00,PAGADA,22587.75
2312,312,2,2025-01-17 09:10:00,PAGADA,31764.00
2313,313,3,2025-01-17 09:20:00,PAGADA,8352.75
2314,314,4,2025-01-17 09:30:00,PAGADA,17529.00
2315,315,5,2025-01-17 09:40:00,CREADA,27528.75
2316,316,6,2025-01-17 09:50:00,PAGADA,38352.00
2317,317,7,2025-01-17 10:00:00,PAGADA,9999.75
2318,318,8,2025-01-17 10:10:00,PAGADA,20823.00
2319,319,9,2025-01-17 10:20:00,PAGADA,32469.75
2320,320,10,2025-01-17 10:30:00,CREADA,44940.00
2321,321,1,2025-01-17 10:40:00,PAGADA,11646.75
2322,322,2,2025-01-17 10:50:00,PAGADA,24117.00
2323,323,3,2025-01-17 11:00:00,PAGADA,37410.75
2324,324,4,2025-01-17 11:10:00,PAGADA,51528.00
2325,325,5,2025-01-17 11:20:00,CREADA,13293.75
2326,326,6,2025-01-17 11:30:00,PAGADA,27411.00
2327,327,7,2025-01-17 11:40:00,PAGADA,42351.75
2328,328,8,2025-01-17 11:50:00,PAGADA,58116.00
2329,329,9,2025-01-17 12:00:00,PAGADA,14940.75
2330,330,10,2025-01-17 12:10:00,CREADA,30705.00
2331,331,1,2025-01-17 12:20:00,PAGADA,47292.75
2332,332,2,2025-01-17 12:30:00,PAGADA,64704.00
2333,333,3,2025-01-17 12:40:00,PAGADA,16587.75
2334,334,4,2025-01-17 12:50:00,PAGADA,33999.00
2335,335,5,2025-01-17 13:00:00,CREADA,52233.75
2336,336,6,2025-01-17 13:10:00,PAGADA,71292.00
2337,337,7,2025-01-17 13:20:00,PAGADA,18234.75
2338,338,8,2025-01-17 13:30:00,PAGADA,37293.00
2339,339,9,2025-01-17 13:40:00,PAGADA,57174.75
2340,340,10,2025-01-17 13:50:00,ANULADA,77880.00
2341,341,1,2025-01-17 14:00:00,PAGADA,19881.75
2342,342,2,2025-01-17 14:10:00,PAGADA,40587.00
2343,343,3,2025-01-17 14:20:00,PAGADA,62115.75
2344,344,4,2025-01-17 14:30:00,PAGADA,84468.00
2345,345,5,2025-01-17 14:40:00,CREADA,21528.75
2346,346,6,2025-01-17 14:50:00,PAGADA,43881.00
2347,347,7,2025-01-17 15:00:00,PAGADA,67056.75
2348,348,8,2025-01-17 15:10:00,PAGADA,91056.00
2349,349,9,2025-01-17 15:20:00,PAGADA,23175.75
2350,350,10,2025-01-17 15:30:00,CREADA,47175.00
2351,351,1,2025-01-17 15:40:00,PAGADA,71997.75
2352,352,2,2025-01-17 15:50:00,PAGADA,97644.00
2353,353,3,2025-01-17 16:00:00,PAGADA,24822.75
2354,354,4,2025-01-17 16:10:00,PAGADA,50469.00
2355,355,5,2025-01-17 16:20:00,CREADA,76938.75
2356,356,6,2025-01-17 16:30:00,PAGADA,104232.00
2357,357,7,2025-01-17 16:40:00,PAGADA,26469.75
2358,358,8,2025-01-17 16:50:00,PAGADA,53763.00
2359,359,9,2025-01-17 17:00:00,PAGADA,81879.75
2360,360,10,2025-01-17 17:10:00,CREADA,110820.00
2361,361,1,2025-01-17 17:20:00,PAGADA,28116.75
2362,362,2,2025-01-17 17:30:00,PAGADA,57057.00
2363,363,3,2025-01-17 17:40:00,PAGADA,86820.75
2364,364,4,2025-01-17 17:50:00,PAGADA,117408.00
2365,365,5,2025-01-17 18:00:00,CREADA,29763.75
2366,366,6,2025-01-17 18:10:00,PAGADA,60351.00
2367,367,7,2025-01-17 18:20:00,PAGADA,91761.75
2368,368,8,2025-01-17 18:30:00,PAGADA,123996.00
2369,369,9,2025-01-17 18:40:00,PAGADA,31410.75
2370,370,10,2025-01-17 18:50:00,ANULADA,63645.00
2371,371,1,2025-01-17 19:00:00,PAGADA,96702.75
2372,372,2,2025-01-17 19:10:00,PAGADA,130584.00
2373,373,3,2025-01-17 19:20:00,PAGADA,33057.75
2374,374,4,2025-01-17 19:30:00,PAGADA,66939.00
2375,375,5,2025-01-17 19:40:00,CREADA,101643.75
2376,376,6,2025-01-17 19:50:00,PAGADA,137172.00
2377,377,7,2025-01-17 20:00:00,PAGADA,34704.75
2378,378,8,2025-01-17 20:10:00,PAGADA,70233.00
2379,379,9,2025-01-17 20:20:00,PAGADA,106584.75
2380,380,10,2025-01-17 20:30:00,CREADA,143760.00
2381,381,1,2025-01-17 20:40:00,PAGADA,36351.75
2382,382,2,2025-01-17 20:50:00,PAGADA,73527.00
2383,383,3,2025-01-17 21:00:00,PAGADA,111525.75
2384,384,4,2025-01-17 21:10:00,PAGADA,150348.00
2385,385,5,2025-01-17 21:20:00,CREADA,37998.75
2386,386,6,2025-01-17 21:30:00,PAGADA,76821.00
2387,387,7,2025-01-17 21:40:00,PAGADA,116466.75
2388,388,8,2025-01-17 21:50:00,PAGADA,156936.00
2389,389,9,2025-01-17 22:00:00,PAGADA,39645.75
2390,390,10,2025-01-17 22:10:00,CREADA,80115.00
2391,391,1,2025-01-17 22:20:00,PAGADA,121407.75
2392,392,2,2025-01-17 22:30:00,PAGADA,163524.00
2393,393,3,2025-01-17 22:40:00,PAGADA,41292.75
2394,394,4,2025-01-17 22:50:00,PAGADA,83409.00
2395,395,5,2025-01-17 23:00:00,CREADA,126348.75
2396,396,6,2025-01-17 23:10:00,PAGADA,170112.00
2397,397,7,2025-01-17 23:20:00,PAGADA,42939.75
2398,398,8,2025-01-17 23:30:00,PAGADA,86703.00
2399,399,9,2025-01-17 23:40:00,PAGADA,131289.75
2400,400,10,2025-01-17 23:50:00,ANULADA,176700.00
2401,401,1,2025-01-18 00:00:00,PAGADA,3411.75
2402,402,2,2025-01-18 00:10:00,PAGADA,7647.00
2403,403,3,2025-01-18 00:20:00,PAGADA,12705.75
2404,404,4,2025-01-18 00:30:00,PAGADA,18588.00
2405,405,5,2025-01-18 00:40:00,CREADA,5058.75
2406,406,6,2025-01-18 00:50:00,PAGADA,10941.00
2407,407,7,2025-01-18 01:00:00,PAGADA,17646.75
2408,408,8,2025-01-18 01:10:00,PAGADA,25176.00
2409,409,9,2025-01-18 01:20:00,PAGADA,6705.75
2410,410,10,2025-01-18 01:30:00,CREADA,14235.00
2411,411,1,2025-01-18 01:40:00,PAGADA,22587.75
2412,412,2,2025-01-18 01:50:00,PAGADA,31764.00
2413,413,3,2025-01-18 02:00:00,PAGADA,8352.75
2414,414,4,2025-01-18 02:10:00,PAGADA,17529.00
2415,415,5,2025-01-18 02:20:00,CREADA,27528.75
2416,416,6,2025-01-18 02:30:00,PAGADA,38352.00
2417,417,7,2025-01-18 02:40:00,PAGADA,9999.75
2418,418,8,2025-01-18 02:50:00,PAGADA,20823.00
2419,419,9,2025-01-18 03:00:00,PAGADA,32469.75
2420,420,10,2025-01-18 03:10:00,CREADA,44940.00
2421,421,1,2025-01-18 03:20:00,PAGADA,11646.75
2422,422,2,2025-01-18 03:30:00,PAGADA,24117.00
2423,423,3,2025-01-18 03:40:00,PAGADA,37410.75
2424,424,4,2025-01-18 03:50:00,PAGADA,51528.00
2425,425,5,2025-01-18 04:00:00,CREADA,13293.75
2426,426,6,2025-01-18 04:10:00,PAGADA,27411.00
2427,427,7,2025-01-18 04:20:00,PAGADA,42351.75
2428,428,8,2025-01-18 04:30:00,PAGADA,58116.00
2429,429,9,2025-01-18 04:40:00,PAGADA,14940.75
2430,430,10,2025-01-18 04:50:00,ANULADA,30705.00
2431,431,1,2025-01-18 05:00:00,PAGADA,47292.75
2432,432,2,2025-01-18 05:10:00,PAGADA,64704.00
2433,433,3,2025-01-18 05:20:00,PAGADA,16587.75
2434,434,4,2025-01-18 05:30:00,PAGADA,33999.00
2435,435,5,2025-01-18 05:40:00,CREADA,52233.75
2436,436,6,2025-01-18 05:50:00,PAGADA,71292.00
2437,437,7,2025-01-18 06:00:00,PAGADA,18234.75
2438,438,8,2025-01-18 06:10:00,PAGADA,37293.00
2439,439,9,2025-01-18 06:20:00,PAGADA,57174.75
2440,440,10,2025-01-18 06:30:00,CREADA,77880.00
2441,441,1,2025-01-18 06:40:00,PAGADA,19881.75
2442,442,2,2025-01-18 06:50:00,PAGADA,40587.00
2443,443,3,2025-01-18 07:00:00,PAGADA,62115.75
2444,444,4,2025-01-18 07:10:00,PAGADA,84468.00
2445,445,5,2025-01-18 07:20:00,CREADA,21528.75
2446,446,6,2025-01-18 07:30:00,PAGADA,43881.00
2447,447,7,2025-01-18 07:40:00,PAGADA,67056.75
2448,448,8,2025-01-18 07:50:00,PAGADA,91056.00
2449,449,9,2025-01-18 08:00:00,PAGADA,23175.75
2450,450,10,2025-01-18 08:10:00,CREADA,47175.00
2451,451,1,2025-01-18 08:20:00,PAGADA,71997.75
2452,452,2,2025-01-18 08:30:00,PAGADA,97644.00
2453,453,3,2025-01-18 08:40:00,PAGADA,24822.75
2454,454,4,2025-01-18 08:50:00,PAGADA,50469.00
2455,455,5,2025-01-18 09:00:00,CREADA,76938.75
2456,456,6,2025-01-18 09:10:00,PAGADA,104232.00
2457,457,7,2025-01-18 09:20:00,PAGADA,26469.75
2458,458,8,2025-01-18 09:30:00,PAGADA,53763.00
2459,459,9,2025-01-18 09:40:00,PAGADA,81879.75
2460,460,10,2025-01-18 09:50:00,ANULADA,110820.00
2461,461,1,2025-01-18 10:00:00,PAGADA,28116.75
2462,462,2,2025-01-18 10:10:00,PAGADA,57057.00
2463,463,3,2025-01-18 10:20:00,PAGADA,86820.75
2464,464,4,2025-01-18 10:30:00,PAGADA,117408.00
2465,465,5,2025-01-18 10:40:00,CREADA,29763.75
2466,466,6,2025-01-18 10:50:00,PAGADA,60351.00
2467,467,7,2025-01-18 11:00:00,PAGADA,91761.75
2468,468,8,2025-01-18 11:10:00,PAGADA,123996.00
2469,469,9,2025-01-18 11:20:00,PAGADA,31410.75
2470,470,10,2025-01-18 11:30:00,CREADA,63645.00
2471,471,1,2025-01-18 11:40:00,PAGADA,96702.75
2472,472,2,2025-01-18 11:50:00,PAGADA,130584.00
2473,473,3,2025-01-18 12:00:00,PAGADA,33057.75
2474,474,4,2025-01-18 12:10:00,PAGADA,66939.00
2475,475,5,2025-01-18 12:20:00,CREADA,101643.75
2476,476,6,2025-01-18 12:30:00,PAGADA,137172.00
2477,477,7,2025-01-18 12:40:00,PAGADA,34704.75
2478,478,8,2025-01-18 12:50:00,PAGADA,70233.00
2479,479,9,2025-01-18 13:00:00,PAGADA,106584.75
2480,480,10,2025-01-18 13:10:00,CREADA,143760.00
2481,481,1,2025-01-18 13:20:00,PAGADA,36351.75
2482,482,2,2025-01-18 13:30:00,PAGADA,73527.00
2483,483,3,2025-01-18 13:40:00,PAGADA,111525.75
2484,484,4,2025-01-18 13:50:00,PAGADA,150348.00
2485,485,5,2025-01-18 14:00:00,CREADA,37998.75
2486,486,6,2025-01-18 14:10:00,PAGADA,76821.00
2487,487,7,2025-01-18 14:20:00,PAGADA,116466.75
2488,488,8,2025-01-18 14:30:00,PAGADA,156936.00
2489,489,9,2025-01-18 14:40:00,PAGADA,39645.75
2490,490,10,2025-01-18 14:50:00,ANULADA,80115.00
2491,491,1,2025-01-18 15:00:00,PAGADA,121407.75
2492,492,2,2025-01-18 15:10:00,PAGADA,163524.00
2493,493,3,2025-01-18 15:20:00,PAGADA,41292.75
2494,494,4,2025-01-18 15:30:00,PAGADA,83409.00
2495,495,5,2025-01-18 15:40:00,CREADA,126348.75
2496,496,6,2025-01-18 15:50:00,PAGADA,170112.00
2497,497,7,2025-01-18 16:00:00,PAGADA,42939.75
2498,498,8,2025-01-18 16:10:00,PAGADA,86703.00
2499,499,9,2025-01-18 16:20:00,PAGADA,131289.75
2500,500,10,2025-01-18 16:30:00,CREADA,176700.00
2501,1,1,2025-01-18 16:40:00,PAGADA,3411.75
2502,2,2,2025-01-18 16:50:00,PAGADA,7647.00
2503,3,3,2025-01-18 17:00:00,PAGADA,12705.75
2504,4,4,2025-01-18 17:10:00,PAGADA,18588.00
2505,5,5,2025-01-18 17:20:00,CREADA,5058.75
2506,6,6,2025-01-18 17:30:00,PAGADA,10941.00
2507,7,7,2025-01-18 17:40:00,PAGADA,17646.75
2508,8,8,2025-01-18 17:50:00,PAGADA,25176.00
2509,9,9,2025-01-18 18:00:00,PAGADA,6705.75
2510,10,10,2025-01-18 18:10:00,CREADA,14235.00
2511,11,1,2025-01-18 18:20:00,PAGADA,22587.75
2512,12,2,2025-01-18 18:30:00,PAGADA,31764.00
2513,13,3,2025-01-18 18:40:00,PAGADA,8352.75
2514,14,4,2025-01-18 18:50:00,PAGADA,17529.00
2515,15,5,2025-01-18 19:00:00,CREADA,27528.75
2516,16,6,2025-01-18 19:10:00,PAGADA,38352.00
2517,17,7,2025-01-18 19:20:00,PAGADA,9999.75
2518,18,8,2025-01-18 19:30:00,PAGADA,20823.00
2519,19,9,2025-01-18 19:40:00,PAGADA,32469.75
2520,20,10,2025-01-18 19:50:00,ANULADA,44940.00
2521,21,1,2025-01-18 20:00:00,PAGADA,11646.75
2522,22,2,2025-01-18 20:10:00,PAGADA,24117.00
2523,23,3,2025-01-18 20:20:00,PAGADA,37410.75
2524,24,4,2025-01-18 20:30:00,PAGADA,51528.00
2525,25,5,2025-01-18 20:40:00,CREADA,13293.75
2526,26,6,2025-01-18 20:50:00,PAGADA,27411.00
2527,27,7,2025-01-18 21:00:00,PAGADA,42351.75
2528,28,8,2025-01-18 21:10:00,PAGADA,58116.00
2529,29,9,2025-01-18 21:20:00,PAGADA,14940.75
2530,30,10,2025-01-18 21:30:00,CREADA,30705.00
2531,31,1,2025-01-18 21:40:00,PAGADA,47292.75
2532,32,2,2025-01-18 21:50:00,PAGADA,64704.00
2533,33,3,2025-01-18 22:00:00,PAGADA,16587.75
2534,34,4,2025-01-18 22:10:00,PAGADA,33999.00
2535,35,5,2025-01-18 22:20:00,CREADA,52233.75
2536,36,6,2025-01-18 22:30:00,PAGADA,71292.00
2537,37,7,2025-01-18 22:40:00,PAGADA,18234.75
2538,38,8,2025-01-18 22:50:00,PAGADA,37293.00
2539,39,9,2025-01-18 23:00:00,PAGADA,57174.75
2540,40,10,2025-01-18 23:10:00,CREADA,77880.00
2541,41,1,2025-01-18 23:20:00,PAGADA,19881.75
2542,42,2,2025-01-18 23:30:00,PAGADA,40587.00
2543,43,3,2025-01-18 23:40:00,PAGADA,62115.75
2544,44,4,2025-01-18 23:50:00,PAGADA,84468.00
2545,45,5,2025-01-19 00:00:00,CREADA,21528.75
2546,46,6,2025-01-19 00:10:00,PAGADA,43881.00
2547,47,7,2025-01-19 00:20:00,PAGADA,67056.75
2548,48,8,2025-01-19 00:30:00,PAGADA,91056.00
2549,49,9,2025-01-19 00:40:00,PAGADA,23175.75
2550,50,10,2025-01-19 00:50:00,ANULADA,47175.00
2551,51,1,2025-01-19 01:00:00,PAGADA,71997.75
2552,52,2,2025-01-19 01:10:00,PAGADA,97644.00
2553,53,3,2025-01-19 01:20:00,PAGADA,24822.75
2554,54,4,2025-01-19 01:30:00,PAGADA,50469.00
2555,55,5,2025-01-19 01:40:00,CREADA,76938.75
2556,56,6,2025-01-19 01:50:00,PAGADA,104232.00
2557,57,7,2025-01-19 02:00:00,PAGADA,26469.75
2558,58,8,2025-01-19 02:10:00,PAGADA,53763.00
2559,59,9,2025-01-19 02:20:00,PAGADA,81879.75
2560,60,10,2025-01-19 02:30:00,CREADA,110820.00
2561,61,1,2025-01-19 02:40:00,PAGADA,28116.75
2562,62,2,2025-01-19 02:50:00,PAGADA,57057.00
2563,63,3,2025-01-19 03:00:00,PAGADA,86820.75
2564,64,4,2025-01-19 03:10:00,PAGADA,117408.00
2565,65,5,2025-01-19 03:20:00,CREADA,29763.75
2566,66,6,2025-01-19 03:30:00,PAGADA,60351.00
2567,67,7,2025-01-19 03:40:00,PAGADA,91761.75
2568,68,8,2025-01-19 03:50:00,PAGADA,123996.00
2569,69,9,2025-01-19 04:00:00,PAGADA,31410.75
2570,70,10,2025-01-19 04:10:00,CREADA,63645.00
2571,71,1,2025-01-19 04:20:00,PAGADA,96702.75
2572,72,2,2025-01-19 04:30:00,PAGADA,130584.00
2573,73,3,2025-01-19 04:40:00,PAGADA,33057.75
2574,74,4,2025-01-19 04:50:00,PAGADA,66939.00
2575,75,5,2025-01-19 05:00:00,CREADA,101643.75
2576,76,6,2025-01-19 05:10:00,PAGADA,137172.00
2577,77,7,2025-01-19 05:20:00,PAGADA,34704.75
2578,78,8,2025-01-19 05:30:00,PAGADA,70233.00
2579,79,9,2025-01-19 05:40:00,PAGADA,106584.75
2580,80,10,2025-01-19 05:50:00,ANULADA,143760.00
2581,81,1,2025-01-19 06:00:00,PAGADA,36351.75
2582,82,2,2025-01-19 06:10:00,PAGADA,73527.00
2583,83,3,2025-01-19 06:20:00,PAGADA,111525.75
2584,84,4,2025-01-19 06:30:00,PAGADA,150348.00
2585,85,5,2025-01-19 06:40:00,CREADA,37998.75
2586,86,6,2025-01-19 06:50:00,PAGADA,76821.00
2587,87,7,2025-01-19 07:00:00,PAGADA,116466.75
2588,88,8,2025-01-19 07:10:00,PAGADA,156936.00
2589,89,9,2025-01-19 07:20:00,PAGADA,39645.75
2590,90,10,2025-01-19 07:30:00,CREADA,80115.00
2591,91,1,2025-01-19 07:40:00,PAGADA,121407.75
2592,92,2,2025-01-19 07:50:00,PAGADA,163524.00
2593,93,3,2025-01-19 08:00:00,PAGADA,41292.75
2594,94,4,2025-01-19 08:10:00,PAGADA,83409.00
2595,95,5,2025-01-19 08:20:00,CREADA,126348.75
2596,96,6,2025-01-19 08:30:00,PAGADA,170112.00
2597,97,7,2025-01-19 08:40:00,PAGADA,42939.75
2598,98,8,2025-01-19 08:50:00,PAGADA,86703.00
2599,99,9,2025-01-19 09:00:00,PAGADA,131289.75
2600,100,10,2025-01-19 09:10:00,CREADA,176700.00
2601,101,1,2025-01-19 09:20:00,PAGADA,3411.75
2602,102,2,2025-01-19 09:30:00,PAGADA,7647.00
2603,103,3,2025-01-19 09:40:00,PAGADA,12705.75
2604,104,4,2025-01-19 09:50:00,PAGADA,18588.00
2605,105,5,2025-01-19 10:00:00,CREADA,5058.75
2606,106,6,2025-01-19 10:10:00,PAGADA,10941.00
2607,107,7,2025-01-19 10:20:00,PAGADA,17646.75
2608,108,8,2025-01-19 10:30:00,PAGADA,25176.00
2609,109,9,2025-01-19 10:40:00,PAGADA,6705.75
2610,110,10,2025-01-19 10:50:00,ANULADA,14235.00
2611,111,1,2025-01-19 11:00:00,PAGADA,22587.75
2612,112,2,2025-01-19 11:10:00,PAGADA,31764.00
2613,113,3,2025-01-19 11:20:00,PAGADA,8352.75
2614,114,4,2025-01-19 11:30:00,PAGADA,17529.00
2615,115,5,2025-01-19 11:40:00,CREADA,27528.75
2616,116,6,2025-01-19 11:50:00,PAGADA,38352.00
2617,117,7,2025-01-19 12:00:00,PAGADA,9999.75
2618,118,8,2025-01-19 12:10:00,PAGADA,20823.00
2619,119,9,2025-01-19 12:20:00,PAGADA,32469.75
2620,120,10,2025-01-19 12:30:00,CREADA,44940.00
2621,121,1,2025-01-19 12:40:00,PAGADA,11646.75
2622,122,2,2025-01-19 12:50:00,PAGADA,24117.00
2623,123,3,2025-01-19 13:00:00,PAGADA,37410.75
2624,124,4,2025-01-19 13:10:00,PAGADA,51528.00
2625,125,5,2025-01-19 13:20:00,CREADA,13293.75
2626,126,6,2025-01-19 13:30:00,PAGADA,27411.00
2627,127,7,2025-01-19 13:40:00,PAGADA,42351.75
2628,128,8,2025-01-19 13:50:00,PAGADA,58116.00
2629,129,9,2025-01-19 14:00:00,PAGADA,14940.75
2630,130,10,2025-01-19 14:10:00,CREADA,30705.00
2631,131,1,2025-01-19 14:20:00,PAGADA,47292.75
2632,132,2,2025-01-19 14:30:00,PAGADA,64704.00
2633,133,3,2025-01-19 14:40:00,PAGADA,16587.75
2634,134,4,2025-01-19 14:50:00,PAGADA,33999.00
2635,135,5,2025-01-19 15:00:00,CREADA,52233.75
2636,136,6,2025-01-19 15:10:00,PAGADA,71292.00
2637,137,7,2025-01-19 15:20:00,PAGADA,18234.75
2638,138,8,2025-01-19 15:30:00,PAGADA,37293.00
2639,139,9,2025-01-19 15:40:00,PAGADA,57174.75
2640,140,10,2025-01-19 15:50:00,ANULADA,77880.00
2641,141,1,2025-01-19 16:00:00,PAGADA,19881.75
2642,142,2,2025-01-19 16:10:00,PAGADA,40587.00
2643,143,3,2025-01-19 16:20:00,PAGADA,62115.75
2644,144,4,2025-01-19 16:30:00,PAGADA,84468.00
2645,145,5,2025-01-19 16:40:00,CREADA,21528.75
2646,146,6,2025-01-19 16:50:00,PAGADA,43881.00
2647,147,7,2025-01-19 17:00:00,PAGADA,67056.75
2648,148,8,2025-01-19 17:10:00,PAGADA,91056.00
2649,149,9,2025-01-19 17:20:00,PAGADA,23175.75
2650,150,10,2025-01-19 17:30:00,CREADA,47175.00
2651,151,1,2025-01-19 17:40:00,PAGADA,71997.75
2652,152,2,2025-01-19 17:50:00,PAGADA,97644.00
2653,153,3,2025-01-19 18:00:00,PAGADA,24822.75
2654,154,4,2025-01-19 18:10:00,PAGADA,50469.00
2655,155,5,2025-01-19 18:20:00,CREADA,76938.75
2656,156,6,2025-01-19 18:30:00,PAGADA,104232.00
2657,157,7,2025-01-19 18:40:00,PAGADA,26469.75
2658,158,8,2025-01-19 18:50:00,PAGADA,53763.00
2659,159,9,2025-01-19 19:00:00,PAGADA,81879.75
2660,160,10,2025-01-19 19:10:00,CREADA,110820.00
2661,161,1,2025-01-19 19:20:00,PAGADA,28116.75
2662,162,2,2025-01-19 19:30:00,PAGADA,57057.00
2663,163,3,2025-01-19 19:40:00,PAGADA,86820.75
2664,164,4,2025-01-19 19:50:00,PAGADA,117408.00
2665,165,5,2025-01-19 20:00:00,CREADA,29763.75
2666,166,6,2025-01-19 20:10:00,PAGADA,60351.00
2667,167,7,2025-01-19 20:20:00,PAGADA,91761.75
2668,168,8,2025-01-19 20:30:00,PAGADA,123996.00
2669,169,9,2025-01-19 20:40:00,PAGADA,31410.75
2670,170,10,2025-01-19 20:50:00,ANULADA,63645.00
2671,171,1,2025-01-19 21:00:00,PAGADA,96702.75
2672,172,2,2025-01-19 21:10:00,PAGADA,130584.00
2673,173,3,2025-01-19 21:20:00,PAGADA,33057.75
2674,174,4,2025-01-19 21:30:00,PAGADA,66939.00
2675,175,5,2025-01-19 21:40:00,CREADA,101643.75
2676,176,6,2025-01-19 21:50:00,PAGADA,137172.00
2677,177,7,2025-01-19 22:00:00,PAGADA,34704.75
2678,178,8,2025-01-19 22:10:00,PAGADA,70233.00
2679,179,9,2025-01-19 22:20:00,PAGADA,106584.75
2680,180,10,2025-01-19 22:30:00,CREADA,143760.00
2681,181,1,2025-01-19 22:40:00,PAGADA,36351.75
2682,182,2,2025-01-19 22:50:00,PAGADA,73527.00
2683,183,3,2025-01-19 23:00:00,PAGADA,111525.75
2684,184,4,2025-01-19 23:10:00,PAGADA,150348.00
2685,185,5,2025-01-19 23:20:00,CREADA,37998.75
2686,186,6,2025-01-19 23:30:00,PAGADA,76821.00
2687,187,7,2025-01-19 23:40:00,PAGADA,116466.75
2688,188,8,2025-01-19 23:50:00,PAGADA,156936.00
2689,189,9,2025-01-20 00:00:00,PAGADA,39645.75
2690,190,10,2025-01-20 00:10:00,CREADA,80115.00
2691,191,1,2025-01-20 00:20:00,PAGADA,121407.75
2692,192,2,2025-01-20 00:30:00,PAGADA,163524.00
2693,193,3,2025-01-20 00:40:00,PAGADA,41292.75
2694,194,4,2025-01-20 00:50:00,PAGADA,83409.00
2695,195,5,2025-01-20 01:00:00,CREADA,126348.75
2696,196,6,2025-01-20 01:10:00,PAGADA,170112.00
2697,197,7,2025-01-20 01:20:00,PAGADA,42939.75
2698,198,8,2025-01-20 01:30:00,PAGADA,86703.00
2699,199,9,2025-01-20 01:40:00,PAGADA,131289.75
2700,200,10,2025-01-20 01:50:00,ANULADA,176700.00
2701,201,1,2025-01-20 02:00:00,PAGADA,3411.75
2702,202,2,2025-01-20 02:10:00,PAGADA,7647.00
2703,203,3,2025-01-20 02:20:00,PAGADA,12705.75
2704,204,4,2025-01-20 02:30:00,PAGADA,18588.00
2705,205,5,2025-01-20 02:40:00,CREADA,5058.75
2706,206,6,2025-01-20 02:50:00,PAGADA,10941.00
2707,207,7,2025-01-20 03:00:00,PAGADA,17646.75
2708,208,8,2025-01-20 03:10:00,PAGADA,25176.00
2709,209,9,2025-01-20 03:20:00,PAGADA,6705.75
2710,210,10,2025-01-20 03:30:00,CREADA,14235.00
2711,211,1,2025-01-20 03:40:00,PAGADA,22587.75
2712,212,2,2025-01-20 03:50:00,PAGADA,31764.00
2713,213,3,2025-01-20 04:00:00,PAGADA,8352.75
2714,214,4,2025-01-20 04:10:00,PAGADA,17529.00
2715,215,5,2025-01-20 04:20:00,CREADA,27528.75
2716,216,6,2025-01-20 04:30:00,PAGADA,38352.00
2717,217,7,2025-01-20 04:40:00,PAGADA,9999.75
2718,218,8,2025-01-20 04:50:00,PAGADA,20823.00
2719,219,9,2025-01-20 05:00:00,PAGADA,32469.75
2720,220,10,2025-01-20 05:10:00,CREADA,44940.00
2721,221,1,2025-01-20 05:20:00,PAGADA,11646.75
2722,222,2,2025-01-20 05:30:00,PAGADA,24117.00
2723,223,3,2025-01-20 05:40:00,PAGADA,37410.75
2724,224,4,2025-01-20 05:50:00,PAGADA,51528.00
2725,225,5,2025-01-20 06:00:00,CREADA,13293.75
2726,226,6,2025-01-20 06:10:00,PAGADA,27411.00
2727,227,7,2025-01-20 06:20:00,PAGADA,42351.75
2728,228,8,2025-01-20 06:30:00,PAGADA,58116.00
2729,229,9,2025-01-20 06:40:00,PAGADA,14940.75
2730,230,10,2025-01-20 06:50:00,ANULADA,30705.00
2731,231,1,2025-01-20 07:00:00,PAGADA,47292.75
2732,232,2,2025-01-20 07:10:00,PAGADA,64704.00
2733,233,3,2025-01-20 07:20:00,PAGADA,16587.75
2734,234,4,2025-01-20 07:30:00,PAGADA,33999.00
2735,235,5,2025-01-20 07:40:00,CREADA,52233.75
2736,236,6,2025-01-20 07:50:00,PAGADA,71292.00
2737,237,7,2025-01-20 08:00:00,PAGADA,18234.75
2738,238,8,2025-01-20 08:10:00,PAGADA,37293.00
2739,239,9,2025-01-20 08:20:00,PAGADA,57174.75
2740,240,10,2025-01-20 08:30:00,CREADA,77880.00
2741,241,1,2025-01-20 08:40:00,PAGADA,19881.75
2742,242,2,2025-01-20 08:50:00,PAGADA,40587.00
2743,243,3,2025-01-20 09:00:00,PAGADA,62115.75
2744,244,4,2025-01-20 09:10:00,PAGADA,84468.00
2745,245,5,2025-01-20 09:20:00,CREADA,21528.75
2746,246,6,2025-01-20 09:30:00,PAGADA,43881.00
2747,247,7,2025-01-20 09:40:00,PAGADA,67056.75
2748,248,8,2025-01-20 09:50:00,PAGADA,91056.00
2749,249,9,2025-01-20 10:00:00,PAGADA,23175.75
2750,250,10,2025-01-20 10:10:00,CREADA,47175.00
2751,251,1,2025-01-20 10:20:00,PAGADA,71997.75
2752,252,2,2025-01-20 10:30:00,PAGADA,97644.00
2753,253,3,2025-01-20 10:40:00,PAGADA,24822.75
2754,254,4,2025-01-20 10:50:00,PAGADA,50469.00
2755,255,5,2025-01-20 11:00:00,CREADA,76938.75
2756,256,6,2025-01-20 11:10:00,PAGADA,104232.00
2757,257,7,2025-01-20 11:20:00,PAGADA,26469.75
2758,258,8,2025-01-20 11:30:00,PAGADA,53763.00
2759,259,9,2025-01-20 11:40:00,PAGADA,81879.75
2760,260,10,2025-01-20 11:50:00,ANULADA,110820.00
2761,261,1,2025-01-20 12:00:00,PAGADA,28116.75
2762,262,2,2025-01-20 12:10:00,PAGADA,57057.00
2763,263,3,2025-01-20 12:20:00,PAGADA,86820.75
2764,264,4,2025-01-20 12:30:00,PAGADA,117408.00
2765,265,5,2025-01-20 12:40:00,CREADA,29763.75
2766,266,6,2025-01-20 12:50:00,PAGADA,60351.00
2767,267,7,2025-01-20 13:00:00,PAGADA,91761.75
2768,268,8,2025-01-20 13:10:00,PAGADA,123996.00
2769,269,9,2025-01-20 13:20:00,PAGADA,31410.75
2770,270,10,2025-01-20 13:30:00,CREADA,63645.00
2771,271,1,2025-01-20 13:40:00,PAGADA,96702.75
2772,272,2,2025-01-20 13:50:00,PAGADA,130584.00
2773,273,3,2025-01-20 14:00:00,PAGADA,33057.75
2774,274,4,2025-01-20 14:10:00,PAGADA,66939.00
2775,275,5,2025-01-20 14:20:00,CREADA,101643.75
2776,276,6,2025-01-20 14:30:00,PAGADA,137172.00
2777,277,7,2025-01-20 14:40:00,PAGADA,34704.75
2778,278,8,2025-01-20 14:50:00,PAGADA,70233.00
2779,279,9,2025-01-20 15:00:00,PAGADA,106584.75
2780,280,10,2025-01-20 15:10:00,CREADA,143760.00
2781,281,1,2025-01-20 15:20:00,PAGADA,36351.75
2782,282,2,2025-01-20 15:30:00,PAGADA,73527.00
2783,283,3,2025-01-20 15:40:00,PAGADA,111525.75
2784,284,4,2025-01-20 15:50:00,PAGADA,150348.00
2785,285,5,2025-01-20 16:00:00,CREADA,37998.75
2786,286,6,2025-01-20 16:10:00,PAGADA,76821.00
2787,287,7,2025-01-20 16:20:00,PAGADA,116466.75
2788,288,8,2025-01-20 16:30:00,PAGADA,156936.00
2789,289,9,2025-01-20 16:40:00,PAGADA,39645.75
2790,290,10,2025-01-20 16:50:00,ANULADA,80115.00
2791,291,1,2025-01-20 17:00:00,PAGADA,121407.75
2792,292,2,2025-01-20 17:10:00,PAGADA,163524.00
2793,293,3,2025-01-20 17:20:00,PAGADA,41292.75
2794,294,4,2025-01-20 17:30:00,PAGADA,83409.00
2795,295,5,2025-01-20 17:40:00,CREADA,126348.75
2796,296,6,2025-01-20 17:50:00,PAGADA,170112.00
2797,297,7,2025-01-20 18:00:00,PAGADA,42939.75
2798,298,8,2025-01-20 18:10:00,PAGADA,86703.00
2799,299,9,2025-01-20 18:20:00,PAGADA,131289.75
2800,300,10,2025-01-20 18:30:00,CREADA,176700.00
2801,301,1,2025-01-20 18:40:00,PAGADA,3411.75
2802,302,2,2025-01-20 18:50:00,PAGADA,7647.00
2803,303,3,2025-01-20 19:00:00,PAGADA,12705.75
2804,304,4,2025-01-20 19:10:00,PAGADA,18588.00
2805,305,5,2025-01-20 19:20:00,CREADA,5058.75
2806,306,6,2025-01-20 19:30:00,PAGADA,10941.00
2807,307,7,2025-01-20 19:40:00,PAGADA,17646.75
2808,308,8,2025-01-20 19:50:00,PAGADA,25176.00
2809,309,9,2025-01-20 20:00:00,PAGADA,6705.75
2810,310,10,2025-01-20 20:10:00,CREADA,14235.00
2811,311,1,2025-01-20 20:20:00,PAGADA,22587.75
2812,312,2,2025-01-20 20:30:00,PAGADA,31764.00
2813,313,3,2025-01-20 20:40:00,PAGADA,8352.75
2814,314,4,2025-01-20 20:50:00,PAGADA,17529.00
2815,315,5,2025-01-20 21:00:00,CREADA,27528.75
2816,316,6,2025-01-20 21:10:00,PAGADA,38352.00
2817,317,7,2025-01-20 21:20:00,PAGADA,9999.75
2818,318,8,2025-01-20 21:30:00,PAGADA,20823.00
2819,319,9,2025-01-20 21:40:00,PAGADA,32469.75
2820,320,10,2025-01-20 21:50:00,ANULADA,44940.00
2821,321,1,2025-01-20 22:00:00,PAGADA,11646.75
2822,322,2,2025-01-20 22:10:00,PAGADA,24117.00
2823,323,3,2025-01-20 22:20:00,PAGADA,37410.75
2824,324,4,2025-01-20 22:30:00,PAGADA,51528.00
2825,325,5,2025-01-20 22:40:00,CREADA,13293.75
2826,326,6,2025-01-20 22:50:00,PAGADA,27411.00
2827,327,7,2025-01-20 23:00:00,PAGADA,42351.75
2828,328,8,2025-01-20 23:10:00,PAGADA,58116.00
2829,329,9,2025-01-20 23:20:00,PAGADA,14940.75
2830,330,10,2025-01-20 23:30:00,CREADA,30705.00
2831,331,1,2025-01-20 23:40:00,PAGADA,47292.75
2832,332,2,2025-01-20 23:50:00,PAGADA,64704.00
2833,333,3,2025-01-21 00:00:00,PAGADA,16587.75
2834,334,4,2025-01-21 00:10:00,PAGADA,33999.00
2835,335,5,2025-01-21 00:20:00,CREADA,52233.75
2836,336,6,2025-01-21 00:30:00,PAGADA,71292.00
2837,337,7,2025-01-21 00:40:00,PAGADA,18234.75
2838,338,8,2025-01-21 00:50:00,PAGADA,37293.00
2839,339,9,2025-01-21 01:00:00,PAGADA,57174.75
2840,340,10,2025-01-21 01:10:00,CREADA,77880.00
2841,341,1,2025-01-21 01:20:00,PAGADA,19881.75
2842,342,2,2025-01-21 01:30:00,PAGADA,40587.00
2843,343,3,2025-01-21 01:40:00,PAGADA,62115.75
2844,344,4,2025-01-21 01:50:00,PAGADA,84468.00
2845,345,5,2025-01-21 02:00:00,CREADA,21528.75
2846,346,6,2025-01-21 02:10:00,PAGADA,43881.00
2847,347,7,2025-01-21 02:20:00,PAGADA,67056.75
2848,348,8,2025-01-21 02:30:00,PAGADA,91056.00
2849,349,9,2025-01-21 02:40:00,PAGADA,23175.75
2850,350,10,2025-01-21 02:50:00,ANULADA,47175.00
2851,351,1,2025-01-21 03:00:00,PAGADA,71997.75
2852,352,2,2025-01-21 03:10:00,PAGADA,97644.00
2853,353,3,2025-01-21 03:20:00,PAGADA,24822.75
2854,354,4,2025-01-21 03:30:00,PAGADA,50469.00
2855,355,5,2025-01-21 03:40:00,CREADA,76938.75
2856,356,6,2025-01-21 03:50:00,PAGADA,104232.00
2857,357,7,2025-01-21 04:00:00,PAGADA,26469.75
2858,358,8,2025-01-21 04:10:00,PAGADA,53763.00
2859,359,9,2025-01-21 04:20:00,PAGADA,81879.75
2860,360,10,2025-01-21 04:30:00,CREADA,110820.00
2861,361,1,2025-01-21 04:40:00,PAGADA,28116.75
2862,362,2,2025-01-21 04:50:00,PAGADA,57057.00
2863,363,3,2025-01-21 05:00:00,PAGADA,86820.75
2864,364,4,2025-01-21 05:10:00,PAGADA,117408.00
2865,365,5,2025-01-21 05:20:00,CREADA,29763.75
2866,366,6,2025-01-21 05:30:00,PAGADA,60351.00
2867,367,7,2025-01-21 05:40:00,PAGADA,91761.75
2868,368,8,2025-01-21 05:50:00,PAGADA,123996.00
2869,369,9,2025-01-21 06:00:00,PAGADA,31410.75
2870,370,10,2025-01-21 06:10:00,CREADA,63645.00
2871,371,1,2025-01-21 06:20:00,PAGADA,96702.75
2872,372,2,2025-01-21 06:30:00,PAGADA,130584.00
2873,373,3,2025-01-21 06:40:00,PAGADA,33057.75
2874,374,4,2025-01-21 06:50:00,PAGADA,66939.00
2875,375,5,2025-01-21 07:00:00,CREADA,101643.75
2876,376,6,2025-01-21 07:10:00,PAGADA,137172.00
2877,377,7,2025-01-21 07:20:00,PAGADA,34704.75
2878,378,8,2025-01-21 07:30:00,PAGADA,70233.00
2879,379,9,2025-01-21 07:40:00,PAGADA,106584.75
2880,380,10,2025-01-21 07:50:00,ANULADA,143760.00
2881,381,1,2025-01-21 08:00:00,PAGADA,36351.75
2882,382,2,2025-01-21 08:10:00,PAGADA,73527.00
2883,383,3,2025-01-21 08:20:00,PAGADA,111525.75
2884,384,4,2025-01-21 08:30:00,PAGADA,150348.00
2885,385,5,2025-01-21 08:40:00,CREADA,37998.75
2886,386,6,2025-01-21 08:50:00,PAGADA,76821.00
2887,387,7,2025-01-21 09:00:00,PAGADA,116466.75
2888,388,8,2025-01-21 09:10:00,PAGADA,156936.00
2889,389,9,2025-01-21 09:20:00,PAGADA,39645.75
2890,390,10,2025-01-21 09:30:00,CREADA,80115.00
2891,391,1,2025-01-21 09:40:00,PAGADA,121407.75
2892,392,2,2025-01-21 09:50:00,PAGADA,163524.00
2893,393,3,2025-01-21 10:00:00,PAGADA,41292.75
2894,394,4,2025-01-21 10:10:00,PAGADA,83409.00
2895,395,5,2025-01-21 10:20:00,CREADA,126348.75
2896,396,6,2025-01-21 10:30:00,PAGADA,170112.00
2897,397,7,2025-01-21 10:40:00,PAGADA,42939.75
2898,398,8,2025-01-21 10:50:00,PAGADA,86703.00
2899,399,9,2025-01-21 11:00:00,PAGADA,131289.75
2900,400,10,2025-01-21 11:10:00,CREADA,176700.00
2901,401,1,2025-01-21 11:20:00,PAGADA,3411.75
2902,402,2,2025-01-21 11:30:00,PAGADA,7647.00
2903,403,3,2025-01-21 11:40:00,PAGADA,12705.75
2904,404,4,2025-01-21 11:50:00,PAGADA,18588.00
2905,405,5,2025-01-21 12:00:00,CREADA,5058.75
2906,406,6,2025-01-21 12:10:00,PAGADA,10941.00
2907,407,7,2025-01-21 12:20:00,PAGADA,17646.75
2908,408,8,2025-01-21 12:30:00,PAGADA,25176.00
2909,409,9,2025-01-21 12:40:00,PAGADA,6705.75
2910,410,10,2025-01-21 12:50:00,ANULADA,14235.00
2911,411,1,2025-01-21 13:00:00,PAGADA,22587.75
2912,412,2,2025-01-21 13:10:00,PAGADA,31764.00
2913,413,3,2025-01-21 13:20:00,PAGADA,8352.75
2914,414,4,2025-01-21 13:30:00,PAGADA,17529.00
2915,415,5,2025-01-21 13:40:00,CREADA,27528.75
2916,416,6,2025-01-21 13:50:00,PAGADA,38352.00
2917,417,7,2025-01-21 14:00:00,PAGADA,9999.75
2918,418,8,2025-01-21 14:10:00,PAGADA,20823.00
2919,419,9,2025-01-21 14:20:00,PAGADA,32469.75
2920,420,10,2025-01-21 14:30:00,CREADA,44940.00
2921,421,1,2025-01-21 14:40:00,PAGADA,11646.75
2922,422,2,2025-01-21 14:50:00,PAGADA,24117.00
2923,423,3,2025-01-21 15:00:00,PAGADA,37410.75
2924,424,4,2025-01-21 15:10:00,PAGADA,51528.00
2925,425,5,2025-01-21 15:20:00,CREADA,13293.75
2926,426,6,2025-01-21 15:30:00,PAGADA,27411.00
2927,427,7,2025-01-21 15:40:00,PAGADA,42351.75
2928,428,8,2025-01-21 15:50:00,PAGADA,58116.00
2929,429,9,2025-01-21 16:00:00,PAGADA,14940.75
2930,430,10,2025-01-21 16:10:00,CREADA,30705.00
2931,431,1,2025-01-21 16:20:00,PAGADA,47292.75
2932,432,2,2025-01-21 16:30:00,PAGADA,64704.00
2933,433,3,2025-01-21 16:40:00,PAGADA,16587.75
2934,434,4,2025-01-21 16:50:00,PAGADA,33999.00
2935,435,5,2025-01-21 17:00:00,CREADA,52233.75
2936,436,6,2025-01-21 17:10:00,PAGADA,71292.00
2937,437,7,2025-01-21 17:20:00,PAGADA,18234.75
2938,438,8,2025-01-21 17:30:00,PAGADA,37293.00
2939,439,9,2025-01-21 17:40:00,PAGADA,57174.75
2940,440,10,2025-01-21 17:50:00,ANULADA,77880.00
2941,441,1,2025-01-21 18:00:00,PAGADA,19881.75
2942,442,2,2025-01-21 18:10:00,PAGADA,40587.00
2943,443,3,2025-01-21 18:20:00,PAGADA,62115.75
2944,444,4,2025-01-21 18:30:00,PAGADA,84468.00
2945,445,5,2025-01-21 18:40:00,CREADA,21528.75
2946,446,6,2025-01-21 18:50:00,PAGADA,43881.00
2947,447,7,2025-01-21 19:00:00,PAGADA,67056.75
2948,448,8,2025-01-21 19:10:00,PAGADA,91056.00
2949,449,9,2025-01-21 19:20:00,PAGADA,23175.75
2950,450,10,2025-01-21 19:30:00,CREADA,47175.00
2951,451,1,2025-01-21 19:40:00,PAGADA,71997.75
2952,452,2,2025-01-21 19:50:00,PAGADA,97644.00
2953,453,3,2025-01-21 20:00:00,PAGADA,24822.75
2954,454,4,2025-01-21 20:10:00,PAGADA,50469.00
2955,455,5,2025-01-21 20:20:00,CREADA,76938.75
2956,456,6,2025-01-21 20:30:00,PAGADA,104232.00
2957,457,7,2025-01-21 20:40:00,PAGADA,26469.75
2958,458,8,2025-01-21 20:50:00,PAGADA,53763.00
2959,459,9,2025-01-21 21:00:00,PAGADA,81879.75
2960,460,10,2025-01-21 21:10:00,CREADA,110820.00
2961,461,1,2025-01-21 21:20:00,PAGADA,28116.75
2962,462,2,2025-01-21 21:30:00,PAGADA,57057.00
2963,463,3,2025-01-21 21:40:00,PAGADA,86820.75
2964,464,4,2025-01-21 21:50:00,PAGADA,117408.00
2965,465,5,2025-01-21 22:00:00,CREADA,29763.75
2966,466,6,2025-01-21 22:10:00,PAGADA,60351.00
2967,467,7,2025-01-21 22:20:00,PAGADA,91761.75
2968,468,8,2025-01-21 22:30:00,PAGADA,123996.00
2969,469,9,2025-01-21 22:40:00,PAGADA,31410.75
2970,470,10,2025-01-21 22:50:00,ANULADA,63645.00
2971,471,1,2025-01-21 23:00:00,PAGADA,96702.75
2972,472,2,2025-01-21 23:10:00,PAGADA,130584.00
2973,473,3,2025-01-21 23:20:00,PAGADA,33057.75
2974,474,4,2025-01-21 23:30:00,PAGADA,66939.00
2975,475,5,2025-01-21 23:40:00,CREADA,101643.75
2976,476,6,2025-01-21 23:50:00,PAGADA,137172.00
2977,477,7,2025-01-22 00:00:00,PAGADA,34704.75
2978,478,8,2025-01-22 00:10:00,PAGADA,70233.00
2979,479,9,2025-01-22 00:20:00,PAGADA,106584.75
2980,480,10,2025-01-22 00:30:00,CREADA,143760.00
2981,481,1,2025-01-22 00:40:00,PAGADA,36351.75
2982,482,2,2025-01-22 00:50:00,PAGADA,73527.00
2983,483,3,2025-01-22 01:00:00,PAGADA,111525.75
2984,484,4,2025-01-22 01:10:00,PAGADA,150348.00
2985,485,5,2025-01-22 01:20:00,CREADA,37998.75
2986,486,6,2025-01-22 01:30:00,PAGADA,76821.00
2987,487,7,2025-01-22 01:40:00,PAGADA,116466.75
2988,488,8,2025-01-22 01:50:00,PAGADA,156936.00
2989,489,9,2025-01-22 02:00:00,PAGADA,39645.75
2990,490,10,2025-01-22 02:10:00,CREADA,80115.00
2991,491,1,2025-01-22 02:20:00,PAGADA,121407.75
2992,492,2,2025-01-22 02:30:00,PAGADA,163524.00
2993,493,3,2025-01-22 02:40:00,PAGADA,41292.75
2994,494,4,2025-01-22 02:50:00,PAGADA,83409.00
2995,495,5,2025-01-22 03:00:00,CREADA,126348.75
2996,496,6,2025-01-22 03:10:00,PAGADA,170112.00
2997,497,7,2025-01-22 03:20:00,PAGADA,42939.75
2998,498,8,2025-01-22 03:30:00,PAGADA,86703.00
2999,499,9,2025-01-22 03:40:00,PAGADA,131289.75
3000,500,10,2025-01-22 03:50:00,ANULADA,176700.00
3001,1,1,2025-01-22 04:00:00,PAGADA,3411.75
3002,2,2,2025-01-22 04:10:00,PAGADA,7647.00
3003,3,3,2025-01-22 04:20:00,PAGADA,12705.75
3004,4,4,2025-01-22 04:30:00,PAGADA,18588.00
3005,5,5,2025-01-22 04:40:00,CREADA,5058.75
3006,6,6,2025-01-22 04:50:00,PAGADA,10941.00
3007,7,7,2025-01-22 05:00:00,PAGADA,17646.75
3008,8,8,2025-01-22 05:10:00,PAGADA,25176.00
3009,9,9,2025-01-22 05:20:00,PAGADA,6705.75
3010,10,10,2025-01-22 05:30:00,CREADA,14235.00
3011,11,1,2025-01-22 05:40:00,PAGADA,22587.75
3012,12,2,2025-01-22 05:50:00,PAGADA,31764.00
3013,13,3,2025-01-22 06:00:00,PAGADA,8352.75
3014,14,4,2025-01-22 06:10:00,PAGADA,17529.00
3015,15,5,2025-01-22 06:20:00,CREADA,27528.75
3016,16,6,2025-01-22 06:30:00,PAGADA,38352.00
3017,17,7,2025-01-22 06:40:00,PAGADA,9999.75
3018,18,8,2025-01-22 06:50:00,PAGADA,20823.00
3019,19,9,2025-01-22 07:00:00,PAGADA,32469.75
3020,20,10,2025-01-22 07:10:00,CREADA,44940.00
3021,21,1,2025-01-22 07:20:00,PAGADA,11646.75
3022,22,2,2025-01-22 07:30:00,PAGADA,24117.00
3023,23,3,2025-01-22 07:40:00,PAGADA,37410.75
3024,24,4,2025-01-22 07:50:00,PAGADA,51528.00
3025,25,5,2025-01-22 08:00:00,CREADA,13293.75
3026,26,6,2025-01-22 08:10:00,PAGADA,27411.00
3027,27,7,2025-01-22 08:20:00,PAGADA,42351.75
3028,28,8,2025-01-22 08:30:00,PAGADA,58116.00
3029,29,9,2025-01-22 08:40:00,PAGADA,14940.75
3030,30,10,2025-01-22 08:50:00,ANULADA,30705.00
3031,31,1,2025-01-22 09:00:00,PAGADA,47292.75
3032,32,2,2025-01-22 09:10:00,PAGADA,64704.00
3033,33,3,2025-01-22 09:20:00,PAGADA,16587.75
3034,34,4,2025-01-22 09:30:00,PAGADA,33999.00
3035,35,5,2025-01-22 09:40:00,CREADA,52233.75
3036,36,6,2025-01-22 09:50:00,PAGADA,71292.00
3037,37,7,2025-01-22 10:00:00,PAGADA,18234.75
3038,38,8,2025-01-22 10:10:00,PAGADA,37293.00
3039,39,9,2025-01-22 10:20:00,PAGADA,57174.75
3040,40,10,2025-01-22 10:30:00,CREADA,77880.00
3041,41,1,2025-01-22 10:40:00,PAGADA,19881.75
3042,42,2,2025-01-22 10:50:00,PAGADA,40587.00
3043,43,3,2025-01-22 11:00:00,PAGADA,62115.75
3044,44,4,2025-01-22 11:10:00,PAGADA,84468.00
3045,45,5,2025-01-22 11:20:00,CREADA,21528.75
3046,46,6,2025-01-22 11:30:00,PAGADA,43881.00
3047,47,7,2025-01-22 11:40:00,PAGADA,67056.75
3048,48,8,2025-01-22 11:50:00,PAGADA,91056.00
3049,49,9,2025-01-22 12:00:00,PAGADA,23175.75
3050,50,10,2025-01-22 12:10:00,CREADA,47175.00
3051,51,1,2025-01-22 12:20:00,PAGADA,71997.75
3052,52,2,2025-01-22 12:30:00,PAGADA,97644.00
3053,53,3,2025-01-22 12:40:00,PAGADA,24822.75
3054,54,4,2025-01-22 12:50:00,PAGADA,50469.00
3055,55,5,2025-01-22 13:00:00,CREADA,76938.75
3056,56,6,2025-01-22 13:10:00,PAGADA,104232.00
3057,57,7,2025-01-22 13:20:00,PAGADA,26469.75
3058,58,8,2025-01-22 13:30:00,PAGADA,53763.00
3059,59,9,2025-01-22 13:40:00,PAGADA,81879.75
3060,60,10,2025-01-22 13:50:00,ANULADA,110820.00
3061,61,1,2025-01-22 14:00:00,PAGADA,28116.75
3062,62,2,2025-01-22 14:10:00,PAGADA,57057.00
3063,63,3,2025-01-22 14:20:00,PAGADA,86820.75
3064,64,4,2025-01-22 14:30:00,PAGADA,117408.00
3065,65,5,2025-01-22 14:40:00,CREADA,29763.75
3066,66,6,2025-01-22 14:50:00,PAGADA,60351.00
3067,67,7,2025-01-22 15:00:00,PAGADA,91761.75
3068,68,8,2025-01-22 15:10:00,PAGADA,123996.00
3069,69,9,2025-01-22 15:20:00,PAGADA,31410.75
3070,70,10,2025-01-22 15:30:00,CREADA,63645.00
3071,71,1,2025-01-22 15:40:00,PAGADA,96702.75
3072,72,2,2025-01-22 15:50:00,PAGADA,130584.00
3073,73,3,2025-01-22 16:00:00,PAGADA,33057.75
3074,74,4,2025-01-22 16:10:00,PAGADA,66939.00
3075,75,5,2025-01-22 16:20:00,CREADA,101643.75
3076,76,6,2025-01-22 16:30:00,PAGADA,137172.00
3077,77,7,2025-01-22 16:40:00,PAGADA,34704.75
3078,78,8,2025-01-22 16:50:00,PAGADA,70233.00
3079,79,9,2025-01-22 17:00:00,PAGADA,106584.75
3080,80,10,2025-01-22 17:10:00,CREADA,143760.00
3081,81,1,2025-01-22 17:20:00,PAGADA,36351.75
3082,82,2,2025-01-22 17:30:00,PAGADA,73527.00
3083,83,3,2025-01-22 17:40:00,PAGADA,111525.75
3084,84,4,2025-01-22 17:50:00,PAGADA,150348.00
3085,85,5,2025-01-22 18:00:00,CREADA,37998.75
3086,86,6,2025-01-22 18:10:00,PAGADA,76821.00
3087,87,7,2025-01-22 18:20:00,PAGADA,116466.75
3088,88,8,2025-01-22 18:30:00,PAGADA,156936.00
3089,89,9,2025-01-22 18:40:00,PAGADA,39645.75
3090,90,10,2025-01-22 18:50:00,ANULADA,80115.00
3091,91,1,2025-01-22 19:00:00,PAGADA,121407.75
3092,92,2,2025-01-22 19:10:00,PAGADA,163524.00
3093,93,3,2025-01-22 19:20:00,PAGADA,41292.75
3094,94,4,2025-01-22 19:30:00,PAGADA,83409.00
3095,95,5,2025-01-22 19:40:00,CREADA,126348.75
3096,96,6,2025-01-22 19:50:00,PAGADA,170112.00
3097,97,7,2025-01-22 20:00:00,PAGADA,42939.75
3098,98,8,2025-01-22 20:10:00,PAGADA,86703.00
3099,99,9,2025-01-22 20:20:00,PAGADA,131289.75
3100,100,10,2025-01-22 20:30:00,CREADA,176700.00
3101,101,1,2025-01-22 20:40:00,PAGADA,3411.75
3102,102,2,2025-01-22 20:50:00,PAGADA,7647.00
3103,103,3,2025-01-22 21:00:00,PAGADA,12705.75
3104,104,4,2025-01-22 21:10:00,PAGADA,18588.00
3105,105,5,2025-01-22 21:20:00,CREADA,5058.75
3106,106,6,2025-01-22 21:30:00,PAGADA,10941.00
3107,107,7,2025-01-22 21:40:00,PAGADA,17646.75
3108,108,8,2025-01-22 21:50:00,PAGADA,25176.00
3109,109,9,2025-01-22 22:00:00,PAGADA,6705.75
3110,110,10,2025-01-22 22:10:00,CREADA,14235.00
3111,111,1,2025-01-22 22:20:00,PAGADA,22587.75
3112,112,2,2025-01-22 22:30:00,PAGADA,31764.00
3113,113,3,2025-01-22 22:40:00,PAGADA,8352.75
3114,114,4,2025-01-22 22:50:00,PAGADA,17529.00
3115,115,5,2025-01-22 23:00:00,CREADA,27528.75
3116,116,6,2025-01-22 23:10:00,PAGADA,38352.00
3117,117,7,2025-01-22 23:20:00,PAGADA,9999.75
3118,118,8,2025-01-22 23:30:00,PAGADA,20823.00
3119,119,9,2025-01-22 23:40:00,PAGADA,32469.75
3120,120,10,2025-01-22 23:50:00,ANULADA,44940.00
3121,121,1,2025-01-23 00:00:00,PAGADA,11646.75
3122,122,2,2025-01-23 00:10:00,PAGADA,24117.00
3123,123,3,2025-01-23 00:20:00,PAGADA,37410.75
3124,124,4,2025-01-23 00:30:00,PAGADA,51528.00
3125,125,5,2025-01-23 00:40:00,CREADA,13293.75
3126,126,6,2025-01-23 00:50:00,PAGADA,27411.00
3127,127,7,2025-01-23 01:00:00,PAGADA,42351.75
3128,128,8,2025-01-23 01:10:00,PAGADA,58116.00
3129,129,9,2025-01-23 01:20:00,PAGADA,14940.75
3130,130,10,2025-01-23 01:30:00,CREADA,30705.00
3131,131,1,2025-01-23 01:40:00,PAGADA,47292.75
3132,132,2,2025-01-23 01:50:00,PAGADA,64704.00
3133,133,3,2025-01-23 02:00:00,PAGADA,16587.75
3134,134,4,2025-01-23 02:10:00,PAGADA,33999.00
3135,135,5,2025-01-23 02:20:00,CREADA,52233.75
3136,136,6,2025-01-23 02:30:00,PAGADA,71292.00
3137,137,7,2025-01-23 02:40:00,PAGADA,18234.75
3138,138,8,2025-01-23 02:50:00,PAGADA,37293.00
3139,139,9,2025-01-23 03:00:00,PAGADA,57174.75
3140,140,10,2025-01-23 03:10:00,CREADA,77880.00
3141,141,1,2025-01-23 03:20:00,PAGADA,19881.75
3142,142,2,2025-01-23 03:30:00,PAGADA,40587.00
3143,143,3,2025-01-23 03:40:00,PAGADA,62115.75
3144,144,4,2025-01-23 03:50:00,PAGADA,84468.00
3145,145,5,2025-01-23 04:00:00,CREADA,21528.75
3146,146,6,2025-01-23 04:10:00,PAGADA,43881.00
3147,147,7,2025-01-23 04:20:00,PAGADA,67056.75
3148,148,8,2025-01-23 04:30:00,PAGADA,91056.00
3149,149,9,2025-01-23 04:40:00,PAGADA,23175.75
3150,150,10,2025-01-23 04:50:00,ANULADA,47175.00
3151,151,1,2025-01-23 05:00:00,PAGADA,71997.75
3152,152,2,2025-01-23 05:10:00,PAGADA,97644.00
3153,153,3,2025-01-23 05:20:00,PAGADA,24822.75
3154,154,4,2025-01-23 05:30:00,PAGADA,50469.00
3155,155,5,2025-01-23 05:40:00,CREADA,76938.75
3156,156,6,2025-01-23 05:50:00,PAGADA,104232.00
3157,157,7,2025-01-23 06:00:00,PAGADA,26469.75
3158,158,8,2025-01-23 06:10:00,PAGADA,53763.00
3159,159,9,2025-01-23 06:20:00,PAGADA,81879.75
3160,160,10,2025-01-23 06:30:00,CREADA,110820.00
3161,161,1,2025-01-23 06:40:00,PAGADA,28116.75
3162,162,2,2025-01-23 06:50:00,PAGADA,57057.00
3163,163,3,2025-01-23 07:00:00,PAGADA,86820.75
3164,164,4,2025-01-23 07:10:00,PAGADA,117408.00
3165,165,5,2025-01-23 07:20:00,CREADA,29763.75
3166,166,6,2025-01-23 07:30:00,PAGADA,60351.00
3167,167,7,2025-01-23 07:40:00,PAGADA,91761.75
3168,168,8,2025-01-23 07:50:00,PAGADA,123996.00
3169,169,9,2025-01-23 08:00:00,PAGADA,31410.75
3170,170,10,2025-01-23 08:10:00,CREADA,63645.00
3171,171,1,2025-01-23 08:20:00,PAGADA,96702.75
3172,172,2,2025-01-23 08:30:00,PAGADA,130584.00
3173,173,3,2025-01-23 08:40:00,PAGADA,33057.75
3174,174,4,2025-01-23 08:50:00,PAGADA,66939.00
3175,175,5,2025-01-23 09:00:00,CREADA,101643.75
3176,176,6,2025-01-23 09:10:00,PAGADA,137172.00
3177,177,7,2025-01-23 09:20:00,PAGADA,34704.75
3178,178,8,2025-01-23 09:30:00,PAGADA,70233.00
3179,179,9,2025-01-23 09:40:00,PAGADA,106584.75
3180,180,10,2025-01-23 09:50:00,ANULADA,143760.00
3181,181,1,2025-01-23 10:00:00,PAGADA,36351.75
3182,182,2,2025-01-23 10:10:00,PAGADA,73527.00
3183,183,3,2025-01-23 10:20:00,PAGADA,111525.75
3184,184,4,2025-01-23 10:30:00,PAGADA,150348.00
3185,185,5,2025-01-23 10:40:00,CREADA,37998.75
3186,186,6,2025-01-23 10:50:00,PAGADA,76821.00
3187,187,7,2025-01-23 11:00:00,PAGADA,116466.75
3188,188,8,2025-01-23 11:10:00,PAGADA,156936.00
3189,189,9,2025-01-23 11:20:00,PAGADA,39645.75
3190,190,10,2025-01-23 11:30:00,CREADA,80115.00
3191,191,1,2025-01-23 11:40:00,PAGADA,121407.75
3192,192,2,2025-01-23 11:50:00,PAGADA,163524.00
3193,193,3,2025-01-23 12:00:00,PAGADA,41292.75
3194,194,4,2025-01-23 12:10:00,PAGADA,83409.00
3195,195,5,2025-01-23 12:20:00,CREADA,126348.75
3196,196,6,2025-01-23 12:30:00,PAGADA,170112.00
3197,197,7,2025-01-23 12:40:00,PAGADA,42939.75
3198,198,8,2025-01-23 12:50:00,PAGADA,86703.00
3199,199,9,2025-01-23 13:00:00,PAGADA,131289.75
3200,200,10,2025-01-23 13:10:00,CREADA,176700.00
3201,201,1,2025-01-23 13:20:00,PAGADA,3411.75
3202,202,2,2025-01-23 13:30:00,PAGADA,7647.00
3203,203,3,2025-01-23 13:40:00,PAGADA,12705.75
3204,204,4,2025-01-23 13:50:00,PAGADA,18588.00
3205,205,5,2025-01-23 14:00:00,CREADA,5058.75
3206,206,6,2025-01-23 14:10:00,PAGADA,10941.00
3207,207,7,2025-01-23 14:20:00,PAGADA,17646.75
3208,208,8,2025-01-23 14:30:00,PAGADA,25176.00
3209,209,9,2025-01-23 14:40:00,PAGADA,6705.75
3210,210,10,2025-01-23 14:50:00,ANULADA,14235.00
3211,211,1,2025-01-23 15:00:00,PAGADA,22587.75
3212,212,2,2025-01-23 15:10:00,PAGADA,31764.00
3213,213,3,2025-01-23 15:20:00,PAGADA,8352.75
3214,214,4,2025-01-23 15:30:00,PAGADA,17529.00
3215,215,5,2025-01-23 15:40:00,CREADA,27528.75
3216,216,6,2025-01-23 15:50:00,PAGADA,38352.00
3217,217,7,2025-01-23 16:00:00,PAGADA,9999.75
3218,218,8,2025-01-23 16:10:00,PAGADA,20823.00
3219,219,9,2025-01-23 16:20:00,PAGADA,32469.75
3220,220,10,2025-01-23 16:30:00,CREADA,44940.00
3221,221,1,2025-01-23 16:40:00,PAGADA,11646.75
3222,222,2,2025-01-23 16:50:00,PAGADA,24117.00
3223,223,3,2025-01-23 17:00:00,PAGADA,37410.75
3224,224,4,2025-01-23 17:10:00,PAGADA,51528.00
3225,225,5,2025-01-23 17:20:00,CREADA,13293.75
3226,226,6,2025-01-23 17:30:00,PAGADA,27411.00
3227,227,7,2025-01-23 17:40:00,PAGADA,42351.75
3228,228,8,2025-01-23 17:50:00,PAGADA,58116.00
3229,229,9,2025-01-23 18:00:00,PAGADA,14940.75
3230,230,10,2025-01-23 18:10:00,CREADA,30705.00
3231,231,1,2025-01-23 18:20:00,PAGADA,47292.75
3232,232,2,2025-01-23 18:30:00,PAGADA,64704.00
3233,233,3,2025-01-23 18:40:00,PAGADA,16587.75
3234,234,4,2025-01-23 18:50:00,PAGADA,33999.00
3235,235,5,2025-01-23 19:00:00,CREADA,52233.75
3236,236,6,2025-01-23 19:10:00,PAGADA,71292.00
3237,237,7,2025-01-23 19:20:00,PAGADA,18234.75
3238,238,8,2025-01-23 19:30:00,PAGADA,37293.00
3239,239,9,2025-01-23 19:40:00,PAGADA,57174.75
3240,240,10,2025-01-23 19:50:00,ANULADA,77880.00
3241,241,1,2025-01-23 20:00:00,PAGADA,19881.75
3242,242,2,2025-01-23 20:10:00,PAGADA,40587.00
3243,243,3,2025-01-23 20:20:00,PAGADA,62115.75
3244,244,4,2025-01-23 20:30:00,PAGADA,84468.00
3245,245,5,2025-01-23 20:40:00,CREADA,21528.75
3246,246,6,2025-01-23 20:50:00,PAGADA,43881.00
3247,247,7,2025-01-23 21:00:00,PAGADA,67056.75
3248,248,8,2025-01-23 21:10:00,PAGADA,91056.00
3249,249,9,2025-01-23 21:20:00,PAGADA,23175.75
3250,250,10,2025-01-23 21:30:00,CREADA,47175.00
3251,251,1,2025-01-23 21:40:00,PAGADA,71997.75
3252,252,2,2025-01-23 21:50:00,PAGADA,97644.00
3253,253,3,2025-01-23 22:00:00,PAGADA,24822.75
3254,254,4,2025-01-23 22:10:00,PAGADA,50469.00
3255,255,5,2025-01-23 22:20:00,CREADA,76938.75
3256,256,6,2025-01-23 22:30:00,PAGADA,104232.00
3257,257,7,2025-01-23 22:40:00,PAGADA,26469.75
3258,258,8,2025-01-23 22:50:00,PAGADA,53763.00
3259,259,9,2025-01-23 23:00:00,PAGADA,81879.75
3260,260,10,2025-01-23 23:10:00,CREADA,110820.00
3261,261,1,2025-01-23 23:20:00,PAGADA,28116.75
3262,262,2,2025-01-23 23:30:00,PAGADA,57057.00
3263,263,3,2025-01-23 23:40:00,PAGADA,86820.75
3264,264,4,2025-01-23 23:50:00,PAGADA,117408.00
3265,265,5,2025-01-24 00:00:00,CREADA,29763.75
3266,266,6,2025-01-24 00:10:00,PAGADA,60351.00
3267,267,7,2025-01-24 00:20:00,PAGADA,91761.75
3268,268,8,2025-01-24 00:30:00,PAGADA,123996.00
3269,269,9,2025-01-24 00:40:00,PAGADA,31410.75
3270,270,10,2025-01-24 00:50:00,ANULADA,63645.00
3271,271,1,2025-01-24 01:00:00,PAGADA,96702.75
3272,272,2,2025-01-24 01:10:00,PAGADA,130584.00
3273,273,3,2025-01-24 01:20:00,PAGADA,33057.75
3274,274,4,2025-01-24 01:30:00,PAGADA,66939.00
3275,275,5,2025-01-24 01:40:00,CREADA,101643.75
3276,276,6,2025-01-24 01:50:00,PAGADA,137172.00
3277,277,7,2025-01-24 02:00:00,PAGADA,34704.75
3278,278,8,2025-01-24 02:10:00,PAGADA,70233.00
3279,279,9,2025-01-24 02:20:00,PAGADA,106584.75
3280,280,10,2025-01-24 02:30:00,CREADA,143760.00
3281,281,1,2025-01-24 02:40:00,PAGADA,36351.75
3282,282,2,2025-01-24 02:50:00,PAGADA,73527.00
3283,283,3,2025-01-24 03:00:00,PAGADA,111525.75
3284,284,4,2025-01-24 03:10:00,PAGADA,150348.00
3285,285,5,2025-01-24 03:20:00,CREADA,37998.75
3286,286,6,2025-01-24 03:30:00,PAGADA,76821.00
3287,287,7,2025-01-24 03:40:00,PAGADA,116466.75
3288,288,8,2025-01-24 03:50:00,PAGADA,156936.00
3289,289,9,2025-01-24 04:00:00,PAGADA,39645.75
3290,290,10,2025-01-24 04:10:00,CREADA,80115.00
3291,291,1,2025-01-24 04:20:00,PAGADA,121407.75
3292,292,2,2025-01-24 04:30:00,PAGADA,163524.00
3293,293,3,2025-01-24 04:40:00,PAGADA,41292.75
3294,294,4,2025-01-24 04:50:00,PAGADA,83409.00
3295,295,5,2025-01-24 05:00:00,CREADA,126348.75
3296,296,6,2025-01-24 05:10:00,PAGADA,170112.00
3297,297,7,2025-01-24 05:20:00,PAGADA,42939.75
3298,298,8,2025-01-24 05:30:00,PAGADA,86703.00
3299,299,9,2025-01-24 05:40:00,PAGADA,131289.75
3300,300,10,2025-01-24 05:50:00,ANULADA,176700.00
3301,301,1,2025-01-24 06:00:00,PAGADA,3411.75
3302,302,2,2025-01-24 06:10:00,PAGADA,7647.00
3303,303,3,2025-01-24 06:20:00,PAGADA,12705.75
3304,304,4,2025-01-24 06:30:00,PAGADA,18588.00
3305,305,5,2025-01-24 06:40:00,CREADA,5058.75
3306,306,6,2025-01-24 06:50:00,PAGADA,10941.00
3307,307,7,2025-01-24 07:00:00,PAGADA,17646.75
3308,308,8,2025-01-24 07:10:00,PAGADA,25176.00
3309,309,9,2025-01-24 07:20:00,PAGADA,6705.75
3310,310,10,2025-01-24 07:30:00,CREADA,14235.00
3311,311,1,2025-01-24 07:40:00,PAGADA,22587.75
3312,312,2,2025-01-24 07:50:00,PAGADA,31764.00
3313,313,3,2025-01-24 08:00:00,PAGADA,8352.75
3314,314,4,2025-01-24 08:10:00,PAGADA,17529.00
3315,315,5,2025-01-24 08:20:00,CREADA,27528.75
3316,316,6,2025-01-24 08:30:00,PAGADA,38352.00
3317,317,7,2025-01-24 08:40:00,PAGADA,9999.75
3318,318,8,2025-01-24 08:50:00,PAGADA,20823.00
3319,319,9,2025-01-24 09:00:00,PAGADA,32469.75
3320,320,10,2025-01-24 09:10:00,CREADA,44940.00
3321,321,1,2025-01-24 09:20:00,PAGADA,11646.75
3322,322,2,2025-01-24 09:30:00,PAGADA,24117.00
3323,323,3,2025-01-24 09:40:00,PAGADA,37410.75
3324,324,4,2025-01-24 09:50:00,PAGADA,51528.00
3325,325,5,2025-01-24 10:00:00,CREADA,13293.75
3326,326,6,2025-01-24 10:10:00,PAGADA,27411.00
3327,327,7,2025-01-24 10:20:00,PAGADA,42351.75
3328,328,8,2025-01-24 10:30:00,PAGADA,58116.00
3329,329,9,2025-01-24 10:40:00,PAGADA,14940.75
3330,330,10,2025-01-24 10:50:00,ANULADA,30705.00
3331,331,1,2025-01-24 11:00:00,PAGADA,47292.75
3332,332,2,2025-01-24 11:10:00,PAGADA,64704.00
3333,333,3,2025-01-24 11:20:00,PAGADA,16587.75
3334,334,4,2025-01-24 11:30:00,PAGADA,33999.00
3335,335,5,2025-01-24 11:40:00,CREADA,52233.75
3336,336,6,2025-01-24 11:50:00,PAGADA,71292.00
3337,337,7,2025-01-24 12:00:00,PAGADA,18234.75
3338,338,8,2025-01-24 12:10:00,PAGADA,37293.00
3339,339,9,2025-01-24 12:20:00,PAGADA,57174.75
3340,340,10,2025-01-24 12:30:00,CREADA,77880.00
3341,341,1,2025-01-24 12:40:00,PAGADA,19881.75
3342,342,2,2025-01-24 12:50:00,PAGADA,40587.00
3343,343,3,2025-01-24 13:00:00,PAGADA,62115.75
3344,344,4,2025-01-24 13:10:00,PAGADA,84468.00
3345,345,5,2025-01-24 13:20:00,CREADA,21528.75
3346,346,6,2025-01-24 13:30:00,PAGADA,43881.00
3347,347,7,2025-01-24 13:40:00,PAGADA,67056.75
3348,348,8,2025-01-24 13:50:00,PAGADA,91056.00
3349,349,9,2025-01-24 14:00:00,PAGADA,23175.75
3350,350,10,2025-01-24 14:10:00,CREADA,47175.00
3351,351,1,2025-01-24 14:20:00,PAGADA,71997.75
3352,352,2,2025-01-24 14:30:00,PAGADA,97644.00
3353,353,3,2025-01-24 14:40:00,PAGADA,24822.75
3354,354,4,2025-01-24 14:50:00,PAGADA,50469.00
3355,355,5,2025-01-24 15:00:00,CREADA,76938.75
3356,356,6,2025-01-24 15:10:00,PAGADA,104232.00
3357,357,7,2025-01-24 15:20:00,PAGADA,26469.75
3358,358,8,2025-01-24 15:30:00,PAGADA,53763.00
3359,359,9,2025-01-24 15:40:00,PAGADA,81879.75
3360,360,10,2025-01-24 15:50:00,ANULADA,110820.00
3361,361,1,2025-01-24 16:00:00,PAGADA,28116.75
3362,362,2,2025-01-24 16:10:00,PAGADA,57057.00
3363,363,3,2025-01-24 16:20:00,PAGADA,86820.75
3364,364,4,2025-01-24 16:30:00,PAGADA,117408.00
3365,365,5,2025-01-24 16:40:00,CREADA,29763.75
3366,366,6,2025-01-24 16:50:00,PAGADA,60351.00
3367,367,7,2025-01-24 17:00:00,PAGADA,91761.75
3368,368,8,2025-01-24 17:10:00,PAGADA,123996.00
3369,369,9,2025-01-24 17:20:00,PAGADA,31410.75
3370,370,10,2025-01-24 17:30:00,CREADA,63645.00
3371,371,1,2025-01-24 17:40:00,PAGADA,96702.75
3372,372,2,2025-01-24 17:50:00,PAGADA,130584.00
3373,373,3,2025-01-24 18:00:00,PAGADA,33057.75
3374,374,4,2025-01-24 18:10:00,PAGADA,66939.00
3375,375,5,2025-01-24 18:20:00,CREADA,101643.75
3376,376,6,2025-01-24 18:30:00,PAGADA,137172.00
3377,377,7,2025-01-24 18:40:00,PAGADA,34704.75
3378,378,8,2025-01-24 18:50:00,PAGADA,70233.00
3379,379,9,2025-01-24 19:00:00,PAGADA,106584.75
3380,380,10,2025-01-24 19:10:00,CREADA,143760.00
3381,381,1,2025-01-24 19:20:00,PAGADA,36351.75
3382,382,2,2025-01-24 19:30:00,PAGADA,73527.00
3383,383,3,2025-01-24 19:40:00,PAGADA,111525.75
3384,384,4,2025-01-24 19:50:00,PAGADA,150348.00
3385,385,5,2025-01-24 20:00:00,CREADA,37998.75
3386,386,6,2025-01-24 20:10:00,PAGADA,76821.00
3387,387,7,2025-01-24 20:20:00,PAGADA,116466.75
3388,388,8,2025-01-24 20:30:00,PAGADA,156936.00
3389,389,9,2025-01-24 20:40:00,PAGADA,39645.75
3390,390,10,2025-01-24 20:50:00,ANULADA,80115.00
3391,391,1,2025-01-24 21:00:00,PAGADA,121407.75
3392,392,2,2025-01-24 21:10:00,PAGADA,163524.00
3393,393,3,2025-01-24 21:20:00,PAGADA,41292.75
3394,394,4,2025-01-24 21:30:00,PAGADA,83409.00
3395,395,5,2025-01-24 21:40:00,CREADA,126348.75
3396,396,6,2025-01-24 21:50:00,PAGADA,170112.00
3397,397,7,2025-01-24 22:00:00,PAGADA,42939.75
3398,398,8,2025-01-24 22:10:00,PAGADA,86703.00
3399,399,9,2025-01-24 22:20:00,PAGADA,131289.75
3400,400,10,2025-01-24 22:30:00,CREADA,176700.00
3401,401,1,2025-01-24 22:40:00,PAGADA,3411.75
3402,402,2,2025-01-24 22:50:00,PAGADA,7647.00
3403,403,3,2025-01-24 23:00:00,PAGADA,12705.75
3404,404,4,2025-01-24 23:10:00,PAGADA,18588.00
3405,405,5,2025-01-24 23:20:00,CREADA,5058.75
3406,406,6,2025-01-24 23:30:00,PAGADA,10941.00
3407,407,7,2025-01-24 23:40:00,PAGADA,17646.75
3408,408,8,2025-01-24 23:50:00,PAGADA,25176.00
3409,409,9,2025-01-25 00:00:00,PAGADA,6705.75
3410,410,10,2025-01-25 00:10:00,CREADA,14235.00
3411,411,1,2025-01-25 00:20:00,PAGADA,22587.75
3412,412,2,2025-01-25 00:30:00,PAGADA,31764.00
3413,413,3,2025-01-25 00:40:00,PAGADA,8352.75
3414,414,4,2025-01-25 00:50:00,PAGADA,17529.00
3415,415,5,2025-01-25 01:00:00,CREADA,27528.75
3416,416,6,2025-01-25 01:10:00,PAGADA,38352.00
3417,417,7,2025-01-25 01:20:00,PAGADA,9999.75
3418,418,8,2025-01-25 01:30:00,PAGADA,20823.00
3419,419,9,2025-01-25 01:40:00,PAGADA,32469.75
3420,420,10,2025-01-25 01:50:00,ANULADA,44940.00
3421,421,1,2025-01-25 02:00:00,PAGADA,11646.75
3422,422,2,2025-01-25 02:10:00,PAGADA,24117.00
3423,423,3,2025-01-25 02:20:00,PAGADA,37410.75
3424,424,4,2025-01-25 02:30:00,PAGADA,51528.00
3425,425,5,2025-01-25 02:40:00,CREADA,13293.75
3426,426,6,2025-01-25 02:50:00,PAGADA,27411.00
3427,427,7,2025-01-25 03:00:00,PAGADA,42351.75
3428,428,8,2025-01-25 03:10:00,PAGADA,58116.00
3429,429,9,2025-01-25 03:20:00,PAGADA,14940.75
3430,430,10,2025-01-25 03:30:00,CREADA,30705.00
3431,431,1,2025-01-25 03:40:00,PAGADA,47292.75
3432,432,2,2025-01-25 03:50:00,PAGADA,64704.00
3433,433,3,2025-01-25 04:00:00,PAGADA,16587.75
3434,434,4,2025-01-25 04:10:00,PAGADA,33999.00
3435,435,5,2025-01-25 04:20:00,CREADA,52233.75
3436,436,6,2025-01-25 04:30:00,PAGADA,71292.00
3437,437,7,2025-01-25 04:40:00,PAGADA,18234.75
3438,438,8,2025-01-25 04:50:00,PAGADA,37293.00
3439,439,9,2025-01-25 05:00:00,PAGADA,57174.75
3440,440,10,2025-01-25 05:10:00,CREADA,77880.00
3441,441,1,2025-01-25 05:20:00,PAGADA,19881.75
3442,442,2,2025-01-25 05:30:00,PAGADA,40587.00
3443,443,3,2025-01-25 05:40:00,PAGADA,62115.75
3444,444,4,2025-01-25 05:50:00,PAGADA,84468.00
3445,445,5,2025-01-25 06:00:00,CREADA,21528.75
3446,446,6,2025-01-25 06:10:00,PAGADA,43881.00
3447,447,7,2025-01-25 06:20:00,PAGADA,67056.75
3448,448,8,2025-01-25 06:30:00,PAGADA,91056.00
3449,449,9,2025-01-25 06:40:00,PAGADA,23175.75
3450,450,10,2025-01-25 06:50:00,ANULADA,47175.00
3451,451,1,2025-01-25 07:00:00,PAGADA,71997.75
3452,452,2,2025-01-25 07:10:00,PAGADA,97644.00
3453,453,3,2025-01-25 07:20:00,PAGADA,24822.75
3454,454,4,2025-01-25 07:30:00,PAGADA,50469.00
3455,455,5,2025-01-25 07:40:00,CREADA,76938.75
3456,456,6,2025-01-25 07:50:00,PAGADA,104232.00
3457,457,7,2025-01-25 08:00:00,PAGADA,26469.75
3458,458,8,2025-01-25 08:10:00,PAGADA,53763.00
3459,459,9,2025-01-25 08:20:00,PAGADA,81879.75
3460,460,10,2025-01-25 08:30:00,CREADA,110820.00
3461,461,1,2025-01-25 08:40:00,PAGADA,28116.75
3462,462,2,2025-01-25 08:50:00,PAGADA,57057.00
3463,463,3,2025-01-25 09:00:00,PAGADA,86820.75
3464,464,4,2025-01-25 09:10:00,PAGADA,117408.00
3465,465,5,2025-01-25 09:20:00,CREADA,29763.75
3466,466,6,2025-01-25 09:30:00,PAGADA,60351.00
3467,467,7,2025-01-25 09:40:00,PAGADA,91761.75
3468,468,8,2025-01-25 09:50:00,PAGADA,123996.00
3469,469,9,2025-01-25 10:00:00,PAGADA,31410.75
3470,470,10,2025-01-25 10:10:00,CREADA,63645.00
3471,471,1,2025-01-25 10:20:00,PAGADA,96702.75
3472,472,2,2025-01-25 10:30:00,PAGADA,130584.00
3473,473,3,2025-01-25 10:40:00,PAGADA,33057.75
3474,474,4,2025-01-25 10:50:00,PAGADA,66939.00
3475,475,5,2025-01-25 11:00:00,CREADA,101643.75
3476,476,6,2025-01-25 11:10:00,PAGADA,137172.00
3477,477,7,2025-01-25 11:20:00,PAGADA,34704.75
3478,478,8,2025-01-25 11:30:00,PAGADA,70233.00
3479,479,9,2025-01-25 11:40:00,PAGADA,106584.75
3480,480,10,2025-01-25 11:50:00,ANULADA,143760.00
3481,481,1,2025-01-25 12:00:00,PAGADA,36351.75
3482,482,2,2025-01-25 12:10:00,PAGADA,73527.00
3483,483,3,2025-01-25 12:20:00,PAGADA,111525.75
3484,484,4,2025-01-25 12:30:00,PAGADA,150348.00
3485,485,5,2025-01-25 12:40:00,CREADA,37998.75
3486,486,6,2025-01-25 12:50:00,PAGADA,76821.00
3487,487,7,2025-01-25 13:00:00,PAGADA,116466.75
3488,488,8,2025-01-25 13:10:00,PAGADA,156936.00
3489,489,9,2025-01-25 13:20:00,PAGADA,39645.75
3490,490,10,2025-01-25 13:30:00,CREADA,80115.00
3491,491,1,2025-01-25 13:40:00,PAGADA,121407.75
3492,492,2,2025-01-25 13:50:00,PAGADA,163524.00
3493,493,3,2025-01-25 14:00:00,PAGADA,41292.75
3494,494,4,2025-01-25 14:10:00,PAGADA,83409.00
3495,495,5,2025-01-25 14:20:00,CREADA,126348.75
3496,496,6,2025-01-25 14:30:00,PAGADA,170112.00
3497,497,7,2025-01-25 14:40:00,PAGADA,42939.75
3498,498,8,2025-01-25 14:50:00,PAGADA,86703.00
3499,499,9,2025-01-25 15:00:00,PAGADA,131289.75
3500,500,10,2025-01-25 15:10:00,CREADA,176700.00
3501,1,1,2025-01-25 15:20:00,PAGADA,3411.75
3502,2,2,2025-01-25 15:30:00,PAGADA,7647.00
3503,3,3,2025-01-25 15:40:00,PAGADA,12705.75
3504,4,4,2025-01-25 15:50:00,PAGADA,18588.00
3505,5,5,2025-01-25 16:00:00,CREADA,5058.75
3506,6,6,2025-01-25 16:10:00,PAGADA,10941.00
3507,7,7,2025-01-25 16:20:00,PAGADA,17646.75
3508,8,8,2025-01-25 16:30:00,PAGADA,25176.00
3509,9,9,2025-01-25 16:40:00,PAGADA,6705.75
3510,10,10,2025-01-25 16:50:00,ANULADA,14235.00
3511,11,1,2025-01-25 17:00:00,PAGADA,22587.75
3512,12,2,2025-01-25 17:10:00,PAGADA,31764.00
3513,13,3,2025-01-25 17:20:00,PAGADA,8352.75
3514,14,4,2025-01-25 17:30:00,PAGADA,17529.00
3515,15,5,2025-01-25 17:40:00,CREADA,27528.75
3516,16,6,2025-01-25 17:50:00,PAGADA,38352.00
3517,17,7,2025-01-25 18:00:00,PAGADA,9999.75
3518,18,8,2025-01-25 18:10:00,PAGADA,20823.00
3519,19,9,2025-01-25 18:20:00,PAGADA,32469.75
3520,20,10,2025-01-25 18:30:00,CREADA,44940.00
3521,21,1,2025-01-25 18:40:00,PAGADA,11646.75
3522,22,2,2025-01-25 18:50:00,PAGADA,24117.00
3523,23,3,2025-01-25 19:00:00,PAGADA,37410.75
3524,24,4,2025-01-25 19:10:00,PAGADA,51528.00
3525,25,5,2025-01-25 19:20:00,CREADA,13293.75
3526,26,6,2025-01-25 19:30:00,PAGADA,27411.00
3527,27,7,2025-01-25 19:40:00,PAGADA,42351.75
3528,28,8,2025-01-25 19:50:00,PAGADA,58116.00
3529,29,9,2025-01-25 20:00:00,PAGADA,14940.75
3530,30,10,2025-01-25 20:10:00,CREADA,30705.00
3531,31,1,2025-01-25 20:20:00,PAGADA,47292.75
3532,32,2,2025-01-25 20:30:00,PAGADA,64704.00
3533,33,3,2025-01-25 20:40:00,PAGADA,16587.75
3534,34,4,2025-01-25 20:50:00,PAGADA,33999.00
3535,35,5,2025-01-25 21:00:00,CREADA,52233.75
3536,36,6,2025-01-25 21:10:00,PAGADA,71292.00
3537,37,7,2025-01-25 21:20:00,PAGADA,18234.75
3538,38,8,2025-01-25 21:30:00,PAGADA,37293.00
3539,39,9,2025-01-25 21:40:00,PAGADA,57174.75
3540,40,10,2025-01-25 21:50:00,ANULADA,77880.00
3541,41,1,2025-01-25 22:00:00,PAGADA,19881.75
3542,42,2,2025-01-25 22:10:00,PAGADA,40587.00
3543,43,3,2025-01-25 22:20:00,PAGADA,62115.75
3544,44,4,2025-01-25 22:30:00,PAGADA,84468.00
3545,45,5,2025-01-25 22:40:00,CREADA,21528.75
3546,46,6,2025-01-25 22:50:00,PAGADA,43881.00
3547,47,7,2025-01-25 23:00:00,PAGADA,67056.75
3548,48,8,2025-01-25 23:10:00,PAGADA,91056.00
3549,49,9,2025-01-25 23:20:00,PAGADA,23175.75
3550,50,10,2025-01-25 23:30:00,CREADA,47175.00
3551,51,1,2025-01-25 23:40:00,PAGADA,71997.75
3552,52,2,2025-01-25 23:50:00,PAGADA,97644.00
3553,53,3,2025-01-26 00:00:00,PAGADA,24822.75
3554,54,4,2025-01-26 00:10:00,PAGADA,50469.00
3555,55,5,2025-01-26 00:20:00,CREADA,76938.75
3556,56,6,2025-01-26 00:30:00,PAGADA,104232.00
3557,57,7,2025-01-26 00:40:00,PAGADA,26469.75
3558,58,8,2025-01-26 00:50:00,PAGADA,53763.00
3559,59,9,2025-01-26 01:00:00,PAGADA,81879.75
3560,60,10,2025-01-26 01:10:00,CREADA,110820.00
3561,61,1,2025-01-26 01:20:00,PAGADA,28116.75
3562,62,2,2025-01-26 01:30:00,PAGADA,57057.00
3563,63,3,2025-01-26 01:40:00,PAGADA,86820.75
3564,64,4,2025-01-26 01:50:00,PAGADA,117408.00
3565,65,5,2025-01-26 02:00:00,CREADA,29763.75
3566,66,6,2025-01-26 02:10:00,PAGADA,60351.00
3567,67,7,2025-01-26 02:20:00,PAGADA,91761.75
3568,68,8,2025-01-26 02:30:00,PAGADA,123996.00
3569,69,9,2025-01-26 02:40:00,PAGADA,31410.75
3570,70,10,2025-01-26 02:50:00,ANULADA,63645.00
3571,71,1,2025-01-26 03:00:00,PAGADA,96702.75
3572,72,2,2025-01-26 03:10:00,PAGADA,130584.00
3573,73,3,2025-01-26 03:20:00,PAGADA,33057.75
3574,74,4,2025-01-26 03:30:00,PAGADA,66939.00
3575,75,5,2025-01-26 03:40:00,CREADA,101643.75
3576,76,6,2025-01-26 03:50:00,PAGADA,137172.00
3577,77,7,2025-01-26 04:00:00,PAGADA,34704.75
3578,78,8,2025-01-26 04:10:00,PAGADA,70233.00
3579,79,9,2025-01-26 04:20:00,PAGADA,106584.75
3580,80,10,2025-01-26 04:30:00,CREADA,143760.00
3581,81,1,2025-01-26 04:40:00,PAGADA,36351.75
3582,82,2,2025-01-26 04:50:00,PAGADA,73527.00
3583,83,3,2025-01-26 05:00:00,PAGADA,111525.75
3584,84,4,2025-01-26 05:10:00,PAGADA,150348.00
3585,85,5,2025-01-26 05:20:00,CREADA,37998.75
3586,86,6,2025-01-26 05:30:00,PAGADA,76821.00
3587,87,7,2025-01-26 05:40:00,PAGADA,116466.75
3588,88,8,2025-01-26 05:50:00,PAGADA,156936.00
3589,89,9,2025-01-26 06:00:00,PAGADA,39645.75
3590,90,10,2025-01-26 06:10:00,CREADA,80115.00
3591,91,1,2025-01-26 06:20:00,PAGADA,121407.75
3592,92,2,2025-01-26 06:30:00,PAGADA,163524.00
3593,93,3,2025-01-26 06:40:00,PAGADA,41292.75
3594,94,4,2025-01-26 06:50:00,PAGADA,83409.00
3595,95,5,2025-01-26 07:00:00,CREADA,126348.75
3596,96,6,2025-01-26 07:10:00,PAGADA,170112.00
3597,97,7,2025-01-26 07:20:00,PAGADA,42939.75
3598,98,8,2025-01-26 07:30:00,PAGADA,86703.00
3599,99,9,2025-01-26 07:40:00,PAGADA,131289.75
3600,100,10,2025-01-26 07:50:00,ANULADA,176700.00
3601,101,1,2025-01-26 08:00:00,PAGADA,3411.75
3602,102,2,2025-01-26 08:10:00,PAGADA,7647.00
3603,103,3,2025-01-26 08:20:00,PAGADA,12705.75
3604,104,4,2025-01-26 08:30:00,PAGADA,18588.00
3605,105,5,2025-01-26 08:40:00,CREADA,5058.75
3606,106,6,2025-01-26 08:50:00,PAGADA,10941.00
3607,107,7,2025-01-26 09:00:00,PAGADA,17646.75
3608,108,8,2025-01-26 09:10:00,PAGADA,25176.00
3609,109,9,2025-01-26 09:20:00,PAGADA,6705.75
3610,110,10,2025-01-26 09:30:00,CREADA,14235.00
3611,111,1,2025-01-26 09:40:00,PAGADA,22587.75
3612,112,2,2025-01-26 09:50:00,PAGADA,31764.00
3613,113,3,2025-01-26 10:00:00,PAGADA,8352.75
3614,114,4,2025-01-26 10:10:00,PAGADA,17529.00
3615,115,5,2025-01-26 10:20:00,CREADA,27528.75
3616,116,6,2025-01-26 10:30:00,PAGADA,38352.00
3617,117,7,2025-01-26 10:40:00,PAGADA,9999.75
3618,118,8,2025-01-26 10:50:00,PAGADA,20823.00
3619,119,9,2025-01-26 11:00:00,PAGADA,32469.75
3620,120,10,2025-01-26 11:10:00,CREADA,44940.00
3621,121,1,2025-01-26 11:20:00,PAGADA,11646.75
3622,122,2,2025-01-26 11:30:00,PAGADA,24117.00
3623,123,3,2025-01-26 11:40:00,PAGADA,37410.75
3624,124,4,2025-01-26 11:50:00,PAGADA,51528.00
3625,125,5,2025-01-26 12:00:00,CREADA,13293.75
3626,126,6,2025-01-26 12:10:00,PAGADA,27411.00
3627,127,7,2025-01-26 12:20:00,PAGADA,42351.75
3628,128,8,2025-01-26 12:30:00,PAGADA,58116.00
3629,129,9,2025-01-26 12:40:00,PAGADA,14940.75
3630,130,10,2025-01-26 12:50:00,ANULADA,30705.00
3631,131,1,2025-01-26 13:00:00,PAGADA,47292.75
3632,132,2,2025-01-26 13:10:00,PAGADA,64704.00
3633,133,3,2025-01-26 13:20:00,PAGADA,16587.75
3634,134,4,2025-01-26 13:30:00,PAGADA,33999.00
3635,135,5,2025-01-26 13:40:00,CREADA,52233.75
3636,136,6,2025-01-26 13:50:00,PAGADA,71292.00
3637,137,7,2025-01-26 14:00:00,PAGADA,18234.75
3638,138,8,2025-01-26 14:10:00,PAGADA,37293.00
3639,139,9,2025-01-26 14:20:00,PAGADA,57174.75
3640,140,10,2025-01-26 14:30:00,CREADA,77880.00
3641,141,1,2025-01-26 14:40:00,PAGADA,19881.75
3642,142,2,2025-01-26 14:50:00,PAGADA,40587.00
3643,143,3,2025-01-26 15:00:00,PAGADA,62115.75
3644,144,4,2025-01-26 15:10:00,PAGADA,84468.00
3645,145,5,2025-01-26 15:20:00,CREADA,21528.75
3646,146,6,2025-01-26 15:30:00,PAGADA,43881.00
3647,147,7,2025-01-26 15:40:00,PAGADA,67056.75
3648,148,8,2025-01-26 15:50:00,PAGADA,91056.00
3649,149,9,2025-01-26 16:00:00,PAGADA,23175.75
3650,150,10,2025-01-26 16:10:00,CREADA,47175.00
3651,151,1,2025-01-26 16:20:00,PAGADA,71997.75
3652,152,2,2025-01-26 16:30:00,PAGADA,97644.00
3653,153,3,2025-01-26 16:40:00,PAGADA,24822.75
3654,154,4,2025-01-26 16:50:00,PAGADA,50469.00
3655,155,5,2025-01-26 17:00:00,CREADA,76938.75
3656,156,6,2025-01-26 17:10:00,PAGADA,104232.00
3657,157,7,2025-01-26 17:20:00,PAGADA,26469.75
3658,158,8,2025-01-26 17:30:00,PAGADA,53763.00
3659,159,9,2025-01-26 17:40:00,PAGADA,81879.75
3660,160,10,2025-01-26 17:50:00,ANULADA,110820.00
3661,161,1,2025-01-26 18:00:00,PAGADA,28116.75
3662,162,2,2025-01-26 18:10:00,PAGADA,57057.00
3663,163,3,2025-01-26 18:20:00,PAGADA,86820.75
3664,164,4,2025-01-26 18:30:00,PAGADA,117408.00
3665,165,5,2025-01-26 18:40:00,CREADA,29763.75
3666,166,6,2025-01-26 18:50:00,PAGADA,60351.00
3667,167,7,2025-01-26 19:00:00,PAGADA,91761.75
3668,168,8,2025-01-26 19:10:00,PAGADA,123996.00
3669,169,9,2025-01-26 19:20:00,PAGADA,31410.75
3670,170,10,2025-01-26 19:30:00,CREADA,63645.00
3671,171,1,2025-01-26 19:40:00,PAGADA,96702.75
3672,172,2,2025-01-26 19:50:00,PAGADA,130584.00
3673,173,3,2025-01-26 20:00:00,PAGADA,33057.75
3674,174,4,2025-01-26 20:10:00,PAGADA,66939.00
3675,175,5,2025-01-26 20:20:00,CREADA,101643.75
3676,176,6,2025-01-26 20:30:00,PAGADA,137172.00
3677,177,7,2025-01-26 20:40:00,PAGADA,34704.75
3678,178,8,2025-01-26 20:50:00,PAGADA,70233.00
3679,179,9,2025-01-26 21:00:00,PAGADA,106584.75
3680,180,10,2025-01-26 21:10:00,CREADA,143760.00
3681,181,1,2025-01-26 21:20:00,PAGADA,36351.75
3682,182,2,2025-01-26 21:30:00,PAGADA,73527.00
3683,183,3,2025-01-26 21:40:00,PAGADA,111525.75
3684,184,4,2025-01-26 21:50:00,PAGADA,150348.00
3685,185,5,2025-01-26 22:00:00,CREADA,37998.75
3686,186,6,2025-01-26 22:10:00,PAGADA,76821.00
3687,187,7,2025-01-26 22:20:00,PAGADA,116466.75
3688,188,8,2025-01-26 22:30:00,PAGADA,156936.00
3689,189,9,2025-01-26 22:40:00,PAGADA,39645.75
3690,190,10,2025-01-26 22:50:00,ANULADA,80115.00
3691,191,1,2025-01-26 23:00:00,PAGADA,121407.75
3692,192,2,2025-01-26 23:10:00,PAGADA,163524.00
3693,193,3,2025-01-26 23:20:00,PAGADA,41292.75
3694,194,4,2025-01-26 23:30:00,PAGADA,83409.00
3695,195,5,2025-01-26 23:40:00,CREADA,126348.75
3696,196,6,2025-01-26 23:50:00,PAGADA,170112.00
3697,197,7,2025-01-27 00:00:00,PAGADA,42939.75
3698,198,8,2025-01-27 00:10:00,PAGADA,86703.00
3699,199,9,2025-01-27 00:20:00,PAGADA,131289.75
3700,200,10,2025-01-27 00:30:00,CREADA,176700.00
3701,201,1,2025-01-27 00:40:00,PAGADA,3411.75
3702,202,2,2025-01-27 00:50:00,PAGADA,7647.00
3703,203,3,2025-01-27 01:00:00,PAGADA,12705.75
3704,204,4,2025-01-27 01:10:00,PAGADA,18588.00
3705,205,5,2025-01-27 01:20:00,CREADA,5058.75
3706,206,6,2025-01-27 01:30:00,PAGADA,10941.00
3707,207,7,2025-01-27 01:40:00,PAGADA,17646.75
3708,208,8,2025-01-27 01:50:00,PAGADA,25176.00
3709,209,9,2025-01-27 02:00:00,PAGADA,6705.75
3710,210,10,2025-01-27 02:10:00,CREADA,14235.00
3711,211,1,2025-01-27 02:20:00,PAGADA,22587.75
3712,212,2,2025-01-27 02:30:00,PAGADA,31764.00
3713,213,3,2025-01-27 02:40:00,PAGADA,8352.75
3714,214,4,2025-01-27 02:50:00,PAGADA,17529.00
3715,215,5,2025-01-27 03:00:00,CREADA,27528.75
3716,216,6,2025-01-27 03:10:00,PAGADA,38352.00
3717,217,7,2025-01-27 03:20:00,PAGADA,9999.75
3718,218,8,2025-01-27 03:30:00,PAGADA,20823.00
3719,219,9,2025-01-27 03:40:00,PAGADA,32469.75
3720,220,10,2025-01-27 03:50:00,ANULADA,44940.00
3721,221,1,2025-01-27 04:00:00,PAGADA,11646.75
3722,222,2,2025-01-27 04:10:00,PAGADA,24117.00
3723,223,3,2025-01-27 04:20:00,PAGADA,37410.75
3724,224,4,2025-01-27 04:30:00,PAGADA,51528.00
3725,225,5,2025-01-27 04:40:00,CREADA,13293.75
3726,226,6,2025-01-27 04:50:00,PAGADA,27411.00
3727,227,7,2025-01-27 05:00:00,PAGADA,42351.75
3728,228,8,2025-01-27 05:10:00,PAGADA,58116.00
3729,229,9,2025-01-27 05:20:00,PAGADA,14940.75
3730,230,10,2025-01-27 05:30:00,CREADA,30705.00
3731,231,1,2025-01-27 05:40:00,PAGADA,47292.75
3732,232,2,2025-01-27 05:50:00,PAGADA,64704.00
3733,233,3,2025-01-27 06:00:00,PAGADA,16587.75
3734,234,4,2025-01-27 06:10:00,PAGADA,33999.00
3735,235,5,2025-01-27 06:20:00,CREADA,52233.75
3736,236,6,2025-01-27 06:30:00,PAGADA,71292.00
3737,237,7,2025-01-27 06:40:00,PAGADA,18234.75
3738,238,8,2025-01-27 06:50:00,PAGADA,37293.00
3739,239,9,2025-01-27 07:00:00,PAGADA,57174.75
3740,240,10,2025-01-27 07:10:00,CREADA,77880.00
3741,241,1,2025-01-27 07:20:00,PAGADA,19881.75
3742,242,2,2025-01-27 07:30:00,PAGADA,40587.00
3743,243,3,2025-01-27 07:40:00,PAGADA,62115.75
3744,244,4,2025-01-27 07:50:00,PAGADA,84468.00
3745,245,5,2025-01-27 08:00:00,CREADA,21528.75
3746,246,6,2025-01-27 08:10:00,PAGADA,43881.00
3747,247,7,2025-01-27 08:20:00,PAGADA,67056.75
3748,248,8,2025-01-27 08:30:00,PAGADA,91056.00
3749,249,9,2025-01-27 08:40:00,PAGADA,23175.75
3750,250,10,2025-01-27 08:50:00,ANULADA,47175.00
3751,251,1,2025-01-27 09:00:00,PAGADA,71997.75
3752,252,2,2025-01-27 09:10:00,PAGADA,97644.00
3753,253,3,2025-01-27 09:20:00,PAGADA,24822.75
3754,254,4,2025-01-27 09:30:00,PAGADA,50469.00
3755,255,5,2025-01-27 09:40:00,CREADA,76938.75
3756,256,6,2025-01-27 09:50:00,PAGADA,104232.00
3757,257,7,2025-01-27 10:00:00,PAGADA,26469.75
3758,258,8,2025-01-27 10:10:00,PAGADA,53763.00
3759,259,9,2025-01-27 10:20:00,PAGADA,81879.75
3760,260,10,2025-01-27 10:30:00,CREADA,110820.00
3761,261,1,2025-01-27 10:40:00,PAGADA,28116.75
3762,262,2,2025-01-27 10:50:00,PAGADA,57057.00
3763,263,3,2025-01-27 11:00:00,PAGADA,86820.75
3764,264,4,2025-01-27 11:10:00,PAGADA,117408.00
3765,265,5,2025-01-27 11:20:00,CREADA,29763.75
3766,266,6,2025-01-27 11:30:00,PAGADA,60351.00
3767,267,7,2025-01-27 11:40:00,PAGADA,91761.75
3768,268,8,2025-01-27 11:50:00,PAGADA,123996.00
3769,269,9,2025-01-27 12:00:00,PAGADA,31410.75
3770,270,10,2025-01-27 12:10:00,CREADA,63645.00
3771,271,1,2025-01-27 12:20:00,PAGADA,96702.75
3772,272,2,2025-01-27 12:30:00,PAGADA,130584.00
3773,273,3,2025-01-27 12:40:00,PAGADA,33057.75
3774,274,4,2025-01-27 12:50:00,PAGADA,66939.00
3775,275,5,2025-01-27 13:00:00,CREADA,101643.75
3776,276,6,2025-01-27 13:10:00,PAGADA,137172.00
3777,277,7,2025-01-27 13:20:00,PAGADA,34704.75
3778,278,8,2025-01-27 13:30:00,PAGADA,70233.00
3779,279,9,2025-01-27 13:40:00,PAGADA,106584.75
3780,280,10,2025-01-27 13:50:00,ANULADA,143760.00
3781,281,1,2025-01-27 14:00:00,PAGADA,36351.75
3782,282,2,2025-01-27 14:10:00,PAGADA,73527.00
3783,283,3,2025-01-27 14:20:00,PAGADA,111525.75
3784,284,4,2025-01-27 14:30:00,PAGADA,150348.00
3785,285,5,2025-01-27 14:40:00,CREADA,37998.75
3786,286,6,2025-01-27 14:50:00,PAGADA,76821.00
3787,287,7,2025-01-27 15:00:00,PAGADA,116466.75
3788,288,8,2025-01-27 15:10:00,PAGADA,156936.00
3789,289,9,2025-01-27 15:20:00,PAGADA,39645.75
3790,290,10,2025-01-27 15:30:00,CREADA,80115.00
3791,291,1,2025-01-27 15:40:00,PAGADA,121407.75
3792,292,2,2025-01-27 15:50:00,PAGADA,163524.00
3793,293,3,2025-01-27 16:00:00,PAGADA,41292.75
3794,294,4,2025-01-27 16:10:00,PAGADA,83409.00
3795,295,5,2025-01-27 16:20:00,CREADA,126348.75
3796,296,6,2025-01-27 16:30:00,PAGADA,170112.00
3797,297,7,2025-01-27 16:40:00,PAGADA,42939.75
3798,298,8,2025-01-27 16:50:00,PAGADA,86703.00
3799,299,9,2025-01-27 17:00:00,PAGADA,131289.75
3800,300,10,2025-01-27 17:10:00,CREADA,176700.00
3801,301,1,2025-01-27 17:20:00,PAGADA,3411.75
3802,302,2,2025-01-27 17:30:00,PAGADA,7647.00
3803,303,3,2025-01-27 17:40:00,PAGADA,12705.75
3804,304,4,2025-01-27 17:50:00,PAGADA,18588.00
3805,305,5,2025-01-27 18:00:00,CREADA,5058.75
3806,306,6,2025-01-27 18:10:00,PAGADA,10941.00
3807,307,7,2025-01-27 18:20:00,PAGADA,17646.75
3808,308,8,2025-01-27 18:30:00,PAGADA,25176.00
3809,309,9,2025-01-27 18:40:00,PAGADA,6705.75
3810,310,10,2025-01-27 18:50:00,ANULADA,14235.00
3811,311,1,2025-01-27 19:00:00,PAGADA,22587.75
3812,312,2,2025-01-27 19:10:00,PAGADA,31764.00
3813,313,3,2025-01-27 19:20:00,PAGADA,8352.75
3814,314,4,2025-01-27 19:30:00,PAGADA,17529.00
3815,315,5,2025-01-27 19:40:00,CREADA,27528.75
3816,316,6,2025-01-27 19:50:00,PAGADA,38352.00
3817,317,7,2025-01-27 20:00:00,PAGADA,9999.75
3818,318,8,2025-01-27 20:10:00,PAGADA,20823.00
3819,319,9,2025-01-27 20:20:00,PAGADA,32469.75
3820,320,10,2025-01-27 20:30:00,CREADA,44940.00
3821,321,1,2025-01-27 20:40:00,PAGADA,11646.75
3822,322,2,2025-01-27 20:50:00,PAGADA,24117.00
3823,323,3,2025-01-27 21:00:00,PAGADA,37410.75
3824,324,4,2025-01-27 21:10:00,PAGADA,51528.00
3825,325,5,2025-01-27 21:20:00,CREADA,13293.75
3826,326,6,2025-01-27 21:30:00,PAGADA,27411.00
3827,327,7,2025-01-27 21:40:00,PAGADA,42351.75
3828,328,8,2025-01-27 21:50:00,PAGADA,58116.00
3829,329,9,2025-01-27 22:00:00,PAGADA,14940.75
3830,330,10,2025-01-27 22:10:00,CREADA,30705.00
3831,331,1,2025-01-27 22:20:00,PAGADA,47292.75
3832,332,2,2025-01-27 22:30:00,PAGADA,64704.00
3833,333,3,2025-01-27 22:40:00,PAGADA,16587.75
3834,334,4,2025-01-27 22:50:00,PAGADA,33999.00
3835,335,5,2025-01-27 23:00:00,CREADA,52233.75
3836,336,6,2025-01-27 23:10:00,PAGADA,71292.00
3837,337,7,2025-01-27 23:20:00,PAGADA,18234.75
3838,338,8,2025-01-27 23:30:00,PAGADA,37293.00
3839,339,9,2025-01-27 23:40:00,PAGADA,57174.75
3840,340,10,2025-01-27 23:50:00,ANULADA,77880.00
3841,341,1,2025-01-28 00:00:00,PAGADA,19881.75
3842,342,2,2025-01-28 00:10:00,PAGADA,40587.00
3843,343,3,2025-01-28 00:20:00,PAGADA,62115.75
3844,344,4,2025-01-28 00:30:00,PAGADA,84468.00
3845,345,5,2025-01-28 00:40:00,CREADA,21528.75
3846,346,6,2025-01-28 00:50:00,PAGADA,43881.00
3847,347,7,2025-01-28 01:00:00,PAGADA,67056.75
3848,348,8,2025-01-28 01:10:00,PAGADA,91056.00
3849,349,9,2025-01-28 01:20:00,PAGADA,23175.75
3850,350,10,2025-01-28 01:30:00,CREADA,47175.00
3851,351,1,2025-01-28 01:40:00,PAGADA,71997.75
3852,352,2,2025-01-28 01:50:00,PAGADA,97644.00
3853,353,3,2025-01-28 02:00:00,PAGADA,24822.75
3854,354,4,2025-01-28 02:10:00,PAGADA,50469.00
3855,355,5,2025-01-28 02:20:00,CREADA,76938.75
3856,356,6,2025-01-28 02:30:00,PAGADA,104232.00
3857,357,7,2025-01-28 02:40:00,PAGADA,26469.75
3858,358,8,2025-01-28 02:50:00,PAGADA,53763.00
3859,359,9,2025-01-28 03:00:00,PAGADA,81879.75
3860,360,10,2025-01-28 03:10:00,CREADA,110820.00
3861,361,1,2025-01-28 03:20:00,PAGADA,28116.75
3862,362,2,2025-01-28 03:30:00,PAGADA,57057.00
3863,363,3,2025-01-28 03:40:00,PAGADA,86820.75
3864,364,4,2025-01-28 03:50:00,PAGADA,117408.00
3865,365,5,2025-01-28 04:00:00,CREADA,29763.75
3866,366,6,2025-01-28 04:10:00,PAGADA,60351.00
3867,367,7,2025-01-28 04:20:00,PAGADA,91761.75
3868,368,8,2025-01-28 04:30:00,PAGADA,123996.00
3869,369,9,2025-01-28 04:40:00,PAGADA,31410.75
3870,370,10,2025-01-28 04:50:00,ANULADA,63645.00
3871,371,1,2025-01-28 05:00:00,PAGADA,96702.75
3872,372,2,2025-01-28 05:10:00,PAGADA,130584.00
3873,373,3,2025-01-28 05:20:00,PAGADA,33057.75
3874,374,4,2025-01-28 05:30:00,PAGADA,66939.00
3875,375,5,2025-01-28 05:40:00,CREADA,101643.75
3876,376,6,2025-01-28 05:50:00,PAGADA,137172.00
3877,377,7,2025-01-28 06:00:00,PAGADA,34704.75
3878,378,8,2025-01-28 06:10:00,PAGADA,70233.00
3879,379,9,2025-01-28 06:20:00,PAGADA,106584.75
3880,380,10,2025-01-28 06:30:00,CREADA,143760.00
3881,381,1,2025-01-28 06:40:00,PAGADA,36351.75
3882,382,2,2025-01-28 06:50:00,PAGADA,73527.00
3883,383,3,2025-01-28 07:00:00,PAGADA,111525.75
3884,384,4,2025-01-28 07:10:00,PAGADA,150348.00
3885,385,5,2025-01-28 07:20:00,CREADA,37998.75
3886,386,6,2025-01-28 07:30:00,PAGADA,76821.00
3887,387,7,2025-01-28 07:40:00,PAGADA,116466.75
3888,388,8,2025-01-28 07:50:00,PAGADA,156936.00
3889,389,9,2025-01-28 08:00:00,PAGADA,39645.75
3890,390,10,2025-01-28 08:10:00,CREADA,80115.00
3891,391,1,2025-01-28 08:20:00,PAGADA,121407.75
3892,392,2,2025-01-28 08:30:00,PAGADA,163524.00
3893,393,3,2025-01-28 08:40:00,PAGADA,41292.75
3894,394,4,2025-01-28 08:50:00,PAGADA,83409.00
3895,395,5,2025-01-28 09:00:00,CREADA,126348.75
3896,396,6,2025-01-28 09:10:00,PAGADA,170112.00
3897,397,7,2025-01-28 09:20:00,PAGADA,42939.75
3898,398,8,2025-01-28 09:30:00,PAGADA,86703.00
3899,399,9,2025-01-28 09:40:00,PAGADA,131289.75
3900,400,10,2025-01-28 09:50:00,ANULADA,176700.00
3901,401,1,2025-01-28 10:00:00,PAGADA,3411.75
3902,402,2,2025-01-28 10:10:00,PAGADA,7647.00
3903,403,3,2025-01-28 10:20:00,PAGADA,12705.75
3904,404,4,2025-01-28 10:30:00,PAGADA,18588.00
3905,405,5,2025-01-28 10:40:00,CREADA,5058.75
3906,406,6,2025-01-28 10:50:00,PAGADA,10941.00
3907,407,7,2025-01-28 11:00:00,PAGADA,17646.75
3908,408,8,2025-01-28 11:10:00,PAGADA,25176.00
3909,409,9,2025-01-28 11:20:00,PAGADA,6705.75
3910,410,10,2025-01-28 11:30:00,CREADA,14235.00
3911,411,1,2025-01-28 11:40:00,PAGADA,22587.75
3912,412,2,2025-01-28 11:50:00,PAGADA,31764.00
3913,413,3,2025-01-28 12:00:00,PAGADA,8352.75
3914,414,4,2025-01-28 12:10:00,PAGADA,17529.00
3915,415,5,2025-01-28 12:20:00,CREADA,27528.75
3916,416,6,2025-01-28 12:30:00,PAGADA,38352.00
3917,417,7,2025-01-28 12:40:00,PAGADA,9999.75
3918,418,8,2025-01-28 12:50:00,PAGADA,20823.00
3919,419,9,2025-01-28 13:00:00,PAGADA,32469.75
3920,420,10,2025-01-28 13:10:00,CREADA,44940.00
3921,421,1,2025-01-28 13:20:00,PAGADA,11646.75
3922,422,2,2025-01-28 13:30:00,PAGADA,24117.00
3923,423,3,2025-01-28 13:40:00,PAGADA,37410.75
3924,424,4,2025-01-28 13:50:00,PAGADA,51528.00
3925,425,5,2025-01-28 14:00:00,CREADA,13293.75
3926,426,6,2025-01-28 14:10:00,PAGADA,27411.00
3927,427,7,2025-01-28 14:20:00,PAGADA,42351.75
3928,428,8,2025-01-28 14:30:00,PAGADA,58116.00
3929,429,9,2025-01-28 14:40:00,PAGADA,14940.75
3930,430,10,2025-01-28 14:50:00,ANULADA,30705.00
3931,431,1,2025-01-28 15:00:00,PAGADA,47292.75
3932,432,2,2025-01-28 15:10:00,PAGADA,64704.00
3933,433,3,2025-01-28 15:20:00,PAGADA,16587.75
3934,434,4,2025-01-28 15:30:00,PAGADA,33999.00
3935,435,5,2025-01-28 15:40:00,CREADA,52233.75
3936,436,6,2025-01-28 15:50:00,PAGADA,71292.00
3937,437,7,2025-01-28 16:00:00,PAGADA,18234.75
3938,438,8,2025-01-28 16:10:00,PAGADA,37293.00
3939,439,9,2025-01-28 16:20:00,PAGADA,57174.75
3940,440,10,2025-01-28 16:30:00,CREADA,77880.00
3941,441,1,2025-01-28 16:40:00,PAGADA,19881.75
3942,442,2,2025-01-28 16:50:00,PAGADA,40587.00
3943,443,3,2025-01-28 17:00:00,PAGADA,62115.75
3944,444,4,2025-01-28 17:10:00,PAGADA,84468.00
3945,445,5,2025-01-28 17:20:00,CREADA,21528.75
3946,446,6,2025-01-28 17:30:00,PAGADA,43881.00
3947,447,7,2025-01-28 17:40:00,PAGADA,67056.75
3948,448,8,2025-01-28 17:50:00,PAGADA,91056.00
3949,449,9,2025-01-28 18:00:00,PAGADA,23175.75
3950,450,10,2025-01-28 18:10:00,CREADA,47175.00
3951,451,1,2025-01-28 18:20:00,PAGADA,71997.75
3952,452,2,2025-01-28 18:30:00,PAGADA,97644.00
3953,453,3,2025-01-28 18:40:00,PAGADA,24822.75
3954,454,4,2025-01-28 18:50:00,PAGADA,50469.00
3955,455,5,2025-01-28 19:00:00,CREADA,76938.75
3956,456,6,2025-01-28 19:10:00,PAGADA,104232.00
3957,457,7,2025-01-28 19:20:00,PAGADA,26469.75
3958,458,8,2025-01-28 19:30:00,PAGADA,53763.00
3959,459,9,2025-01-28 19:40:00,PAGADA,81879.75
3960,460,10,2025-01-28 19:50:00,ANULADA,110820.00
3961,461,1,2025-01-28 20:00:00,PAGADA,28116.75
3962,462,2,2025-01-28 20:10:00,PAGADA,57057.00
3963,463,3,2025-01-28 20:20:00,PAGADA,86820.75
3964,464,4,2025-01-28 20:30:00,PAGADA,117408.00
3965,465,5,2025-01-28 20:40:00,CREADA,29763.75
3966,466,6,2025-01-28 20:50:00,PAGADA,60351.00
3967,467,7,2025-01-28 21:00:00,PAGADA,91761.75
3968,468,8,2025-01-28 21:10:00,PAGADA,123996.00
3969,469,9,2025-01-28 21:20:00,PAGADA,31410.75
3970,470,10,2025-01-28 21:30:00,CREADA,63645.00
3971,471,1,2025-01-28 21:40:00,PAGADA,96702.75
3972,472,2,2025-01-28 21:50:00,PAGADA,130584.00
3973,473,3,2025-01-28 22:00:00,PAGADA,33057.75
3974,474,4,2025-01-28 22:10:00,PAGADA,66939.00
3975,475,5,2025-01-28 22:20:00,CREADA,101643.75
3976,476,6,2025-01-28 22:30:00,PAGADA,137172.00
3977,477,7,2025-01-28 22:40:00,PAGADA,34704.75
3978,478,8,2025-01-28 22:50:00,PAGADA,70233.00
3979,479,9,2025-01-28 23:00:00,PAGADA,106584.75
3980,480,10,2025-01-28 23:10:00,CREADA,143760.00
3981,481,1,2025-01-28 23:20:00,PAGADA,36351.75
3982,482,2,2025-01-28 23:30:00,PAGADA,73527.00
3983,483,3,2025-01-28 23:40:00,PAGADA,111525.75
3984,484,4,2025-01-28 23:50:00,PAGADA,150348.00
3985,485,5,2025-01-29 00:00:00,CREADA,37998.75
3986,486,6,2025-01-29 00:10:00,PAGADA,76821.00
3987,487,7,2025-01-29 00:20:00,PAGADA,116466.75
3988,488,8,2025-01-29 00:30:00,PAGADA,156936.00
3989,489,9,2025-01-29 00:40:00,PAGADA,39645.75
3990,490,10,2025-01-29 00:50:00,ANULADA,80115.00
3991,491,1,2025-01-29 01:00:00,PAGADA,121407.75
3992,492,2,2025-01-29 01:10:00,PAGADA,163524.00
3993,493,3,2025-01-29 01:20:00,PAGADA,41292.75
3994,494,4,2025-01-29 01:30:00,PAGADA,83409.00
3995,495,5,2025-01-29 01:40:00,CREADA,126348.75
3996,496,6,2025-01-29 01:50:00,PAGADA,170112.00
3997,497,7,2025-01-29 02:00:00,PAGADA,42939.75
3998,498,8,2025-01-29 02:10:00,PAGADA,86703.00
3999,499,9,2025-01-29 02:20:00,PAGADA,131289.75
4000,500,10,2025-01-29 02:30:00,CREADA,176700.00
4001,1,1,2025-01-29 02:40:00,PAGADA,3411.75
4002,2,2,2025-01-29 02:50:00,PAGADA,7647.00
4003,3,3,2025-01-29 03:00:00,PAGADA,12705.75
4004,4,4,2025-01-29 03:10:00,PAGADA,18588.00
4005,5,5,2025-01-29 03:20:00,CREADA,5058.75
4006,6,6,2025-01-29 03:30:00,PAGADA,10941.00
4007,7,7,2025-01-29 03:40:00,PAGADA,17646.75
4008,8,8,2025-01-29 03:50:00,PAGADA,25176.00
4009,9,9,2025-01-29 04:00:00,PAGADA,6705.75
4010,10,10,2025-01-29 04:10:00,CREADA,14235.00
4011,11,1,2025-01-29 04:20:00,PAGADA,22587.75
4012,12,2,2025-01-29 04:30:00,PAGADA,31764.00
4013,13,3,2025-01-29 04:40:00,PAGADA,8352.75
4014,14,4,2025-01-29 04:50:00,PAGADA,17529.00
4015,15,5,2025-01-29 05:00:00,CREADA,27528.75
4016,16,6,2025-01-29 05:10:00,PAGADA,38352.00
4017,17,7,2025-01-29 05:20:00,PAGADA,9999.75
4018,18,8,2025-01-29 05:30:00,PAGADA,20823.00
4019,19,9,2025-01-29 05:40:00,PAGADA,32469.75
4020,20,10,2025-01-29 05:50:00,ANULADA,44940.00
4021,21,1,2025-01-29 06:00:00,PAGADA,11646.75
4022,22,2,2025-01-29 06:10:00,PAGADA,24117.00
4023,23,3,2025-01-29 06:20:00,PAGADA,37410.75
4024,24,4,2025-01-29 06:30:00,PAGADA,51528.00
4025,25,5,2025-01-29 06:40:00,CREADA,13293.75
4026,26,6,2025-01-29 06:50:00,PAGADA,27411.00
4027,27,7,2025-01-29 07:00:00,PAGADA,42351.75
4028,28,8,2025-01-29 07:10:00,PAGADA,58116.00
4029,29,9,2025-01-29 07:20:00,PAGADA,14940.75
4030,30,10,2025-01-29 07:30:00,CREADA,30705.00
4031,31,1,2025-01-29 07:40:00,PAGADA,47292.75
4032,32,2,2025-01-29 07:50:00,PAGADA,64704.00
4033,33,3,2025-01-29 08:00:00,PAGADA,16587.75
4034,34,4,2025-01-29 08:10:00,PAGADA,33999.00
4035,35,5,2025-01-29 08:20:00,CREADA,52233.75
4036,36,6,2025-01-29 08:30:00,PAGADA,71292.00
4037,37,7,2025-01-29 08:40:00,PAGADA,18234.75
4038,38,8,2025-01-29 08:50:00,PAGADA,37293.00
4039,39,9,2025-01-29 09:00:00,PAGADA,57174.75
4040,40,10,2025-01-29 09:10:00,CREADA,77880.00
4041,41,1,2025-01-29 09:20:00,PAGADA,19881.75
4042,42,2,2025-01-29 09:30:00,PAGADA,40587.00
4043,43,3,2025-01-29 09:40:00,PAGADA,62115.75
4044,44,4,2025-01-29 09:50:00,PAGADA,84468.00
4045,45,5,2025-01-29 10:00:00,CREADA,21528.75
4046,46,6,2025-01-29 10:10:00,PAGADA,43881.00
4047,47,7,2025-01-29 10:20:00,PAGADA,67056.75
4048,48,8,2025-01-29 10:30:00,PAGADA,91056.00
4049,49,9,2025-01-29 10:40:00,PAGADA,23175.75
4050,50,10,2025-01-29 10:50:00,ANULADA,47175.00
4051,51,1,2025-01-29 11:00:00,PAGADA,71997.75
4052,52,2,2025-01-29 11:10:00,PAGADA,97644.00
4053,53,3,2025-01-29 11:20:00,PAGADA,24822.75
4054,54,4,2025-01-29 11:30:00,PAGADA,50469.00
4055,55,5,2025-01-29 11:40:00,CREADA,76938.75
4056,56,6,2025-01-29 11:50:00,PAGADA,104232.00
4057,57,7,2025-01-29 12:00:00,PAGADA,26469.75
4058,58,8,2025-01-29 12:10:00,PAGADA,53763.00
4059,59,9,2025-01-29 12:20:00,PAGADA,81879.75
4060,60,10,2025-01-29 12:30:00,CREADA,110820.00
4061,61,1,2025-01-29 12:40:00,PAGADA,28116.75
4062,62,2,2025-01-29 12:50:00,PAGADA,57057.00
4063,63,3,2025-01-29 13:00:00,PAGADA,86820.75
4064,64,4,2025-01-29 13:10:00,PAGADA,117408.00
4065,65,5,2025-01-29 13:20:00,CREADA,29763.75
4066,66,6,2025-01-29 13:30:00,PAGADA,60351.00
4067,67,7,2025-01-29 13:40:00,PAGADA,91761.75
4068,68,8,2025-01-29 13:50:00,PAGADA,123996.00
4069,69,9,2025-01-29 14:00:00,PAGADA,31410.75
4070,70,10,2025-01-29 14:10:00,CREADA,63645.00
4071,71,1,2025-01-29 14:20:00,PAGADA,96702.75
4072,72,2,2025-01-29 14:30:00,PAGADA,130584.00
4073,73,3,2025-01-29 14:40:00,PAGADA,33057.75
4074,74,4,2025-01-29 14:50:00,PAGADA,66939.00
4075,75,5,2025-01-29 15:00:00,CREADA,101643.75
4076,76,6,2025-01-29 15:10:00,PAGADA,137172.00
4077,77,7,2025-01-29 15:20:00,PAGADA,34704.75
4078,78,8,2025-01-29 15:30:00,PAGADA,70233.00
4079,79,9,2025-01-29 15:40:00,PAGADA,106584.75
4080,80,10,2025-01-29 15:50:00,ANULADA,143760.00
4081,81,1,2025-01-29 16:00:00,PAGADA,36351.75
4082,82,2,2025-01-29 16:10:00,PAGADA,73527.00
4083,83,3,2025-01-29 16:20:00,PAGADA,111525.75
4084,84,4,2025-01-29 16:30:00,PAGADA,150348.00
4085,85,5,2025-01-29 16:40:00,CREADA,37998.75
4086,86,6,2025-01-29 16:50:00,PAGADA,76821.00
4087,87,7,2025-01-29 17:00:00,PAGADA,116466.75
4088,88,8,2025-01-29 17:10:00,PAGADA,156936.00
4089,89,9,2025-01-29 17:20:00,PAGADA,39645.75
4090,90,10,2025-01-29 17:30:00,CREADA,80115.00
4091,91,1,2025-01-29 17:40:00,PAGADA,121407.75
4092,92,2,2025-01-29 17:50:00,PAGADA,163524.00
4093,93,3,2025-01-29 18:00:00,PAGADA,41292.75
4094,94,4,2025-01-29 18:10:00,PAGADA,83409.00
4095,95,5,2025-01-29 18:20:00,CREADA,126348.75
4096,96,6,2025-01-29 18:30:00,PAGADA,170112.00
4097,97,7,2025-01-29 18:40:00,PAGADA,42939.75
4098,98,8,2025-01-29 18:50:00,PAGADA,86703.00
4099,99,9,2025-01-29 19:00:00,PAGADA,131289.75
4100,100,10,2025-01-29 19:10:00,CREADA,176700.00
4101,101,1,2025-01-29 19:20:00,PAGADA,3411.75
4102,102,2,2025-01-29 19:30:00,PAGADA,7647.00
4103,103,3,2025-01-29 19:40:00,PAGADA,12705.75
4104,104,4,2025-01-29 19:50:00,PAGADA,18588.00
4105,105,5,2025-01-29 20:00:00,CREADA,5058.75
4106,106,6,2025-01-29 20:10:00,PAGADA,10941.00
4107,107,7,2025-01-29 20:20:00,PAGADA,17646.75
4108,108,8,2025-01-29 20:30:00,PAGADA,25176.00
4109,109,9,2025-01-29 20:40:00,PAGADA,6705.75
4110,110,10,2025-01-29 20:50:00,ANULADA,14235.00
4111,111,1,2025-01-29 21:00:00,PAGADA,22587.75
4112,112,2,2025-01-29 21:10:00,PAGADA,31764.00
4113,113,3,2025-01-29 21:20:00,PAGADA,8352.75
4114,114,4,2025-01-29 21:30:00,PAGADA,17529.00
4115,115,5,2025-01-29 21:40:00,CREADA,27528.75
4116,116,6,2025-01-29 21:50:00,PAGADA,38352.00
4117,117,7,2025-01-29 22:00:00,PAGADA,9999.75
4118,118,8,2025-01-29 22:10:00,PAGADA,20823.00
4119,119,9,2025-01-29 22:20:00,PAGADA,32469.75
4120,120,10,2025-01-29 22:30:00,CREADA,44940.00
4121,121,1,2025-01-29 22:40:00,PAGADA,11646.75
4122,122,2,2025-01-29 22:50:00,PAGADA,24117.00
4123,123,3,2025-01-29 23:00:00,PAGADA,37410.75
4124,124,4,2025-01-29 23:10:00,PAGADA,51528.00
4125,125,5,2025-01-29 23:20:00,CREADA,13293.75
4126,126,6,2025-01-29 23:30:00,PAGADA,27411.00
4127,127,7,2025-01-29 23:40:00,PAGADA,42351.75
4128,128,8,2025-01-29 23:50:00,PAGADA,58116.00
4129,129,9,2025-01-30 00:00:00,PAGADA,14940.75
4130,130,10,2025-01-30 00:10:00,CREADA,30705.00
4131,131,1,2025-01-30 00:20:00,PAGADA,47292.75
4132,132,2,2025-01-30 00:30:00,PAGADA,64704.00
4133,133,3,2025-01-30 00:40:00,PAGADA,16587.75
4134,134,4,2025-01-30 00:50:00,PAGADA,33999.00
4135,135,5,2025-01-30 01:00:00,CREADA,52233.75
4136,136,6,2025-01-30 01:10:00,PAGADA,71292.00
4137,137,7,2025-01-30 01:20:00,PAGADA,18234.75
4138,138,8,2025-01-30 01:30:00,PAGADA,37293.00
4139,139,9,2025-01-30 01:40:00,PAGADA,57174.75
4140,140,10,2025-01-30 01:50:00,ANULADA,77880.00
4141,141,1,2025-01-30 02:00:00,PAGADA,19881.75
4142,142,2,2025-01-30 02:10:00,PAGADA,40587.00
4143,143,3,2025-01-30 02:20:00,PAGADA,62115.75
4144,144,4,2025-01-30 02:30:00,PAGADA,84468.00
4145,145,5,2025-01-30 02:40:00,CREADA,21528.75
4146,146,6,2025-01-30 02:50:00,PAGADA,43881.00
4147,147,7,2025-01-30 03:00:00,PAGADA,67056.75
4148,148,8,2025-01-30 03:10:00,PAGADA,91056.00
4149,149,9,2025-01-30 03:20:00,PAGADA,23175.75
4150,150,10,2025-01-30 03:30:00,CREADA,47175.00
4151,151,1,2025-01-30 03:40:00,PAGADA,71997.75
4152,152,2,2025-01-30 03:50:00,PAGADA,97644.00
4153,153,3,2025-01-30 04:00:00,PAGADA,24822.75
4154,154,4,2025-01-30 04:10:00,PAGADA,50469.00
4155,155,5,2025-01-30 04:20:00,CREADA,76938.75
4156,156,6,2025-01-30 04:30:00,PAGADA,104232.00
4157,157,7,2025-01-30 04:40:00,PAGADA,26469.75
4158,158,8,2025-01-30 04:50:00,PAGADA,53763.00
4159,159,9,2025-01-30 05:00:00,PAGADA,81879.75
4160,160,10,2025-01-30 05:10:00,CREADA,110820.00
4161,161,1,2025-01-30 05:20:00,PAGADA,28116.75
4162,162,2,2025-01-30 05:30:00,PAGADA,57057.00
4163,163,3,2025-01-30 05:40:00,PAGADA,86820.75
4164,164,4,2025-01-30 05:50:00,PAGADA,117408.00
4165,165,5,2025-01-30 06:00:00,CREADA,29763.75
4166,166,6,2025-01-30 06:10:00,PAGADA,60351.00
4167,167,7,2025-01-30 06:20:00,PAGADA,91761.75
4168,168,8,2025-01-30 06:30:00,PAGADA,123996.00
4169,169,9,2025-01-30 06:40:00,PAGADA,31410.75
4170,170,10,2025-01-30 06:50:00,ANULADA,63645.00
4171,171,1,2025-01-30 07:00:00,PAGADA,96702.75
4172,172,2,2025-01-30 07:10:00,PAGADA,130584.00
4173,173,3,2025-01-30 07:20:00,PAGADA,33057.75
4174,174,4,2025-01-30 07:30:00,PAGADA,66939.00
4175,175,5,2025-01-30 07:40:00,CREADA,101643.75
4176,176,6,2025-01-30 07:50:00,PAGADA,137172.00
4177,177,7,2025-01-30 08:00:00,PAGADA,34704.75
4178,178,8,2025-01-30 08:10:00,PAGADA,70233.00
4179,179,9,2025-01-30 08:20:00,PAGADA,106584.75
4180,180,10,2025-01-30 08:30:00,CREADA,143760.00
4181,181,1,2025-01-30 08:40:00,PAGADA,36351.75
4182,182,2,2025-01-30 08:50:00,PAGADA,73527.00
4183,183,3,2025-01-30 09:00:00,PAGADA,111525.75
4184,184,4,2025-01-30 09:10:00,PAGADA,150348.00
4185,185,5,2025-01-30 09:20:00,CREADA,37998.75
4186,186,6,2025-01-30 09:30:00,PAGADA,76821.00
4187,187,7,2025-01-30 09:40:00,PAGADA,116466.75
4188,188,8,2025-01-30 09:50:00,PAGADA,156936.00
4189,189,9,2025-01-30 10:00:00,PAGADA,39645.75
4190,190,10,2025-01-30 10:10:00,CREADA,80115.00
4191,191,1,2025-01-30 10:20:00,PAGADA,121407.75
4192,192,2,2025-01-30 10:30:00,PAGADA,163524.00
4193,193,3,2025-01-30 10:40:00,PAGADA,41292.75
4194,194,4,2025-01-30 10:50:00,PAGADA,83409.00
4195,195,5,2025-01-30 11:00:00,CREADA,126348.75
4196,196,6,2025-01-30 11:10:00,PAGADA,170112.00
4197,197,7,2025-01-30 11:20:00,PAGADA,42939.75
4198,198,8,2025-01-30 11:30:00,PAGADA,86703.00
4199,199,9,2025-01-30 11:40:00,PAGADA,131289.75
4200,200,10,2025-01-30 11:50:00,ANULADA,176700.00
4201,201,1,2025-01-30 12:00:00,PAGADA,3411.75
4202,202,2,2025-01-30 12:10:00,PAGADA,7647.00
4203,203,3,2025-01-30 12:20:00,PAGADA,12705.75
4204,204,4,2025-01-30 12:30:00,PAGADA,18588.00
4205,205,5,2025-01-30 12:40:00,CREADA,5058.75
4206,206,6,2025-01-30 12:50:00,PAGADA,10941.00
4207,207,7,2025-01-30 13:00:00,PAGADA,17646.75
4208,208,8,2025-01-30 13:10:00,PAGADA,25176.00
4209,209,9,2025-01-30 13:20:00,PAGADA,6705.75
4210,210,10,2025-01-30 13:30:00,CREADA,14235.00
4211,211,1,2025-01-30 13:40:00,PAGADA,22587.75
4212,212,2,2025-01-30 13:50:00,PAGADA,31764.00
4213,213,3,2025-01-30 14:00:00,PAGADA,8352.75
4214,214,4,2025-01-30 14:10:00,PAGADA,17529.00
4215,215,5,2025-01-30 14:20:00,CREADA,27528.75
4216,216,6,2025-01-30 14:30:00,PAGADA,38352.00
4217,217,7,2025-01-30 14:40:00,PAGADA,9999.75
4218,218,8,2025-01-30 14:50:00,PAGADA,20823.00
4219,219,9,2025-01-30 15:00:00,PAGADA,32469.75
4220,220,10,2025-01-30 15:10:00,CREADA,44940.00
4221,221,1,2025-01-30 15:20:00,PAGADA,11646.75
4222,222,2,2025-01-30 15:30:00,PAGADA,24117.00
4223,223,3,2025-01-30 15:40:00,PAGADA,37410.75
4224,224,4,2025-01-30 15:50:00,PAGADA,51528.00
4225,225,5,2025-01-30 16:00:00,CREADA,13293.75
4226,226,6,2025-01-30 16:10:00,PAGADA,27411.00
4227,227,7,2025-01-30 16:20:00,PAGADA,42351.75
4228,228,8,2025-01-30 16:30:00,PAGADA,58116.00
4229,229,9,2025-01-30 16:40:00,PAGADA,14940.75
4230,230,10,2025-01-30 16:50:00,ANULADA,30705.00
4231,231,1,2025-01-30 17:00:00,PAGADA,47292.75
4232,232,2,2025-01-30 17:10:00,PAGADA,64704.00
4233,233,3,2025-01-30 17:20:00,PAGADA,16587.75
4234,234,4,2025-01-30 17:30:00,PAGADA,33999.00
4235,235,5,2025-01-30 17:40:00,CREADA,52233.75
4236,236,6,2025-01-30 17:50:00,PAGADA,71292.00
4237,237,7,2025-01-30 18:00:00,PAGADA,18234.75
4238,238,8,2025-01-30 18:10:00,PAGADA,37293.00
4239,239,9,2025-01-30 18:20:00,PAGADA,57174.75
4240,240,10,2025-01-30 18:30:00,CREADA,77880.00
4241,241,1,2025-01-30 18:40:00,PAGADA,19881.75
4242,242,2,2025-01-30 18:50:00,PAGADA,40587.00
4243,243,3,2025-01-30 19:00:00,PAGADA,62115.75
4244,244,4,2025-01-30 19:10:00,PAGADA,84468.00
4245,245,5,2025-01-30 19:20:00,CREADA,21528.75
4246,246,6,2025-01-30 19:30:00,PAGADA,43881.00
4247,247,7,2025-01-30 19:40:00,PAGADA,67056.75
4248,248,8,2025-01-30 19:50:00,PAGADA,91056.00
4249,249,9,2025-01-30 20:00:00,PAGADA,23175.75
4250,250,10,2025-01-30 20:10:00,CREADA,47175.00
4251,251,1,2025-01-30 20:20:00,PAGADA,71997.75
4252,252,2,2025-01-30 20:30:00,PAGADA,97644.00
4253,253,3,2025-01-30 20:40:00,PAGADA,24822.75
4254,254,4,2025-01-30 20:50:00,PAGADA,50469.00
4255,255,5,2025-01-30 21:00:00,CREADA,76938.75
4256,256,6,2025-01-30 21:10:00,PAGADA,104232.00
4257,257,7,2025-01-30 21:20:00,PAGADA,26469.75
4258,258,8,2025-01-30 21:30:00,PAGADA,53763.00
4259,259,9,2025-01-30 21:40:00,PAGADA,81879.75
4260,260,10,2025-01-30 21:50:00,ANULADA,110820.00
4261,261,1,2025-01-30 22:00:00,PAGADA,28116.75
4262,262,2,2025-01-30 22:10:00,PAGADA,57057.00
4263,263,3,2025-01-30 22:20:00,PAGADA,86820.75
4264,264,4,2025-01-30 22:30:00,PAGADA,117408.00
4265,265,5,2025-01-30 22:40:00,CREADA,29763.75
4266,266,6,2025-01-30 22:50:00,PAGADA,60351.00
4267,267,7,2025-01-30 23:00:00,PAGADA,91761.75
4268,268,8,2025-01-30 23:10:00,PAGADA,123996.00
4269,269,9,2025-01-30 23:20:00,PAGADA,31410.75
4270,270,10,2025-01-30 23:30:00,CREADA,63645.00
4271,271,1,2025-01-30 23:40:00,PAGADA,96702.75
4272,272,2,2025-01-30 23:50:00,PAGADA,130584.00
4273,273,3,2025-01-31 00:00:00,PAGADA,33057.75
4274,274,4,2025-01-31 00:10:00,PAGADA,66939.00
4275,275,5,2025-01-31 00:20:00,CREADA,101643.75
4276,276,6,2025-01-31 00:30:00,PAGADA,137172.00
4277,277,7,2025-01-31 00:40:00,PAGADA,34704.75
4278,278,8,2025-01-31 00:50:00,PAGADA,70233.00
4279,279,9,2025-01-31 01:00:00,PAGADA,106584.75
4280,280,10,2025-01-31 01:10:00,CREADA,143760.00
4281,281,1,2025-01-31 01:20:00,PAGADA,36351.75
4282,282,2,2025-01-31 01:30:00,PAGADA,73527.00
4283,283,3,2025-01-31 01:40:00,PAGADA,111525.75
4284,284,4,2025-01-31 01:50:00,PAGADA,150348.00
4285,285,5,2025-01-31 02:00:00,CREADA,37998.75
4286,286,6,2025-01-31 02:10:00,PAGADA,76821.00
4287,287,7,2025-01-31 02:20:00,PAGADA,116466.75
4288,288,8,2025-01-31 02:30:00,PAGADA,156936.00
4289,289,9,2025-01-31 02:40:00,PAGADA,39645.75
4290,290,10,2025-01-31 02:50:00,ANULADA,80115.00
4291,291,1,2025-01-31 03:00:00,PAGADA,121407.75
4292,292,2,2025-01-31 03:10:00,PAGADA,163524.00
4293,293,3,2025-01-31 03:20:00,PAGADA,41292.75
4294,294,4,2025-01-31 03:30:00,PAGADA,83409.00
4295,295,5,2025-01-31 03:40:00,CREADA,126348.75
4296,296,6,2025-01-31 03:50:00,PAGADA,170112.00
4297,297,7,2025-01-31 04:00:00,PAGADA,42939.75
4298,298,8,2025-01-31 04:10:00,PAGADA,86703.00
4299,299,9,2025-01-31 04:20:00,PAGADA,131289.75
4300,300,10,2025-01-31 04:30:00,CREADA,176700.00
4301,301,1,2025-01-31 04:40:00,PAGADA,3411.75
4302,302,2,2025-01-31 04:50:00,PAGADA,7647.00
4303,303,3,2025-01-31 05:00:00,PAGADA,12705.75
4304,304,4,2025-01-31 05:10:00,PAGADA,18588.00
4305,305,5,2025-01-31 05:20:00,CREADA,5058.75
4306,306,6,2025-01-31 05:30:00,PAGADA,10941.00
4307,307,7,2025-01-31 05:40:00,PAGADA,17646.75
4308,308,8,2025-01-31 05:50:00,PAGADA,25176.00
4309,309,9,2025-01-31 06:00:00,PAGADA,6705.75
4310,310,10,2025-01-31 06:10:00,CREADA,14235.00
4311,311,1,2025-01-31 06:20:00,PAGADA,22587.75
4312,312,2,2025-01-31 06:30:00,PAGADA,31764.00
4313,313,3,2025-01-31 06:40:00,PAGADA,8352.75
4314,314,4,2025-01-31 06:50:00,PAGADA,17529.00
4315,315,5,2025-01-31 07:00:00,CREADA,27528.75
4316,316,6,2025-01-31 07:10:00,PAGADA,38352.00
4317,317,7,2025-01-31 07:20:00,PAGADA,9999.75
4318,318,8,2025-01-31 07:30:00,PAGADA,20823.00
4319,319,9,2025-01-31 07:40:00,PAGADA,32469.75
4320,320,10,2025-01-31 07:50:00,ANULADA,44940.00
4321,321,1,2025-01-31 08:00:00,PAGADA,11646.75
4322,322,2,2025-01-31 08:10:00,PAGADA,24117.00
4323,323,3,2025-01-31 08:20:00,PAGADA,37410.75
4324,324,4,2025-01-31 08:30:00,PAGADA,51528.00
4325,325,5,2025-01-31 08:40:00,CREADA,13293.75
4326,326,6,2025-01-31 08:50:00,PAGADA,27411.00
4327,327,7,2025-01-31 09:00:00,PAGADA,42351.75
4328,328,8,2025-01-31 09:10:00,PAGADA,58116.00
4329,329,9,2025-01-31 09:20:00,PAGADA,14940.75
4330,330,10,2025-01-31 09:30:00,CREADA,30705.00
4331,331,1,2025-01-31 09:40:00,PAGADA,47292.75
4332,332,2,2025-01-31 09:50:00,PAGADA,64704.00
4333,333,3,2025-01-31 10:00:00,PAGADA,16587.75
4334,334,4,2025-01-31 10:10:00,PAGADA,33999.00
4335,335,5,2025-01-31 10:20:00,CREADA,52233.75
4336,336,6,2025-01-31 10:30:00,PAGADA,71292.00
4337,337,7,2025-01-31 10:40:00,PAGADA,18234.75
4338,338,8,2025-01-31 10:50:00,PAGADA,37293.00
4339,339,9,2025-01-31 11:00:00,PAGADA,57174.75
4340,340,10,2025-01-31 11:10:00,CREADA,77880.00
4341,341,1,2025-01-31 11:20:00,PAGADA,19881.75
4342,342,2,2025-01-31 11:30:00,PAGADA,40587.00
4343,343,3,2025-01-31 11:40:00,PAGADA,62115.75
4344,344,4,2025-01-31 11:50:00,PAGADA,84468.00
4345,345,5,2025-01-31 12:00:00,CREADA,21528.75
4346,346,6,2025-01-31 12:10:00,PAGADA,43881.00
4347,347,7,2025-01-31 12:20:00,PAGADA,67056.75
4348,348,8,2025-01-31 12:30:00,PAGADA,91056.00
4349,349,9,2025-01-31 12:40:00,PAGADA,23175.75
4350,350,10,2025-01-31 12:50:00,ANULADA,47175.00
4351,351,1,2025-01-31 13:00:00,PAGADA,71997.75
4352,352,2,2025-01-31 13:10:00,PAGADA,97644.00
4353,353,3,2025-01-31 13:20:00,PAGADA,24822.75
4354,354,4,2025-01-31 13:30:00,PAGADA,50469.00
4355,355,5,2025-01-31 13:40:00,CREADA,76938.75
4356,356,6,2025-01-31 13:50:00,PAGADA,104232.00
4357,357,7,2025-01-31 14:00:00,PAGADA,26469.75
4358,358,8,2025-01-31 14:10:00,PAGADA,53763.00
4359,359,9,2025-01-31 14:20:00,PAGADA,81879.75
4360,360,10,2025-01-31 14:30:00,CREADA,110820.00
4361,361,1,2025-01-31 14:40:00,PAGADA,28116.75
4362,362,2,2025-01-31 14:50:00,PAGADA,57057.00
4363,363,3,2025-01-31 15:00:00,PAGADA,86820.75
4364,364,4,2025-01-31 15:10:00,PAGADA,117408.00
4365,365,5,2025-01-31 15:20:00,CREADA,29763.75
4366,366,6,2025-01-31 15:30:00,PAGADA,60351.00
4367,367,7,2025-01-31 15:40:00,PAGADA,91761.75
4368,368,8,2025-01-31 15:50:00,PAGADA,123996.00
4369,369,9,2025-01-31 16:00:00,PAGADA,31410.75
4370,370,10,2025-01-31 16:10:00,CREADA,63645.00
4371,371,1,2025-01-31 16:20:00,PAGADA,96702.75
4372,372,2,2025-01-31 16:30:00,PAGADA,130584.00
4373,373,3,2025-01-31 16:40:00,PAGADA,33057.75
4374,374,4,2025-01-31 16:50:00,PAGADA,66939.00
4375,375,5,2025-01-31 17:00:00,CREADA,101643.75
4376,376,6,2025-01-31 17:10:00,PAGADA,137172.00
4377,377,7,2025-01-31 17:20:00,PAGADA,34704.75
4378,378,8,2025-01-31 17:30:00,PAGADA,70233.00
4379,379,9,2025-01-31 17:40:00,PAGADA,106584.75
4380,380,10,2025-01-31 17:50:00,ANULADA,143760.00
4381,381,1,2025-01-31 18:00:00,PAGADA,36351.75
4382,382,2,2025-01-31 18:10:00,PAGADA,73527.00
4383,383,3,2025-01-31 18:20:00,PAGADA,111525.75
4384,384,4,2025-01-31 18:30:00,PAGADA,150348.00
4385,385,5,2025-01-31 18:40:00,CREADA,37998.75
4386,386,6,2025-01-31 18:50:00,PAGADA,76821.00
4387,387,7,2025-01-31 19:00:00,PAGADA,116466.75
4388,388,8,2025-01-31 19:10:00,PAGADA,156936.00
4389,389,9,2025-01-31 19:20:00,PAGADA,39645.75
4390,390,10,2025-01-31 19:30:00,CREADA,80115.00
4391,391,1,2025-01-31 19:40:00,PAGADA,121407.75
4392,392,2,2025-01-31 19:50:00,PAGADA,163524.00
4393,393,3,2025-01-31 20:00:00,PAGADA,41292.75
4394,394,4,2025-01-31 20:10:00,PAGADA,83409.00
4395,395,5,2025-01-31 20:20:00,CREADA,126348.75
4396,396,6,2025-01-31 20:30:00,PAGADA,170112.00
4397,397,7,2025-01-31 20:40:00,PAGADA,42939.75
4398,398,8,2025-01-31 20:50:00,PAGADA,86703.00
4399,399,9,2025-01-31 21:00:00,PAGADA,131289.75
4400,400,10,2025-01-31 21:10:00,CREADA,176700.00
4401,401,1,2025-01-31 21:20:00,PAGADA,3411.75
4402,402,2,2025-01-31 21:30:00,PAGADA,7647.00
4403,403,3,2025-01-31 21:40:00,PAGADA,12705.75
4404,404,4,2025-01-31 21:50:00,PAGADA,18588.00
4405,405,5,2025-01-31 22:00:00,CREADA,5058.75
4406,406,6,2025-01-31 22:10:00,PAGADA,10941.00
4407,407,7,2025-01-31 22:20:00,PAGADA,17646.75
4408,408,8,2025-01-31 22:30:00,PAGADA,25176.00
4409,409,9,2025-01-31 22:40:00,PAGADA,6705.75
4410,410,10,2025-01-31 22:50:00,ANULADA,14235.00
4411,411,1,2025-01-31 23:00:00,PAGADA,22587.75
4412,412,2,2025-01-31 23:10:00,PAGADA,31764.00
4413,413,3,2025-01-31 23:20:00,PAGADA,8352.75
4414,414,4,2025-01-31 23:30:00,PAGADA,17529.00
4415,415,5,2025-01-31 23:40:00,CREADA,27528.75
4416,416,6,2025-01-31 23:50:00,PAGADA,38352.00
4417,417,7,2025-02-01 00:00:00,PAGADA,9999.75
4418,418,8,2025-02-01 00:10:00,PAGADA,20823.00
4419,419,9,2025-02-01 00:20:00,PAGADA,32469.75
4420,420,10,2025-02-01 00:30:00,CREADA,44940.00
4421,421,1,2025-02-01 00:40:00,PAGADA,11646.75
4422,422,2,2025-02-01 00:50:00,PAGADA,24117.00
4423,423,3,2025-02-01 01:00:00,PAGADA,37410.75
4424,424,4,2025-02-01 01:10:00,PAGADA,51528.00
4425,425,5,2025-02-01 01:20:00,CREADA,13293.75
4426,426,6,2025-02-01 01:30:00,PAGADA,27411.00
4427,427,7,2025-02-01 01:40:00,PAGADA,42351.75
4428,428,8,2025-02-01 01:50:00,PAGADA,58116.00
4429,429,9,2025-02-01 02:00:00,PAGADA,14940.75
4430,430,10,2025-02-01 02:10:00,CREADA,30705.00
4431,431,1,2025-02-01 02:20:00,PAGADA,47292.75
4432,432,2,2025-02-01 02:30:00,PAGADA,64704.00
4433,433,3,2025-02-01 02:40:00,PAGADA,16587.75
4434,434,4,2025-02-01 02:50:00,PAGADA,33999.00
4435,435,5,2025-02-01 03:00:00,CREADA,52233.75
4436,436,6,2025-02-01 03:10:00,PAGADA,71292.00
4437,437,7,2025-02-01 03:20:00,PAGADA,18234.75
4438,438,8,2025-02-01 03:30:00,PAGADA,37293.00
4439,439,9,2025-02-01 03:40:00,PAGADA,57174.75
4440,440,10,2025-02-01 03:50:00,ANULADA,77880.00
4441,441,1,2025-02-01 04:00:00,PAGADA,19881.75
4442,442,2,2025-02-01 04:10:00,PAGADA,40587.00
4443,443,3,2025-02-01 04:20:00,PAGADA,62115.75
4444,444,4,2025-02-01 04:30:00,PAGADA,84468.00
4445,445,5,2025-02-01 04:40:00,CREADA,21528.75
4446,446,6,2025-02-01 04:50:00,PAGADA,43881.00
4447,447,7,2025-02-01 05:00:00,PAGADA,67056.75
4448,448,8,2025-02-01 05:10:00,PAGADA,91056.00
4449,449,9,2025-02-01 05:20:00,PAGADA,23175.75
4450,450,10,2025-02-01 05:30:00,CREADA,47175.00
4451,451,1,2025-02-01 05:40:00,PAGADA,71997.75
4452,452,2,2025-02-01 05:50:00,PAGADA,97644.00
4453,453,3,2025-02-01 06:00:00,PAGADA,24822.75
4454,454,4,2025-02-01 06:10:00,PAGADA,50469.00
4455,455,5,2025-02-01 06:20:00,CREADA,76938.75
4456,456,6,2025-02-01 06:30:00,PAGADA,104232.00
4457,457,7,2025-02-01 06:40:00,PAGADA,26469.75
4458,458,8,2025-02-01 06:50:00,PAGADA,53763.00
4459,459,9,2025-02-01 07:00:00,PAGADA,81879.75
4460,460,10,2025-02-01 07:10:00,CREADA,110820.00
4461,461,1,2025-02-01 07:20:00,PAGADA,28116.75
4462,462,2,2025-02-01 07:30:00,PAGADA,57057.00
4463,463,3,2025-02-01 07:40:00,PAGADA,86820.75
4464,464,4,2025-02-01 07:50:00,PAGADA,117408.00
4465,465,5,2025-02-01 08:00:00,CREADA,29763.75
4466,466,6,2025-02-01 08:10:00,PAGADA,60351.00
4467,467,7,2025-02-01 08:20:00,PAGADA,91761.75
4468,468,8,2025-02-01 08:30:00,PAGADA,123996.00
4469,469,9,2025-02-01 08:40:00,PAGADA,31410.75
4470,470,10,2025-02-01 08:50:00,ANULADA,63645.00
4471,471,1,2025-02-01 09:00:00,PAGADA,96702.75
4472,472,2,2025-02-01 09:10:00,PAGADA,130584.00
4473,473,3,2025-02-01 09:20:00,PAGADA,33057.75
4474,474,4,2025-02-01 09:30:00,PAGADA,66939.00
4475,475,5,2025-02-01 09:40:00,CREADA,101643.75
4476,476,6,2025-02-01 09:50:00,PAGADA,137172.00
4477,477,7,2025-02-01 10:00:00,PAGADA,34704.75
4478,478,8,2025-02-01 10:10:00,PAGADA,70233.00
4479,479,9,2025-02-01 10:20:00,PAGADA,106584.75
4480,480,10,2025-02-01 10:30:00,CREADA,143760.00
4481,481,1,2025-02-01 10:40:00,PAGADA,36351.75
4482,482,2,2025-02-01 10:50:00,PAGADA,73527.00
4483,483,3,2025-02-01 11:00:00,PAGADA,111525.75
4484,484,4,2025-02-01 11:10:00,PAGADA,150348.00
4485,485,5,2025-02-01 11:20:00,CREADA,37998.75
4486,486,6,2025-02-01 11:30:00,PAGADA,76821.00
4487,487,7,2025-02-01 11:40:00,PAGADA,116466.75
4488,488,8,2025-02-01 11:50:00,PAGADA,156936.00
4489,489,9,2025-02-01 12:00:00,PAGADA,39645.75
4490,490,10,2025-02-01 12:10:00,CREADA,80115.00
4491,491,1,2025-02-01 12:20:00,PAGADA,121407.75
4492,492,2,2025-02-01 12:30:00,PAGADA,163524.00
4493,493,3,2025-02-01 12:40:00,PAGADA,41292.75
4494,494,4,2025-02-01 12:50:00,PAGADA,83409.00
4495,495,5,2025-02-01 13:00:00,CREADA,126348.75
4496,496,6,2025-02-01 13:10:00,PAGADA,170112.00
4497,497,7,2025-02-01 13:20:00,PAGADA,42939.75
4498,498,8,2025-02-01 13:30:00,PAGADA,86703.00
4499,499,9,2025-02-01 13:40:00,PAGADA,131289.75
4500,500,10,2025-02-01 13:50:00,ANULADA,176700.00
4501,1,1,2025-02-01 14:00:00,PAGADA,3411.75
4502,2,2,2025-02-01 14:10:00,PAGADA,7647.00
4503,3,3,2025-02-01 14:20:00,PAGADA,12705.75
4504,4,4,2025-02-01 14:30:00,PAGADA,18588.00
4505,5,5,2025-02-01 14:40:00,CREADA,5058.75
4506,6,6,2025-02-01 14:50:00,PAGADA,10941.00
4507,7,7,2025-02-01 15:00:00,PAGADA,17646.75
4508,8,8,2025-02-01 15:10:00,PAGADA,25176.00
4509,9,9,2025-02-01 15:20:00,PAGADA,6705.75
4510,10,10,2025-02-01 15:30:00,CREADA,14235.00
4511,11,1,2025-02-01 15:40:00,PAGADA,22587.75
4512,12,2,2025-02-01 15:50:00,PAGADA,31764.00
4513,13,3,2025-02-01 16:00:00,PAGADA,8352.75
4514,14,4,2025-02-01 16:10:00,PAGADA,17529.00
4515,15,5,2025-02-01 16:20:00,CREADA,27528.75
4516,16,6,2025-02-01 16:30:00,PAGADA,38352.00
4517,17,7,2025-02-01 16:40:00,PAGADA,9999.75
4518,18,8,2025-02-01 16:50:00,PAGADA,20823.00
4519,19,9,2025-02-01 17:00:00,PAGADA,32469.75
4520,20,10,2025-02-01 17:10:00,CREADA,44940.00
4521,21,1,2025-02-01 17:20:00,PAGADA,11646.75
4522,22,2,2025-02-01 17:30:00,PAGADA,24117.00
4523,23,3,2025-02-01 17:40:00,PAGADA,37410.75
4524,24,4,2025-02-01 17:50:00,PAGADA,51528.00
4525,25,5,2025-02-01 18:00:00,CREADA,13293.75
4526,26,6,2025-02-01 18:10:00,PAGADA,27411.00
4527,27,7,2025-02-01 18:20:00,PAGADA,42351.75
4528,28,8,2025-02-01 18:30:00,PAGADA,58116.00
4529,29,9,2025-02-01 18:40:00,PAGADA,14940.75
4530,30,10,2025-02-01 18:50:00,ANULADA,30705.00
4531,31,1,2025-02-01 19:00:00,PAGADA,47292.75
4532,32,2,2025-02-01 19:10:00,PAGADA,64704.00
4533,33,3,2025-02-01 19:20:00,PAGADA,16587.75
4534,34,4,2025-02-01 19:30:00,PAGADA,33999.00
4535,35,5,2025-02-01 19:40:00,CREADA,52233.75
4536,36,6,2025-02-01 19:50:00,PAGADA,71292.00
4537,37,7,2025-02-01 20:00:00,PAGADA,18234.75
4538,38,8,2025-02-01 20:10:00,PAGADA,37293.00
4539,39,9,2025-02-01 20:20:00,PAGADA,57174.75
4540,40,10,2025-02-01 20:30:00,CREADA,77880.00
4541,41,1,2025-02-01 20:40:00,PAGADA,19881.75
4542,42,2,2025-02-01 20:50:00,PAGADA,40587.00
4543,43,3,2025-02-01 21:00:00,PAGADA,62115.75
4544,44,4,2025-02-01 21:10:00,PAGADA,84468.00
4545,45,5,2025-02-01 21:20:00,CREADA,21528.75
4546,46,6,2025-02-01 21:30:00,PAGADA,43881.00
4547,47,7,2025-02-01 21:40:00,PAGADA,67056.75
4548,48,8,2025-02-01 21:50:00,PAGADA,91056.00
4549,49,9,2025-02-01 22:00:00,PAGADA,23175.75
4550,50,10,2025-02-01 22:10:00,CREADA,47175.00
4551,51,1,2025-02-01 22:20:00,PAGADA,71997.75
4552,52,2,2025-02-01 22:30:00,PAGADA,97644.00
4553,53,3,2025-02-01 22:40:00,PAGADA,24822.75
4554,54,4,2025-02-01 22:50:00,PAGADA,50469.00
4555,55,5,2025-02-01 23:00:00,CREADA,76938.75
4556,56,6,2025-02-01 23:10:00,PAGADA,104232.00
4557,57,7,2025-02-01 23:20:00,PAGADA,26469.75
4558,58,8,2025-02-01 23:30:00,PAGADA,53763.00
4559,59,9,2025-02-01 23:40:00,PAGADA,81879.75
4560,60,10,2025-02-01 23:50:00,ANULADA,110820.00
4561,61,1,2025-02-02 00:00:00,PAGADA,28116.75
4562,62,2,2025-02-02 00:10:00,PAGADA,57057.00
4563,63,3,2025-02-02 00:20:00,PAGADA,86820.75
4564,64,4,2025-02-02 00:30:00,PAGADA,117408.00
4565,65,5,2025-02-02 00:40:00,CREADA,29763.75
4566,66,6,2025-02-02 00:50:00,PAGADA,60351.00
4567,67,7,2025-02-02 01:00:00,PAGADA,91761.75
4568,68,8,2025-02-02 01:10:00,PAGADA,123996.00
4569,69,9,2025-02-02 01:20:00,PAGADA,31410.75
4570,70,10,2025-02-02 01:30:00,CREADA,63645.00
4571,71,1,2025-02-02 01:40:00,PAGADA,96702.75
4572,72,2,2025-02-02 01:50:00,PAGADA,130584.00
4573,73,3,2025-02-02 02:00:00,PAGADA,33057.75
4574,74,4,2025-02-02 02:10:00,PAGADA,66939.00
4575,75,5,2025-02-02 02:20:00,CREADA,101643.75
4576,76,6,2025-02-02 02:30:00,PAGADA,137172.00
4577,77,7,2025-02-02 02:40:00,PAGADA,34704.75
4578,78,8,2025-02-02 02:50:00,PAGADA,70233.00
4579,79,9,2025-02-02 03:00:00,PAGADA,106584.75
4580,80,10,2025-02-02 03:10:00,CREADA,143760.00
4581,81,1,2025-02-02 03:20:00,PAGADA,36351.75
4582,82,2,2025-02-02 03:30:00,PAGADA,73527.00
4583,83,3,2025-02-02 03:40:00,PAGADA,111525.75
4584,84,4,2025-02-02 03:50:00,PAGADA,150348.00
4585,85,5,2025-02-02 04:00:00,CREADA,37998.75
4586,86,6,2025-02-02 04:10:00,PAGADA,76821.00
4587,87,7,2025-02-02 04:20:00,PAGADA,116466.75
4588,88,8,2025-02-02 04:30:00,PAGADA,156936.00
4589,89,9,2025-02-02 04:40:00,PAGADA,39645.75
4590,90,10,2025-02-02 04:50:00,ANULADA,80115.00
4591,91,1,2025-02-02 05:00:00,PAGADA,121407.75
4592,92,2,2025-02-02 05:10:00,PAGADA,163524.00
4593,93,3,2025-02-02 05:20:00,PAGADA,41292.75
4594,94,4,2025-02-02 05:30:00,PAGADA,83409.00
4595,95,5,2025-02-02 05:40:00,CREADA,126348.75
4596,96,6,2025-02-02 05:50:00,PAGADA,170112.00
4597,97,7,2025-02-02 06:00:00,PAGADA,42939.75
4598,98,8,2025-02-02 06:10:00,PAGADA,86703.00
4599,99,9,2025-02-02 06:20:00,PAGADA,131289.75
4600,100,10,2025-02-02 06:30:00,CREADA,176700.00
4601,101,1,2025-02-02 06:40:00,PAGADA,3411.75
4602,102,2,2025-02-02 06:50:00,PAGADA,7647.00
4603,103,3,2025-02-02 07:00:00,PAGADA,12705.75
4604,104,4,2025-02-02 07:10:00,PAGADA,18588.00
4605,105,5,2025-02-02 07:20:00,CREADA,5058.75
4606,106,6,2025-02-02 07:30:00,PAGADA,10941.00
4607,107,7,2025-02-02 07:40:00,PAGADA,17646.75
4608,108,8,2025-02-02 07:50:00,PAGADA,25176.00
4609,109,9,2025-02-02 08:00:00,PAGADA,6705.75
4610,110,10,2025-02-02 08:10:00,CREADA,14235.00
4611,111,1,2025-02-02 08:20:00,PAGADA,22587.75
4612,112,2,2025-02-02 08:30:00,PAGADA,31764.00
4613,113,3,2025-02-02 08:40:00,PAGADA,8352.75
4614,114,4,2025-02-02 08:50:00,PAGADA,17529.00
4615,115,5,2025-02-02 09:00:00,CREADA,27528.75
4616,116,6,2025-02-02 09:10:00,PAGADA,38352.00
4617,117,7,2025-02-02 09:20:00,PAGADA,9999.75
4618,118,8,2025-02-02 09:30:00,PAGADA,20823.00
4619,119,9,2025-02-02 09:40:00,PAGADA,32469.75
4620,120,10,2025-02-02 09:50:00,ANULADA,44940.00
4621,121,1,2025-02-02 10:00:00,PAGADA,11646.75
4622,122,2,2025-02-02 10:10:00,PAGADA,24117.00
4623,123,3,2025-02-02 10:20:00,PAGADA,37410.75
4624,124,4,2025-02-02 10:30:00,PAGADA,51528.00
4625,125,5,2025-02-02 10:40:00,CREADA,13293.75
4626,126,6,2025-02-02 10:50:00,PAGADA,27411.00
4627,127,7,2025-02-02 11:00:00,PAGADA,42351.75
4628,128,8,2025-02-02 11:10:00,PAGADA,58116.00
4629,129,9,2025-02-02 11:20:00,PAGADA,14940.75
4630,130,10,2025-02-02 11:30:00,CREADA,30705.00
4631,131,1,2025-02-02 11:40:00,PAGADA,47292.75
4632,132,2,2025-02-02 11:50:00,PAGADA,64704.00
4633,133,3,2025-02-02 12:00:00,PAGADA,16587.75
4634,134,4,2025-02-02 12:10:00,PAGADA,33999.00
4635,135,5,2025-02-02 12:20:00,CREADA,52233.75
4636,136,6,2025-02-02 12:30:00,PAGADA,71292.00
4637,137,7,2025-02-02 12:40:00,PAGADA,18234.75
4638,138,8,2025-02-02 12:50:00,PAGADA,37293.00
4639,139,9,2025-02-02 13:00:00,PAGADA,57174.75
4640,140,10,2025-02-02 13:10:00,CREADA,77880.00
4641,141,1,2025-02-02 13:20:00,PAGADA,19881.75
4642,142,2,2025-02-02 13:30:00,PAGADA,40587.00
4643,143,3,2025-02-02 13:40:00,PAGADA,62115.75
4644,144,4,2025-02-02 13:50:00,PAGADA,84468.00
4645,145,5,2025-02-02 14:00:00,CREADA,21528.75
4646,146,6,2025-02-02 14:10:00,PAGADA,43881.00
4647,147,7,2025-02-02 14:20:00,PAGADA,67056.75
4648,148,8,2025-02-02 14:30:00,PAGADA,91056.00
4649,149,9,2025-02-02 14:40:00,PAGADA,23175.75
4650,150,10,2025-02-02 14:50:00,ANULADA,47175.00
4651,151,1,2025-02-02 15:00:00,PAGADA,71997.75
4652,152,2,2025-02-02 15:10:00,PAGADA,97644.00
4653,153,3,2025-02-02 15:20:00,PAGADA,24822.75
4654,154,4,2025-02-02 15:30:00,PAGADA,50469.00
4655,155,5,2025-02-02 15:40:00,CREADA,76938.75
4656,156,6,2025-02-02 15:50:00,PAGADA,104232.00
4657,157,7,2025-02-02 16:00:00,PAGADA,26469.75
4658,158,8,2025-02-02 16:10:00,PAGADA,53763.00
4659,159,9,2025-02-02 16:20:00,PAGADA,81879.75
4660,160,10,2025-02-02 16:30:00,CREADA,110820.00
4661,161,1,2025-02-02 16:40:00,PAGADA,28116.75
4662,162,2,2025-02-02 16:50:00,PAGADA,57057.00
4663,163,3,2025-02-02 17:00:00,PAGADA,86820.75
4664,164,4,2025-02-02 17:10:00,PAGADA,117408.00
4665,165,5,2025-02-02 17:20:00,CREADA,29763.75
4666,166,6,2025-02-02 17:30:00,PAGADA,60351.00
4667,167,7,2025-02-02 17:40:00,PAGADA,91761.75
4668,168,8,2025-02-02 17:50:00,PAGADA,123996.00
4669,169,9,2025-02-02 18:00:00,PAGADA,31410.75
4670,170,10,2025-02-02 18:10:00,CREADA,63645.00
4671,171,1,2025-02-02 18:20:00,PAGADA,96702.75
4672,172,2,2025-02-02 18:30:00,PAGADA,130584.00
4673,173,3,2025-02-02 18:40:00,PAGADA,33057.75
4674,174,4,2025-02-02 18:50:00,PAGADA,66939.00
4675,175,5,2025-02-02 19:00:00,CREADA,101643.75
4676,176,6,2025-02-02 19:10:00,PAGADA,137172.00
4677,177,7,2025-02-02 19:20:00,PAGADA,34704.75
4678,178,8,2025-02-02 19:30:00,PAGADA,70233.00
4679,179,9,2025-02-02 19:40:00,PAGADA,106584.75
4680,180,10,2025-02-02 19:50:00,ANULADA,143760.00
4681,181,1,2025-02-02 20:00:00,PAGADA,36351.75
4682,182,2,2025-02-02 20:10:00,PAGADA,73527.00
4683,183,3,2025-02-02 20:20:00,PAGADA,111525.75
4684,184,4,2025-02-02 20:30:00,PAGADA,150348.00
4685,185,5,2025-02-02 20:40:00,CREADA,37998.75
4686,186,6,2025-02-02 20:50:00,PAGADA,76821.00
4687,187,7,2025-02-02 21:00:00,PAGADA,116466.75
4688,188,8,2025-02-02 21:10:00,PAGADA,156936.00
4689,189,9,2025-02-02 21:20:00,PAGADA,39645.75
4690,190,10,2025-02-02 21:30:00,CREADA,80115.00
4691,191,1,2025-02-02 21:40:00,PAGADA,121407.75
4692,192,2,2025-02-02 21:50:00,PAGADA,163524.00
4693,193,3,2025-02-02 22:00:00,PAGADA,41292.75
4694,194,4,2025-02-02 22:10:00,PAGADA,83409.00
4695,195,5,2025-02-02 22:20:00,CREADA,126348.75
4696,196,6,2025-02-02 22:30:00,PAGADA,170112.00
4697,197,7,2025-02-02 22:40:00,PAGADA,42939.75
4698,198,8,2025-02-02 22:50:00,PAGADA,86703.00
4699,199,9,2025-02-02 23:00:00,PAGADA,131289.75
4700,200,10,2025-02-02 23:10:00,CREADA,176700.00
4701,201,1,2025-02-02 23:20:00,PAGADA,3411.75
4702,202,2,2025-02-02 23:30:00,PAGADA,7647.00
4703,203,3,2025-02-02 23:40:00,PAGADA,12705.75
4704,204,4,2025-02-02 23:50:00,PAGADA,18588.00
4705,205,5,2025-02-03 00:00:00,CREADA,5058.75
4706,206,6,2025-02-03 00:10:00,PAGADA,10941.00
4707,207,7,2025-02-03 00:20:00,PAGADA,17646.75
4708,208,8,2025-02-03 00:30:00,PAGADA,25176.00
4709,209,9,2025-02-03 00:40:00,PAGADA,6705.75
4710,210,10,2025-02-03 00:50:00,ANULADA,14235.00
4711,211,1,2025-02-03 01:00:00,PAGADA,22587.75
4712,212,2,2025-02-03 01:10:00,PAGADA,31764.00
4713,213,3,2025-02-03 01:20:00,PAGADA,8352.75
4714,214,4,2025-02-03 01:30:00,PAGADA,17529.00
4715,215,5,2025-02-03 01:40:00,CREADA,27528.75
4716,216,6,2025-02-03 01:50:00,PAGADA,38352.00
4717,217,7,2025-02-03 02:00:00,PAGADA,9999.75
4718,218,8,2025-02-03 02:10:00,PAGADA,20823.00
4719,219,9,2025-02-03 02:20:00,PAGADA,32469.75
4720,220,10,2025-02-03 02:30:00,CREADA,44940.00
4721,221,1,2025-02-03 02:40:00,PAGADA,11646.75
4722,222,2,2025-02-03 02:50:00,PAGADA,24117.00
4723,223,3,2025-02-03 03:00:00,PAGADA,37410.75
4724,224,4,2025-02-03 03:10:00,PAGADA,51528.00
4725,225,5,2025-02-03 03:20:00,CREADA,13293.75
4726,226,6,2025-02-03 03:30:00,PAGADA,27411.00
4727,227,7,2025-02-03 03:40:00,PAGADA,42351.75
4728,228,8,2025-02-03 03:50:00,PAGADA,58116.00
4729,229,9,2025-02-03 04:00:00,PAGADA,14940.75
4730,230,10,2025-02-03 04:10:00,CREADA,30705.00
4731,231,1,2025-02-03 04:20:00,PAGADA,47292.75
4732,232,2,2025-02-03 04:30:00,PAGADA,64704.00
4733,233,3,2025-02-03 04:40:00,PAGADA,16587.75
4734,234,4,2025-02-03 04:50:00,PAGADA,33999.00
4735,235,5,2025-02-03 05:00:00,CREADA,52233.75
4736,236,6,2025-02-03 05:10:00,PAGADA,71292.00
4737,237,7,2025-02-03 05:20:00,PAGADA,18234.75
4738,238,8,2025-02-03 05:30:00,PAGADA,37293.00
4739,239,9,2025-02-03 05:40:00,PAGADA,57174.75
4740,240,10,2025-02-03 05:50:00,ANULADA,77880.00
4741,241,1,2025-02-03 06:00:00,PAGADA,19881.75
4742,242,2,2025-02-03 06:10:00,PAGADA,40587.00
4743,243,3,2025-02-03 06:20:00,PAGADA,62115.75
4744,244,4,2025-02-03 06:30:00,PAGADA,84468.00
4745,245,5,2025-02-03 06:40:00,CREADA,21528.75
4746,246,6,2025-02-03 06:50:00,PAGADA,43881.00
4747,247,7,2025-02-03 07:00:00,PAGADA,67056.75
4748,248,8,2025-02-03 07:10:00,PAGADA,91056.00
4749,249,9,2025-02-03 07:20:00,PAGADA,23175.75
4750,250,10,2025-02-03 07:30:00,CREADA,47175.00
4751,251,1,2025-02-03 07:40:00,PAGADA,71997.75
4752,252,2,2025-02-03 07:50:00,PAGADA,97644.00
4753,253,3,2025-02-03 08:00:00,PAGADA,24822.75
4754,254,4,2025-02-03 08:10:00,PAGADA,50469.00
4755,255,5,2025-02-03 08:20:00,CREADA,76938.75
4756,256,6,2025-02-03 08:30:00,PAGADA,104232.00
4757,257,7,2025-02-03 08:40:00,PAGADA,26469.75
4758,258,8,2025-02-03 08:50:00,PAGADA,53763.00
4759,259,9,2025-02-03 09:00:00,PAGADA,81879.75
4760,260,10,2025-02-03 09:10:00,CREADA,110820.00
4761,261,1,2025-02-03 09:20:00,PAGADA,28116.75
4762,262,2,2025-02-03 09:30:00,PAGADA,57057.00
4763,263,3,2025-02-03 09:40:00,PAGADA,86820.75
4764,264,4,2025-02-03 09:50:00,PAGADA,117408.00
4765,265,5,2025-02-03 10:00:00,CREADA,29763.75
4766,266,6,2025-02-03 10:10:00,PAGADA,60351.00
4767,267,7,2025-02-03 10:20:00,PAGADA,91761.75
4768,268,8,2025-02-03 10:30:00,PAGADA,123996.00
4769,269,9,2025-02-03 10:40:00,PAGADA,31410.75
4770,270,10,2025-02-03 10:50:00,ANULADA,63645.00
4771,271,1,2025-02-03 11:00:00,PAGADA,96702.75
4772,272,2,2025-02-03 11:10:00,PAGADA,130584.00
4773,273,3,2025-02-03 11:20:00,PAGADA,33057.75
4774,274,4,2025-02-03 11:30:00,PAGADA,66939.00
4775,275,5,2025-02-03 11:40:00,CREADA,101643.75
4776,276,6,2025-02-03 11:50:00,PAGADA,137172.00
4777,277,7,2025-02-03 12:00:00,PAGADA,34704.75
4778,278,8,2025-02-03 12:10:00,PAGADA,70233.00
4779,279,9,2025-02-03 12:20:00,PAGADA,106584.75
4780,280,10,2025-02-03 12:30:00,CREADA,143760.00
4781,281,1,2025-02-03 12:40:00,PAGADA,36351.75
4782,282,2,2025-02-03 12:50:00,PAGADA,73527.00
4783,283,3,2025-02-03 13:00:00,PAGADA,111525.75
4784,284,4,2025-02-03 13:10:00,PAGADA,150348.00
4785,285,5,2025-02-03 13:20:00,CREADA,37998.75
4786,286,6,2025-02-03 13:30:00,PAGADA,76821.00
4787,287,7,2025-02-03 13:40:00,PAGADA,116466.75
4788,288,8,2025-02-03 13:50:00,PAGADA,156936.00
4789,289,9,2025-02-03 14:00:00,PAGADA,39645.75
4790,290,10,2025-02-03 14:10:00,CREADA,80115.00
4791,291,1,2025-02-03 14:20:00,PAGADA,121407.75
4792,292,2,2025-02-03 14:30:00,PAGADA,163524.00
4793,293,3,2025-02-03 14:40:00,PAGADA,41292.75
4794,294,4,2025-02-03 14:50:00,PAGADA,83409.00
4795,295,5,2025-02-03 15:00:00,CREADA,126348.75
4796,296,6,2025-02-03 15:10:00,PAGADA,170112.00
4797,297,7,2025-02-03 15:20:00,PAGADA,42939.75
4798,298,8,2025-02-03 15:30:00,PAGADA,86703.00
4799,299,9,2025-02-03 15:40:00,PAGADA,131289.75
4800,300,10,2025-02-03 15:50:00,ANULADA,176700.00
4801,301,1,2025-02-03 16:00:00,PAGADA,3411.75
4802,302,2,2025-02-03 16:10:00,PAGADA,7647.00
4803,303,3,2025-02-03 16:20:00,PAGADA,12705.75
4804,304,4,2025-02-03 16:30:00,PAGADA,18588.00
4805,305,5,2025-02-03 16:40:00,CREADA,5058.75
4806,306,6,2025-02-03 16:50:00,PAGADA,10941.00
4807,307,7,2025-02-03 17:00:00,PAGADA,17646.75
4808,308,8,2025-02-03 17:10:00,PAGADA,25176.00
4809,309,9,2025-02-03 17:20:00,PAGADA,6705.75
4810,310,10,2025-02-03 17:30:00,CREADA,14235.00
4811,311,1,2025-02-03 17:40:00,PAGADA,22587.75
4812,312,2,2025-02-03 17:50:00,PAGADA,31764.00
4813,313,3,2025-02-03 18:00:00,PAGADA,8352.75
4814,314,4,2025-02-03 18:10:00,PAGADA,17529.00
4815,315,5,2025-02-03 18:20:00,CREADA,27528.75
4816,316,6,2025-02-03 18:30:00,PAGADA,38352.00
4817,317,7,2025-02-03 18:40:00,PAGADA,9999.75
4818,318,8,2025-02-03 18:50:00,PAGADA,20823.00
4819,319,9,2025-02-03 19:00:00,PAGADA,32469.75
4820,320,10,2025-02-03 19:10:00,CREADA,44940.00
4821,321,1,2025-02-03 19:20:00,PAGADA,11646.75
4822,322,2,2025-02-03 19:30:00,PAGADA,24117.00
4823,323,3,2025-02-03 19:40:00,PAGADA,37410.75
4824,324,4,2025-02-03 19:50:00,PAGADA,51528.00
4825,325,5,2025-02-03 20:00:00,CREADA,13293.75
4826,326,6,2025-02-03 20:10:00,PAGADA,27411.00
4827,327,7,2025-02-03 20:20:00,PAGADA,42351.75
4828,328,8,2025-02-03 20:30:00,PAGADA,58116.00
4829,329,9,2025-02-03 20:40:00,PAGADA,14940.75
4830,330,10,2025-02-03 20:50:00,ANULADA,30705.00
4831,331,1,2025-02-03 21:00:00,PAGADA,47292.75
4832,332,2,2025-02-03 21:10:00,PAGADA,64704.00
4833,333,3,2025-02-03 21:20:00,PAGADA,16587.75
4834,334,4,2025-02-03 21:30:00,PAGADA,33999.00
4835,335,5,2025-02-03 21:40:00,CREADA,52233.75
4836,336,6,2025-02-03 21:50:00,PAGADA,71292.00
4837,337,7,2025-02-03 22:00:00,PAGADA,18234.75
4838,338,8,2025-02-03 22:10:00,PAGADA,37293.00
4839,339,9,2025-02-03 22:20:00,PAGADA,57174.75
4840,340,10,2025-02-03 22:30:00,CREADA,77880.00
4841,341,1,2025-02-03 22:40:00,PAGADA,19881.75
4842,342,2,2025-02-03 22:50:00,PAGADA,40587.00
4843,343,3,2025-02-03 23:00:00,PAGADA,62115.75
4844,344,4,2025-02-03 23:10:00,PAGADA,84468.00
4845,345,5,2025-02-03 23:20:00,CREADA,21528.75
4846,346,6,2025-02-03 23:30:00,PAGADA,43881.00
4847,347,7,2025-02-03 23:40:00,PAGADA,67056.75
4848,348,8,2025-02-03 23:50:00,PAGADA,91056.00
4849,349,9,2025-02-04 00:00:00,PAGADA,23175.75
4850,350,10,2025-02-04 00:10:00,CREADA,47175.00
4851,351,1,2025-02-04 00:20:00,PAGADA,71997.75
4852,352,2,2025-02-04 00:30:00,PAGADA,97644.00
4853,353,3,2025-02-04 00:40:00,PAGADA,24822.75
4854,354,4,2025-02-04 00:50:00,PAGADA,50469.00
4855,355,5,2025-02-04 01:00:00,CREADA,76938.75
4856,356,6,2025-02-04 01:10:00,PAGADA,104232.00
4857,357,7,2025-02-04 01:20:00,PAGADA,26469.75
4858,358,8,2025-02-04 01:30:00,PAGADA,53763.00
4859,359,9,2025-02-04 01:40:00,PAGADA,81879.75
4860,360,10,2025-02-04 01:50:00,ANULADA,110820.00
4861,361,1,2025-02-04 02:00:00,PAGADA,28116.75
4862,362,2,2025-02-04 02:10:00,PAGADA,57057.00
4863,363,3,2025-02-04 02:20:00,PAGADA,86820.75
4864,364,4,2025-02-04 02:30:00,PAGADA,117408.00
4865,365,5,2025-02-04 02:40:00,CREADA,29763.75
4866,366,6,2025-02-04 02:50:00,PAGADA,60351.00
4867,367,7,2025-02-04 03:00:00,PAGADA,91761.75
4868,368,8,2025-02-04 03:10:00,PAGADA,123996.00
4869,369,9,2025-02-04 03:20:00,PAGADA,31410.75
4870,370,10,2025-02-04 03:30:00,CREADA,63645.00
4871,371,1,2025-02-04 03:40:00,PAGADA,96702.75
4872,372,2,2025-02-04 03:50:00,PAGADA,130584.00
4873,373,3,2025-02-04 04:00:00,PAGADA,33057.75
4874,374,4,2025-02-04 04:10:00,PAGADA,66939.00
4875,375,5,2025-02-04 04:20:00,CREADA,101643.75
4876,376,6,2025-02-04 04:30:00,PAGADA,137172.00
4877,377,7,2025-02-04 04:40:00,PAGADA,34704.75
4878,378,8,2025-02-04 04:50:00,PAGADA,70233.00
4879,379,9,2025-02-04 05:00:00,PAGADA,106584.75
4880,380,10,2025-02-04 05:10:00,CREADA,143760.00
4881,381,1,2025-02-04 05:20:00,PAGADA,36351.75
4882,382,2,2025-02-04 05:30:00,PAGADA,73527.00
4883,383,3,2025-02-04 05:40:00,PAGADA,111525.75
4884,384,4,2025-02-04 05:50:00,PAGADA,150348.00
4885,385,5,2025-02-04 06:00:00,CREADA,37998.75
4886,386,6,2025-02-04 06:10:00,PAGADA,76821.00
4887,387,7,2025-02-04 06:20:00,PAGADA,116466.75
4888,388,8,2025-02-04 06:30:00,PAGADA,156936.00
4889,389,9,2025-02-04 06:40:00,PAGADA,39645.75
4890,390,10,2025-02-04 06:50:00,ANULADA,80115.00
4891,391,1,2025-02-04 07:00:00,PAGADA,121407.75
4892,392,2,2025-02-04 07:10:00,PAGADA,163524.00
4893,393,3,2025-02-04 07:20:00,PAGADA,41292.75
4894,394,4,2025-02-04 07:30:00,PAGADA,83409.00
4895,395,5,2025-02-04 07:40:00,CREADA,126348.75
4896,396,6,2025-02-04 07:50:00,PAGADA,170112.00
4897,397,7,2025-02-04 08:00:00,PAGADA,42939.75
4898,398,8,2025-02-04 08:10:00,PAGADA,86703.00
4899,399,9,2025-02-04 08:20:00,PAGADA,131289.75
4900,400,10,2025-02-04 08:30:00,CREADA,176700.00
4901,401,1,2025-02-04 08:40:00,PAGADA,3411.75
4902,402,2,2025-02-04 08:50:00,PAGADA,7647.00
4903,403,3,2025-02-04 09:00:00,PAGADA,12705.75
4904,404,4,2025-02-04 09:10:00,PAGADA,18588.00
4905,405,5,2025-02-04 09:20:00,CREADA,5058.75
4906,406,6,2025-02-04 09:30:00,PAGADA,10941.00
4907,407,7,2025-02-04 09:40:00,PAGADA,17646.75
4908,408,8,2025-02-04 09:50:00,PAGADA,25176.00
4909,409,9,2025-02-04 10:00:00,PAGADA,6705.75
4910,410,10,2025-02-04 10:10:00,CREADA,14235.00
4911,411,1,2025-02-04 10:20:00,PAGADA,22587.75
4912,412,2,2025-02-04 10:30:00,PAGADA,31764.00
4913,413,3,2025-02-04 10:40:00,PAGADA,8352.75
4914,414,4,2025-02-04 10:50:00,PAGADA,17529.00
4915,415,5,2025-02-04 11:00:00,CREADA,27528.75
4916,416,6,2025-02-04 11:10:00,PAGADA,38352.00
4917,417,7,2025-02-04 11:20:00,PAGADA,9999.75
4918,418,8,2025-02-04 11:30:00,PAGADA,20823.00
4919,419,9,2025-02-04 11:40:00,PAGADA,32469.75
4920,420,10,2025-02-04 11:50:00,ANULADA,44940.00
4921,421,1,2025-02-04 12:00:00,PAGADA,11646.75
4922,422,2,2025-02-04 12:10:00,PAGADA,24117.00
4923,423,3,2025-02-04 12:20:00,PAGADA,37410.75
4924,424,4,2025-02-04 12:30:00,PAGADA,51528.00
4925,425,5,2025-02-04 12:40:00,CREADA,13293.75
4926,426,6,2025-02-04 12:50:00,PAGADA,27411.00
4927,427,7,2025-02-04 13:00:00,PAGADA,42351.75
4928,428,8,2025-02-04 13:10:00,PAGADA,58116.00
4929,429,9,2025-02-04 13:20:00,PAGADA,14940.75
4930,430,10,2025-02-04 13:30:00,CREADA,30705.00
4931,431,1,2025-02-04 13:40:00,PAGADA,47292.75
4932,432,2,2025-02-04 13:50:00,PAGADA,64704.00
4933,433,3,2025-02-04 14:00:00,PAGADA,16587.75
4934,434,4,2025-02-04 14:10:00,PAGADA,33999.00
4935,435,5,2025-02-04 14:20:00,CREADA,52233.75
4936,436,6,2025-02-04 14:30:00,PAGADA,71292.00
4937,437,7,2025-02-04 14:40:00,PAGADA,18234.75
4938,438,8,2025-02-04 14:50:00,PAGADA,37293.00
4939,439,9,2025-02-04 15:00:00,PAGADA,57174.75
4940,440,10,2025-02-04 15:10:00,CREADA,77880.00
4941,441,1,2025-02-04 15:20:00,PAGADA,19881.75
4942,442,2,2025-02-04 15:30:00,PAGADA,40587.00
4943,443,3,2025-02-04 15:40:00,PAGADA,62115.75
4944,444,4,2025-02-04 15:50:00,PAGADA,84468.00
4945,445,5,2025-02-04 16:00:00,CREADA,21528.75
4946,446,6,2025-02-04 16:10:00,PAGADA,43881.00
4947,447,7,2025-02-04 16:20:00,PAGADA,67056.75
4948,448,8,2025-02-04 16:30:00,PAGADA,91056.00
4949,449,9,2025-02-04 16:40:00,PAGADA,23175.75
4950,450,10,2025-02-04 16:50:00,ANULADA,47175.00
4951,451,1,2025-02-04 17:00:00,PAGADA,71997.75
4952,452,2,2025-02-04 17:10:00,PAGADA,97644.00
4953,453,3,2025-02-04 17:20:00,PAGADA,24822.75
4954,454,4,2025-02-04 17:30:00,PAGADA,50469.00
4955,455,5,2025-02-04 17:40:00,CREADA,76938.75
4956,456,6,2025-02-04 17:50:00,PAGADA,104232.00
4957,457,7,2025-02-04 18:00:00,PAGADA,26469.75
4958,458,8,2025-02-04 18:10:00,PAGADA,53763.00
4959,459,9,2025-02-04 18:20:00,PAGADA,81879.75
4960,460,10,2025-02-04 18:30:00,CREADA,110820.00
4961,461,1,2025-02-04 18:40:00,PAGADA,28116.75
4962,462,2,2025-02-04 18:50:00,PAGADA,57057.00
4963,463,3,2025-02-04 19:00:00,PAGADA,86820.75
4964,464,4,2025-02-04 19:10:00,PAGADA,117408.00
4965,465,5,2025-02-04 19:20:00,CREADA,29763.75
4966,466,6,2025-02-04 19:30:00,PAGADA,60351.00
4967,467,7,2025-02-04 19:40:00,PAGADA,91761.75
4968,468,8,2025-02-04 19:50:00,PAGADA,123996.00
4969,469,9,2025-02-04 20:00:00,PAGADA,31410.75
4970,470,10,2025-02-04 20:10:00,CREADA,63645.00
4971,471,1,2025-02-04 20:20:00,PAGADA,96702.75
4972,472,2,2025-02-04 20:30:00,PAGADA,130584.00
4973,473,3,2025-02-04 20:40:00,PAGADA,33057.75
4974,474,4,2025-02-04 20:50:00,PAGADA,66939.00
4975,475,5,2025-02-04 21:00:00,CREADA,101643.75
4976,476,6,2025-02-04 21:10:00,PAGADA,137172.00
4977,477,7,2025-02-04 21:20:00,PAGADA,34704.75
4978,478,8,2025-02-04 21:30:00,PAGADA,70233.00
4979,479,9,2025-02-04 21:40:00,PAGADA,106584.75
4980,480,10,2025-02-04 21:50:00,ANULADA,143760.00
4981,481,1,2025-02-04 22:00:00,PAGADA,36351.75
4982,482,2,2025-02-04 22:10:00,PAGADA,73527.00
4983,483,3,2025-02-04 22:20:00,PAGADA,111525.75
4984,484,4,2025-02-04 22:30:00,PAGADA,150348.00
4985,485,5,2025-02-04 22:40:00,CREADA,37998.75
4986,486,6,2025-02-04 22:50:00,PAGADA,76821.00
4987,487,7,2025-02-04 23:00:00,PAGADA,116466.75
4988,488,8,2025-02-04 23:10:00,PAGADA,156936.00
4989,489,9,2025-02-04 23:20:00,PAGADA,39645.75
4990,490,10,2025-02-04 23:30:00,CREADA,80115.00
4991,491,1,2025-02-04 23:40:00,PAGADA,121407.75
4992,492,2,2025-02-04 23:50:00,PAGADA,163524.00
4993,493,3,2025-02-05 00:00:00,PAGADA,41292.75
4994,494,4,2025-02-05 00:10:00,PAGADA,83409.00
4995,495,5,2025-02-05 00:20:00,CREADA,126348.75
4996,496,6,2025-02-05 00:30:00,PAGADA,170112.00
4997,497,7,2025-02-05 00:40:00,PAGADA,42939.75
4998,498,8,2025-02-05 00:50:00,PAGADA,86703.00
4999,499,9,2025-02-05 01:00:00,PAGADA,131289.75
5000,500,10,2025-02-05 01:10:00,CREADA,176700.00
